anzahl;vorname;geschlecht
144;Marie;w
140;Sophie;w
97;Maria;w
96;Alexander;m
72;Maximilian;m
61;Elias;m
59;Noah;m
59;Emilia;w
58;Charlotte;w
56;Anna;w
55;David;m
55;Jonas;m
55;Paul;m
54;Mia;w
52;Jan;m
51;Emma;w
51;Anton;m
50;Johanna;w
50;Jakob;m
46;Felix;m
45;Sophia;w
44;Katharina;w
42;Lina;w
38;Ben;m
38;Emil;m
38;Clara;w
37;Lukas;m
36;Lena;w
36;Jonathan;m
36;Leon;m
35;Philipp;m
34;Tim;m
33;Laura;w
33;Lea;w
33;Julian;m
32;Emily;w
31;Daniel;m
31;Julius;m
30;Ida;w
30;Julia;w
30;Mila;w
29;Elisabeth;w
29;Benjamin;m
29;Luise;w
29;Max;m
29;Niklas;m
28;Hanna;w
28;Luisa;w
28;Johannes;m
28;Leo;m
27;Fabian;m
27;Leonard;m
27;Vincent;m
26;Amelie;w
26;Hannah;w
26;Sofia;w
26;Finn;m
26;Johann;m
26;Moritz;m
25;Henri;m
25;Louis;m
24;Mathilda;w
24;Erik;m
23;Elisa;w
23;Marlene;w
23;Florian;m
23;Luca;m
23;Samuel;m
22;Greta;w
22;Leonie;w
22;Adam;m
22;Liam;m
21;Elif;w
21;Paula;w
21;Benedikt;m
21;Luis;m
21;Tom;m
20;Helena;w
20;Josephine;w
20;Victoria;w
20;Simon;m
20;Theo;m
19;Ella;w
19;Louisa;w
19;Mohamed;m
18;Sarah;w
18;Christian;m
18;Gabriel;m
18;Michael;m
18;Oskar;m
17;Lara;w
17;Nora;w
17;Constantin;m
17;Friedrich;m
17;Justus;m
17;Karl;m
17;Matthias;m
17;Milan;m
17;Theodor;m
16;Annika;w
16;Ferdinand;m
16;Henry;m
16;Mats;m
16;Maxim;m
16;Tobias;m
15;Elena;w
15;Eva;w
15;Isabella;w
15;Josefine;w
15;Leni;w
15;Joel;m
15;Konstantin;m
15;Levi;m
15;Valentin;m
14;Amira;w
14;Antonia;w
14;Frieda;w
14;Lotta;w
14;Nele;w
14;Pia;w
14;Ali;m
14;Carl;m
14;Frederik;m
14;Jonah;m
14;Joshua;m
14;Lennart;m
14;Linus;m
14;Ole;m
13;Elise;w
13;Franziska;w
13;Helene;w
13;Lia;w
13;Matilda;w
13;Georg;m
13;Sebastian;m
12;Amalia;w
12;Carla;w
12;Carlotta;w
12;Isabel;w
12;Maya;w
12;Theresa;w
12;Lennard;m
12;Luke;m
12;Mattis;m
12;Nils;m
12;Peter;m
12;Raphael;m
11;Alexandra;w
11;Fiona;w
11;Frida;w
11;Lilly;w
11;Maja;w
11;Merle;w
11;Mira;w
11;Sara;w
11;Valentina;w
11;Aaron;m
11;Adrian;m
11;Amin;m
11;Fynn;m
11;Jasper;m
11;Josef;m
11;Malik;m
11;Matteo;m
11;Mohammed;m
11;Timo;m
10;Amelia;w
10;Anastasia;w
10;Emely;w
10;Lisa;w
10;Lucia;w
10;Paulina;w
10;Pauline;w
10;Sina;w
10;Tilda;w
10;Hamza;m
10;Ibrahim;m
10;Lucas;m
10;Noel;m
10;Philip;m
10;Wilhelm;m
9;Amina;w
9;Ava;w
9;Isabelle;w
9;Melina;w
9;Miriam;w
9;Sofie;w
9;Andreas;m
9;Can;m
9;Jannis;m
9;Jona;m
9;Lasse;m
9;Manuel;m
9;Martin;m
9;Nick;m
9;Rafael;m
9;Robert;m
9;Till;m
9;Titus;m
8;Barbara;w
8;Diana;w
8;Jana;w
8;Jasmin;w
8;Joleen;w
8;Luna;w
8;Melissa;w
8;Nina;w
8;Romy;w
8;Rosa;w
8;Rose;w
8;Teresa;w
8;Zoe;w
8;Bruno;m
8;Emilio;m
8;Hassan;m
8;Kilian;m
8;Levin;m
8;Marc;m
8;Michel;m
8;Mika;m
8;Muhammed;m
8;Nicolas;m
8;Omar;m
8;Rayan;m
8;Robin;m
8;Thomas;m
8;Yusuf;m
7;Alina;w
7;Angelina;w
7;Aurelia;w
7;Caroline;w
7;Christina;w
7;Emilie;w
7;Florentine;w
7;Jule;w
7;Juli;w
7;Julie;w
7;Luana;w
7;Margarete;w
7;Mariam;w
7;Marla;w
7;Martha;w
7;Medina;w
7;Rosalie;w
7;Stella;w
7;Zeynep;w
7;Arthur;m
7;Artur;m
7;Benedict;m
7;Christoph;m
7;Damian;m
7;Dominik;m
7;Franz;m
7;Fritz;m
7;Ilias;m
7;Konrad;m
7;Leonardo;m
7;Leopold;m
7;Magnus;m
7;Mustafa;m
7;Oliver;m
7;Sam;m
6;Annabelle;w
6;Anouk;w
6;Fatima;w
6;Felicitas;w
6;Freya;w
6;Grace;w
6;Karlotta;w
6;Kristin;w
6;Liana;w
6;Lotte;w
6;Madita;w
6;Magdalena;w
6;Melek;w
6;Mina;w
6;Mona;w
6;Nur;w
6;Ronja;w
6;Thea;w
6;Albert;m
6;Amir;m
6;Arne;m
6;Clemens;m
6;Elyas;m
6;Hannes;m
6;Hendrik;m
6;Jacob;m
6;Kai;m
6;Kian;m
6;Lars;m
6;Mateo;m
6;Mathis;m
6;Mohammad;m
6;Nico;m
6;Nikita;m
6;Richard;m
6;Selim;m
6;Silas;m
6;Viktor;m
6;William;m
6;Yassin;m
6;Ömer;m
5;Alessia;w
5;Anni;w
5;Carolin;w
5;Celina;w
5;Christin;w
5;Elsa;w
5;Friederike;w
5;Hira;w
5;Jessica;w
5;Klara;w
5;Leyla;w
5;Lilli;w
5;Liv;w
5;Louise;w
5;Lynn;w
5;Malin;w
5;Mara;w
5;Mariella;w
5;Marlena;w
5;Milena;w
5;Noemi;w
5;Tamina;w
5;Tessa;w
5;Viktoria;w
5;Zoé;w
5;Ahmed;m
5;Antonio;m
5;Ayman;m
5;Berat;m
5;Christopher;m
5;Enno;m
5;Gustav;m
5;Henrik;m
5;Jamie;m
5;Joachim;m
5;John;m
5;Kaan;m
5;Leander;m
5;Leonhard;m
5;Lias;m
5;Malte;m
5;Marcel;m
5;Marlon;m
5;Marvin;m
5;Miran;m
5;Muhammad;m
5;Nathan;m
5;Sami;m
5;Stefan;m
5;Ulrich;m
5;Victor;m
5;Yasin;m
5;Younes;m
5;Yunus;m
4;Adele;w
4;Alice;w
4;Alma;w
4;Alva;w
4;Annabel;w
4;Aylin;w
4;Cecilia;w
4;Celine;w
4;Chiara;w
4;Christine;w
4;Dana;w
4;Daria;w
4;Dina;w
4;Edith;w
4;Elina;w
4;Enna;w
4;Erika;w
4;Esila;w
4;Esther;w
4;Hana;w
4;Isabell;w
4;Janna;w
4;Jette;w
4;Jolie;w
4;Jonna;w
4;Kira;w
4;Lana;w
4;Leah;w
4;Lene;w
4;Ahmad;m
4;Linda;w
4;Alessio;m
4;Lou;w
4;Antonius;m
4;Lucy;w
4;Caspar;m
4;Marleen;w
4;Collin;m
4;Maryam;w
4;Conner;m
4;Mathilde;w
4;Efe;m
4;Michelle;w
4;Elia;m
4;Milana;w
4;Eliah;m
4;Nathalie;w
4;Emin;m
4;Nelly;w
4;Emre;m
4;Nicole;w
4;Enes;m
4;Nika;w
4;Ensar;m
4;noch;w
4;Frederick;m
4;Olivia;w
4;Gerhard;m
4;Philippa;w
4;Gregor;m
4;Salma;w
4;Ilja;m
4;Selin;w
4;Ilyas;m
4;Selina;w
4;Janne;m
4;Soraya;w
4;Jayden;m
4;Valeria;w
4;Jerome;m
4;Valerie;w
4;Joseph;m
4;Yara;w
4;Kenan;m
4;Yaren;w
4;Leif;m
4;Lenny;m
4;Lorenz;m
4;Ludwig;m
4;Luka;m
4;Maik;m
4;Maria;m
4;Mario;m
4;Marius;m
4;Mike;m
4;Milo;m
4;Nikolas;m
4;Patrick;m
4;Raffael;m
4;Roman;m
4;Semih;m
4;Willem;m
4;Youssef;m
3;Ada;w
3;Aimen;w
3;Alameen;w
3;Alba;w
3;Alexa;w
3;Alicia;w
3;Alisa;w
3;Alissa;w
3;Amal;w
3;Amy;w
3;Amélie;w
3;Andrea;w
3;Anissa;w
3;Annabell;w
3;Anne;w
3;Annelie;w
3;Annemarie;w
3;Arina;w
3;Abdullah;m
3;Ashley;w
3;Ahmet;m
3;Asya;w
3;Alessandro;m
3;Ayla;w
3;Alvin;m
3;Beyza;w
3;Amadeus;m
3;Brigitte;w
3;Anas;m
3;Carolina;w
3;Ansgar;m
3;Daniela;w
3;Aras;m
3;Dilara;w
3;Aris;m
3;Ela;w
3;Arnold;m
3;Eleni;w
3;August;m
3;Eleonora;w
3;Aurel;m
3;Emelie;w
3;Bastian;m
3;Emmi;w
3;Bela;m
3;Flora;w
3;Bernard;m
3;Gabriele;w
3;Carlo;m
3;Havin;w
3;Dario;m
3;Hazal;w
3;Dennis;m
3;Henriette;w
3;Dylan;m
3;Hermine;w
3;Elian;m
3;Hildegard;w
3;Emilian;m
3;Holly;w
3;Ernst;m
3;Hope;w
3;Eymen;m
3;Ines;w
3;Francesco;m
3;Ingrid;w
3;Frank;m
3;Irma;w
3;Giuliano;m
3;Jannat;w
3;Günter;m
3;Juliane;w
3;Harun;m
3;Karla;w
3;Heinrich;m
3;Karolina;w
3;Hermann;m
3;Kate;w
3;Hubert;m
3;keinen;w
3;Ian;m
3;Leana;w
3;Ismael;m
3;Leandra;w
3;Ismail;m
3;Lenja;w
3;Jano;m
3;Lieselotte;w
3;Jari;m
3;Lilian;w
3;Jaron;m
3;Lilith;w
3;Johan;m
3;Linnea;w
3;Joris;m
3;Liya;w
3;Juan;m
3;Lola;w
3;Jürgen;m
3;Lucie;w
3;Karim;m
3;Luka;w
3;Kaspar;m
3;Lydia;w
3;Kaya;m
3;Mailin;w
3;Lennox;m
3;Malou;w
3;Leonas;m
3;Margareta;w
3;Leonidas;m
3;Marianne;w
3;Lio;m
3;Marielle;w
3;Lutz;m
3;Marwa;w
3;Marco;m
3;Melody;w
3;Markus;m
3;Meryem;w
3;Matija;m
3;Milla;w
3;Maurice;m
3;Mohamed;w
3;Merlin;m
3;Neele;w
3;Metehan;m
3;Safiya;w
3;Muhamed;m
3;Samira;w
3;Muhamet;m
3;Sena;w
3;Nathanael;m
3;Sonja;w
3;Neo;m
3;Susanne;w
3;Nicklas;m
3;Tara;w
3;Niko;m
3;Tuana;w
3;Noyan;m
3;Vanessa;w
3;Pepe;m
3;Vera;w
3;Phil;m
3;Vornamen;w
3;Salim;m
3;Yuna;w
3;Salvatore;m
3;Zoë;w
3;Siegfried;m
3;Sinan;m
3;Singh;m
3;Til;m
3;Toni;m
3;Werner;m
3;Wolfgang;m
3;Yannick;m
3;Yavuz;m
3;Yoann;m
3;Yusef;m
2;Aaliyah;w
2;Abdullah;w
2;Adea;w
2;Adelheid;w
2;Agnetha;w
2;Aicha;w
2;Aimée;w
2;Alaa;w
2;Alae;w
2;Alea;w
2;Alena;w
2;;m
2;Alia;w
2;Abdulhamid;m
2;Alica;w
2;Adem;m
2;Aline;w
2;Adnan;m
2;Aliya;w
2;Agon;m
2;Amilia;w
2;Alain;m
2;An;w
2;Alan;m
2;Ana;w
2;Aleksander;m
2;Angelika;w
2;Alex;m
2;Ann;w
2;Alexandru;m
2;Anna-Lena;w
2;Aljoscha;m
2;Annie;w
2;Andrej;m
2;Aria;w
2;Anis;m
2;Ariana;w
2;Aran;m
2;Astrid;w
2;Arel;m
2;Aurora;w
2;Arik;m
2;Carina;w
2;Armando;m
2;Catharina;w
2;Aron;m
2;Ceren;w
2;Artjom;m
2;Claire;w
2;Arvid;m
2;Clementine;w
2;Asaf;m
2;Dalya;w
2;Ayoub;m
2;Dania;w
2;Azad;m
2;Darina;w
2;Bas;m
2;Defne;w
2;Batu;m
2;Dunja;w
2;Berkay;m
2;Ebba;w
2;Bjarne;m
2;Edda;w
2;Bryan;m
2;Elaine;w
2;Cedric;m
2;Elanur;w
2;Cem;m
2;Elene;w
2;Chris;m
2;Eleonore;w
2;Claudius;m
2;Eliana;w
2;Connor;m
2;Elida;w
2;Cornelius;m
2;Eliza;w
2;Damien;m
2;Ellen;w
2;Dante;m
2;Emila;w
2;Darian;m
2;Emine;w
2;Darius;m
2;Emmy;w
2;Dimitrov;m
2;Enie;w
2;Dion;m
2;Erin;w
2;Dorian;m
2;Evelina;w
2;Edgar;m
2;Ewa;w
2;Emanuel;m
2;Fabienne;w
2;Emile;m
2;Fatma;w
2;Emirhan;m
2;Fee;w
2;Endrit;m
2;Feline;w
2;Erdi;m
2;Feride;w
2;Ernest;m
2;Fernanda;w
2;Etienne;m
2;Filippa;w
2;Fabio;m
2;Florina;w
2;Fabrice;m
2;Franka;w
2;Falk;m
2;Frederike;w
2;Faris;m
2;Fritzi;w
2;Felipe;m
2;Gabriela;w
2;Fevzi;m
2;Gabriella;w
2;Finley;m
2;Galina;w
2;Franziskus;m
2;Giulia;w
2;François;m
2;Greetje;w
2;Frederic;m
2;Gurleen;w
2;Gereon;m
2;Hafsa;w
2;Gioele;m
2;Hala;w
2;Hans;m
2;Hanaa;w
2;Haroun;m
2;Hanne;w
2;Hasan;m
2;Hiba;w
2;Helmut;m
2;Houda;w
2;Herbert;m
2;Irene;w
2;Hugo;m
2;Isra;w
2;İbrahim;m
2;Jael;w
2;Igor;m
2;Joana;w
2;Ilai;m
2;Jolin;w
2;Ilian;m
2;Jolina;w
2;Immanuel;m
2;Jona;w
2;Immo;m
2;Josie;w
2;Isa;m
2;Joyce;w
2;Islam;m
2;Juna;w
2;Issa;m
2;Junia;w
2;Ivan;m
2;Katarina;w
2;Ivo;m
2;Kaur;w
2;Jaber;m
2;Kimberly;w
2;Jake;m
2;Ksenia;w
2;Jamal;m
2;Layan;w
2;Jani;m
2;Leonore;w
2;Janis;m
2;Letizia;w
2;Jannes;m
2;Liah;w
2;Jassim;m
2;Linea;w
2;Javier;m
2;Livia;w
2;Jean;m
2;Lorena;w
2;Jonte;m
2;Lucía;w
2;Jordan;m
2;Mai;w
2;Joschua;m
2;Maila;w
2;Joël;m
2;Maira;w
2;Junis;m
2;Malaika;w
2;Karlo;m
2;Malak;w
2;Kasimir;m
2;Malia;w
2;Kerem;m
2;Malina;w
2;Kerim;m
2;Margaret;w
2;Kirill;m
2;Margaretha;w
2;Klaus;m
2;Margarethe;w
2;Kurt;m
2;Marion;w
2;Laurent;m
2;Marisa;w
2;Laurentin;m
2;Martina;w
2;Laurenz;m
2;María;w
2;Lautaro;m
2;Matilde;w
2;Leandro;m
2;Mayla;w
2;Lenni;m
2;Maysa;w
2;Lian;m
2;Mayssa;w
2;Lion;m
2;Merit;w
2;Lorik;m
2;Milia;w
2;Luan;m
2;Minoo;w
2;Mailo;m
2;Molly;w
2;Manfred;m
2;Monika;w
2;Mannan;m
2;Nada;w
2;Mark;m
2;Naemi;w
2;Marten;m
2;Naima;w
2;Mathias;m
2;Naomi;w
2;Matias;m
2;Narin;w
2;Mattes;m
2;Natalie;w
2;Matthis;m
2;Naz;w
2;Matti;m
2;Nicola;w
2;Mattia;m
2;Patricia;w
2;Miguel;m
2;Philina;w
2;Mikail;m
2;Pina;w
2;Milian;m
2;Rae;w
2;Minh;m
2;Rieke;w
2;Mio;m
2;Riham;w
2;Mitja;m
2;Romayssa;w
2;Mohamad;m
2;Romina;w
2;Musa;m
2;Rosemarie;w
2;Navid;m
2;Ruth;w
2;Nepomuk;m
2;Sabrina;w
2;Nevio;m
2;Safia;w
2;Nicholas;m
2;Salima;w
2;Nicolai;m
2;Scarlett;w
2;Nik;m
2;Selma;w
2;Nikola;m
2;Seraphina;w
2;Nikolaos;m
2;Sharon;w
2;Nikolaus;m
2;Shirin;w
2;Omran;m
2;Sibel;w
2;Oscar;m
2;Stefanie;w
2;Philippe;m
2;Su;w
2;Phillip;m
2;Summer;w
2;Pierre;m
2;Sylvia;w
2;Piet;m
2;Talia;w
2;Quentin;m
2;Teodora;w
2;Raman;m
2;Vega;w
2;Rami;m
2;Veronika;w
2;Ramon;m
2;Viola;w
2;Reinhard;m
2;Viviana;w
2;Remo;m
2;Vivien;w
2;René;m
2;Wilhelmina;w
2;Rion;m
2;Wilma;w
2;Roland;m
2;Xenia;w
2;Ruben;m
2;Yasmin;w
2;Rudi;m
2;Yasmina;w
2;Rudolf;m
2;Zahra;w
2;Rustam;m
2;Zahraa;w
2;Rüdiger;m
2;Zainab;w
2;Saeed;m
2;Zehra;w
2;Salem;m
2;Zoey;w
2;Samu;m
2;Sascha;m
2;Severin;m
2;Shahan;m
2;Simeon;m
2;Soufian;m
2;Stephan;m
2;Sultan;m
2;Sören;m
2;Tammo;m
2;Tarik;m
2;Taylor;m
2;Thiago;m
2;Timm;m
2;Tjark;m
2;Tyler;m
2;Umut;m
2;Vitali;m
2;Vito;m
2;Wim;m
2;Wolf;m
2;Yaman;m
2;Yari;m
2;Yousef;m
2;Yuri;m
2;Zayd;m
2;Çınar;m
1;Aadelah;w
1;Aaliah;w
1;Aalimah;w
1;Abby;w
1;Abdalla;w
1;Abdulatti;w
1;Adelina;w
1;Adelina-Emily;w
1;Adisa;w
1;Adriana;w
1;Advika;w
1;Afifa;w
1;Afnan;w
1;Agapi;w
1;Agnessa;w
1;Agnieszka;w
1;Agnès;w
1;Ahlem;w
1;Ahmed;w
1;Ailin;w
1;Aimad;w
1;Aisha;w
1;Aisosa;w
1;Ajla;w
1;Akari;w
1;Akorli;w
1;Akoun;w
1;Aayan;m
1;Alaaya;w
1;Abdalmalik;m
1;Alara;w
1;Abdalmuhaymin;m
1;Aleksandra;w
1;Abdel;m
1;Alenja;w
1;Abdelaziz;m
1;Alexandrova;w
1;Abdelmalik;m
1;Alexandrovna;w
1;Abdelrahim;m
1;Alexeevna;w
1;Abdi;m
1;Alexia;w
1;Abdirazak;m
1;Alexija;w
1;Abdollatif;m
1;Alexis;w
1;Abdoul;m
1;Aleyna;w
1;Abduladim;m
1;Alfia;w
1;Abdulaziz;m
1;Ali;w
1;Abdulkadir;m
1;Aliana;w
1;Abdulla;m
1;Alicja;w
1;Abdullahi;m
1;Alin;w
1;Abdulmunaem;m
1;Alinatwe;w
1;Abdur-Rahman;m
1;Alisha;w
1;Abdurahim;m
1;Alisyah;w
1;Abdurrahman;m
1;Aliyah-Marie;w
1;Abhignyaan;m
1;Aliyah-Zeliha;w
1;Abraham;m
1;Aliye;w
1;Abubakr;m
1;Allia;w
1;Adar;m
1;Almut;w
1;Adeng;m
1;Alwina;w
1;Adetokunbo;m
1;Alícia;w
1;Adriano;m
1;Amaia;w
1;Adrien;m
1;Amalie;w
1;Adrián;m
1;Amber;w
1;Agid;m
1;Ameena;w
1;Aidan;m
1;Amel;w
1;Ajeck;m
1;Ameli;w
1;Akant;m
1;Amely;w
1;Akif;m
1;Amra;w
1;Al;m
1;Amy-Sophie;w
1;Aland;m
1;Anahita;w
1;Alay;m
1;Anaiis;w
1;Albion;m
1;Anam;w
1;Alec;m
1;Ananda;w
1;Alejandro;m
1;Anaís;w
1;Aleksandar;m
1;Andjelina;w
1;Alen;m
1;Angela;w
1;Alesio;m
1;Angeyja;w
1;Alexandros;m
1;Aniela;w
1;Alfie;m
1;Anila;w
1;Alfons;m
1;Anisa;w
1;Alfonso;m
1;Anita;w
1;Alfred;m
1;Anja;w
1;Alikhan;m
1;Anjuli;w
1;Alistair;m
1;Anke;w
1;Aliyu;m
1;Anna-Carolina;w
1;Allan;m
1;Anna-Kathrin;w
1;Allen;m
1;Anna-Maria;w
1;Almir;m
1;Anna-Polyxenia;w
1;Alon;m
1;Anna-Sophia;w
1;Aloniab;m
1;Anna-Sophie;w
1;Alsultan;m
1;Annalena;w
1;Altin;m
1;Annaëlle;w
1;Alvar;m
1;Anne-Patrizia;w
1;Alwin;m
1;Annette;w
1;Aléjandro;m
1;Antonina;w
1;Amarin;m
1;Apollonia;w
1;Amaro;m
1;Arabella;w
1;Amilton;m
1;Arabelle;w
1;Ammar;m
1;Argona;w
1;Amon;m
1;Arin;w
1;Amos;m
1;Ariola;w
1;Ananda;m
1;Arisa;w
1;Anatoli;m
1;Aroha;w
1;Anders;m
1;Arya;w
1;Andi;m
1;Aryam;w
1;Andor;m
1;Arzu;w
1;Andre;m
1;Asante;w
1;Andrea;m
1;Aseel;w
1;Andrei;m
1;Asel;w
1;Andrzej;m
1;Ashinenyi;w
1;Anes;m
1;Asieva;w
1;Angelo;m
1;Asiye;w
1;Anik;m
1;Aslanovna;w
1;Anıl;m
1;Asma;w
1;Anouar;m
1;Assal;w
1;Ansel;m
1;Assiyah;w
1;Anselm;m
1;Assmaa;w
1;Ante;m
1;Assya;w
1;Antero;m
1;Athiyah;w
1;Anthony;m
1;Atugonza;w
1;Antonino;m
1;Augusta;w
1;Anuar;m
1;Augustina;w
1;Anusch;m
1;Augustine;w
1;Apo;m
1;Aurélie;w
1;Aramis;m
1;Austėja;w
1;Ares;m
1;Avaz;w
1;Argjend;m
1;Avigail;w
1;Arif;m
1;Avina;w
1;Arion;m
1;Aviva;w
1;Arkadius;m
1;Awa;w
1;Arkadiusz;m
1;Aya;w
1;Arman;m
1;Ayaat;w
1;Armanj;m
1;Ayan;w
1;Armin;m
1;Aybige;w
1;Armindo;m
1;Aybüke;w
1;Arp;m
1;Ayesha;w
1;Arsenij;m
1;Ayleen;w
1;Artin;m
1;Aylin-Fatma;w
1;Arya;m
1;Aylisha;w
1;Aryan;m
1;Ayoola;w
1;Asad;m
1;Ayse;w
1;Asim;m
1;Ayşe;w
1;Aslan;m
1;Azime;w
1;Asmir;m
1;Baffowaa;w
1;Assim;m
1;Bakhit;w
1;Atajevič;m
1;Baylee;w
1;Ateş;m
1;Beatrix;w
1;Atidzhe;m
1;Beatriz;w
1;Atiya;m
1;Bejna;w
1;Atlas;m
1;Belana;w
1;Aurelius;m
1;Bella;w
1;Aurin;m
1;Berenike;w
1;Avet;m
1;Berin;w
1;Aviel;m
1;Berranur;w
1;Awad;m
1;Berre;w
1;Awd;m
1;Berçem;w
1;Ayaz;m
1;Betty;w
1;Ayden;m
1;Betül;w
1;Aylan;m
1;Birgit;w
1;Aymen;m
1;Björna;w
1;Aymeric;m
1;Blanca;w
1;Azaldin;m
1;Blessing;w
1;Azamatovič;m
1;Bobo;w
1;Azar;m
1;Boglárka;w
1;Azubike;m
1;Bouchra;w
1;Bahri;m
1;Bousso;w
1;Baldur;m
1;Boyana;w
1;Balen;m
1;Bruni;w
1;Baran;m
1;Buna;w
1;Bassel;m
1;Butkus;w
1;Behanzin;m
1;Büşra;w
1;Behrend;m
1;Caecilia;w
1;Beien;m
1;Caelyn;w
1;Ben-Luca;m
1;Camilla;w
1;Bence;m
1;Cara;w
1;Bennet;m
1;Carlina;w
1;Benno;m
1;Carmel;w
1;Bent;m
1;Carmela;w
1;Bente;m
1;Carmenta;w
1;Berhat;m
1;Carola;w
1;Berke;m
1;Catalina;w
1;Berken;m
1;Catherine;w
1;Bernardo;m
1;Cattaleya;w
1;Bernd;m
1;Cattleya;w
1;Bernhard;m
1;Cecilie;w
1;Bero;m
1;Celena;w
1;Bianki;m
1;Celin;w
1;Bilim;m
1;Cemre;w
1;Birger;m
1;Ceyda;w
1;Biserov;m
1;Ceylin;w
1;Bjarni;m
1;Chaima;w
1;Björn;m
1;Charlaine-Gisele;w
1;Bo;m
1;Charlie;w
1;Bojidar;m
1;Charline;w
1;Borys;m
1;Chelsea;w
1;Boyde;m
1;Chenyu;w
1;Bran;m
1;Chiara-Marie;w
1;Bright;m
1;Chimdiebube;w
1;Brix;m
1;Chisom;w
1;Brkhodan;m
1;Chloé;w
1;Busharaia;m
1;Christa;w
1;Cadmael;m
1;Christien;w
1;Caeden;m
1;Christinè;w
1;Calixto;m
1;Ciara;w
1;Callum;m
1;Ciela;w
1;Can-Leon;m
1;Cilja;w
1;Carl-Ludwig;m
1;Clara-Marie;w
1;Carmelo;m
1;Claudia;w
1;Casper;m
1;Cleo;w
1;Cassian;m
1;Coco;w
1;Cayden;m
1;Cordula;w
1;Celian;m
1;Cyrine;w
1;Cemil;m
1;Daiana-Marie-Christiane;w
1;Chadi;m
1;Dajana;w
1;Charlie;m
1;Damaris;w
1;Charly;m
1;Dane;w
1;Chavdarov;m
1;Darja;w
1;Cheng;m
1;Davina;w
1;Chibuzor;m
1;Debora;w
1;Chinedu;m
1;Delia;w
1;Christian-Atanas;m
1;Delivan;w
1;Christof;m
1;Denissa;w
1;Christoffel;m
1;Denisse;w
1;Cihan;m
1;Deniz;w
1;Claas;m
1;Deren;w
1;Cody;m
1;Deria;w
1;Colin;m
1;Derin-Amine;w
1;Constantine;m
1;Destiny;w
1;Corentin;m
1;Devora;w
1;Cosimo;m
1;Deyana;w
1;Cristian;m
1;Diala;w
1;Cyrill;m
1;Diarra;w
1;Daan;m
1;Dias;w
1;Daimen-Tayler;m
1;Dila;w
1;Dalil;m
1;Dilay;w
1;Dan;m
1;Dimitrova;w
1;Danay;m
1;Djénab;w
1;Danial;m
1;Dlyar;w
1;Danilo;m
1;Dmitrievna;w
1;Danny;m
1;Dolsar;w
1;Dany;m
1;Donesa;w
1;Danyom;m
1;Donika;w
1;Dapaah;m
1;Dorothea;w
1;Darin;m
1;Dorothee;w
1;Dariush;m
1;Douaae;w
1;Dauod;m
1;Duha;w
1;Davide;m
1;Dārta;w
1;Davin;m
1;Ece;w
1;Davos;m
1;Ecem;w
1;Davud;m
1;Ecrin;w
1;Dawid;m
1;Eddin;w
1;Dawood;m
1;Edita;w
1;Dayan;m
1;Edona;w
1;Daytona;m
1;Efsun;w
1;De-Angelo;m
1;Eileen;w
1;Deaj;m
1;el;w
1;Dean;m
1;Elayne;w
1;Dejon;m
1;Elea;w
1;Delano;m
1;Elenora;w
1;Delorian;m
1;Eleonoré;w
1;Deniel;m
1;Eleyna;w
1;Derian;m
1;Elfida;w
1;Devan;m
1;Eliane-Nya;w
1;Devid;m
1;Elianne;w
1;Devran;m
1;Eline;w
1;Devrim;m
1;Elisa-Meryem;w
1;Dexin;m
1;Elisaweta;w
1;Dian;m
1;Elissa;w
1;Diego;m
1;Eliz-Nur;w
1;Dieter;m
1;Elizabeta;w
1;Dilnas;m
1;Elizan;w
1;Dilwar;m
1;Ella-Julie;w
1;Dima;m
1;Ella-Marie;w
1;Dirgan;m
1;Ellenore;w
1;Dirk;m
1;Ellida;w
1;Djossou;m
1;Ellina;w
1;Domenik;m
1;Elmas;w
1;Dominic;m
1;Elodie;w
1;Don;m
1;Elvira;w
1;Donat;m
1;Elyse;w
1;Doğukan;m
1;Elyssa;w
1;Durga;m
1;Elza;w
1;Eberhard;m
1;Emad;w
1;Ebhodaghe;m
1;Eman;w
1;Eckard;m
1;Emiglia;w
1;Edis;m
1;Emilia-Sophie;w
1;Edmond;m
1;Emily-Victoria;w
1;Edmund;m
1;Emma-Lou;w
1;Ednan;m
1;Emmaline;w
1;Eduardo;m
1;Emna;w
1;Edvin;m
1;Emy;w
1;Edward;m
1;Ena;w
1;Eesa;m
1;Ennie;w
1;Ege;m
1;Enya-Esmee;w
1;Egyir;m
1;Erina;w
1;Ektoras;m
1;Erna;w
1;El;m
1;Ernestine;w
1;Eleftherios;m
1;Eryu;w
1;Elie;m
1;Esma;w
1;Elija;m
1;Estelle;w
1;Elijah;m
1;Eva-Maria;w
1;Eljesah;m
1;Evelin;w
1;Elmin;m
1;Evija;w
1;Elson;m
1;Ezgi;w
1;Emad;m
1;Faatimah;w
1;Emilio-Jamal;m
1;Faith;w
1;Emir;m
1;Farah;w
1;Emrinho;m
1;Fatiha;w
1;Enea;m
1;Fatmeh;w
1;Eneas;m
1;Favour;w
1;Ennio;m
1;Favour-Ann;w
1;Enrico;m
1;Federica;w
1;Enver;m
1;Felice;w
1;Eray;m
1;Felicia;w
1;Eren;m
1;Felicita;w
1;Erhard;m
1;Felina;w
1;Eric;m
1;Felizia;w
1;Erich;m
1;Fenia;w
1;Ertugrul;m
1;Fenja;w
1;Ertuğrul;m
1;Ferdane;w
1;Ervin;m
1;Ferdous;w
1;Esrah;m
1;Fidan;w
1;Essam;m
1;Fidelia;w
1;Ethan;m
1;Filip;w
1;Evan;m
1;Filipa;w
1;Evert;m
1;Filomena;w
1;Evin;m
1;Finja;w
1;Evron;m
1;Finya;w
1;Eyüb;m
1;Flavia;w
1;Ezel;m
1;Fleur;w
1;Ezio;m
1;Florence;w
1;Ezved;m
1;Florica;w
1;Fadil;m
1;Florinda;w
1;Fahad;m
1;Fortuna;w
1;Faisal;m
1;Francesca;w
1;Fancisco;m
1;Freda;w
1;Farah;m
1;Freyja;w
1;Fardin;m
1;Fríða;w
1;Farhad;m
1;Fulya;w
1;Faruk;m
1;Gabrielle;w
1;Fatijon;m
1;Gemma;w
1;Faton;m
1;Georgieva;w
1;Felice;m
1;Geraldine;w
1;Ferhan;m
1;Gertrud;w
1;Fermín;m
1;Gesa;w
1;Feye;m
1;Geyla;w
1;Fiete;m
1;Giada;w
1;Fietje;m
1;Giovanna;w
1;Filip;m
1;Giselle;w
1;Filipe;m
1;Giuliana;w
1;Finian;m
1;Giuseppina;w
1;Finjas;m
1;gizi;w
1;Finlay;m
1;Gobertina;w
1;Finnlay;m
1;Golda;w
1;Firas;m
1;Goma;w
1;Fırat;m
1;Gudrun;w
1;Flavius;m
1;Gulistan;w
1;Florin;m
1;Gwenaëlle;w
1;Foin;m
1;Gwendolin;w
1;Fotios;m
1;Gülizar;w
1;Franz-Ferdinand;m
1;Gülten;w
1;Franz-Josef;m
1;Hadidja;w
1;Frieder;m
1;Hafasah;w
1;Fynn-Luca;m
1;Hailie;w
1;Gallus;m
1;Hajar;w
1;Gaspard;m
1;Hajrije;w
1;Gebril;m
1;Hale;w
1;George;m
1;Haleema;w
1;Georgi;m
1;Hanan;w
1;Georgios;m
1;Hanar;w
1;Gerlach;m
1;Hani;w
1;German;m
1;Hanna-Zohal;w
1;Gero;m
1;Hasan;w
1;Gerome;m
1;Hatice;w
1;Gerry;m
1;Havva;w
1;Gian-Ferres;m
1;Hayat;w
1;Gibran;m
1;Hazel;w
1;Gidado;m
1;Heba-Noor;w
1;Gideon;m
1;Hedwig;w
1;Gilles;m
1;Heidrun;w
1;Gino;m
1;Helen;w
1;Giovanni;m
1;Helga;w
1;Giulian;m
1;Helin;w
1;Gonçalo;m
1;Hellen;w
1;Gottfried;m
1;Helène;w
1;Gregory;m
1;Hemila;w
1;Gustaw;m
1;Henrietta;w
1;Gusti;m
1;Hevi;w
1;Guy;m
1;Hilde;w
1;Gyurgenov;m
1;Hina;w
1;Gyuseo;m
1;Hiranur;w
1;Gérard;m
1;Hiranur-Amine;w
1;Götz;m
1;Hiruni;w
1;Güney;m
1;Hivê;w
1;Hady;m
1;Huda;w
1;Hainer;m
1;Hussien;w
1;Hakki;m
1;Ibilola;w
1;Hamad;m
1;Ibrahim;w
1;Hamid;m
1;Ida-Marie;w
1;Hamzah;m
1;Ikhlas;w
1;Han;m
1;Ilayda-Sophie;w
1;Hanif;m
1;Ilina;w
1;Hannjörg;m
1;Iline;w
1;Hanns;m
1;Ilisha;w
1;Haoming;m
1;Ilsa;w
1;Haoyu;m
1;Ilse;w
1;Harald;m
1;Ilyama;w
1;Harry;m
1;Iman;w
1;Hawyar;m
1;Imogen;w
1;Hector;m
1;Ina;w
1;Hedi;m
1;Inas;w
1;Heiko;m
1;Indira-Marie;w
1;Hendrick;m
1;Inga;w
1;Henning;m
1;Ino;w
1;Henri-Louis;m
1;Inès;w
1;Henrich;m
1;Iolani;w
1;Henrique;m
1;Iona;w
1;Heri;m
1;İpek;w
1;Heribert;m
1;Irena;w
1;Hero;m
1;Iris;w
1;Heval;m
1;Isabel-Sophie;w
1;Hinrich;m
1;Isabeth;w
1;Hiram;m
1;Isalie;w
1;Hiro;m
1;Ivana;w
1;Homoud;m
1;Ivanova;w
1;Horatio;m
1;Ivelina;w
1;Hubertus;m
1;Ivonne;w
1;Husain;m
1;Iwona;w
1;Husam;m
1;Iza;w
1;Hussain;m
1;Izabella;w
1;Hysen;m
1;Jacqueline;w
1;Hüseyin;m
1;Jade;w
1;Hüseyin-Can;m
1;Jahfaya;w
1;Iass;m
1;Jalia;w
1;Ilan;m
1;Jamie-Lana;w
1;Ilay;m
1;Jamilia;w
1;Ilhomovič;m
1;Janie;w
1;Ilia;m
1;Janina;w
1;Iliya;m
1;Jannah;w
1;Imad;m
1;Janne;w
1;Iman;m
1;Jannett;w
1;Inti;m
1;Jantje;w
1;Ioan;m
1;Japjeet;w
1;Ioannis;m
1;Jaqueline;w
1;Ioannis-Raphail;m
1;Jara;w
1;Irfan;m
1;Jashall;w
1;Iring;m
1;Jasleen;w
1;Ishak;m
1;Jasmyn;w
1;Ismaeel;m
1;Jeanette;w
1;İsmail;m
1;Jeenan;w
1;Isuf;m
1;Jehona;w
1;Iwan;m
1;Jele;w
1;Izak;m
1;Jelena;w
1;Jabir;m
1;Jella;w
1;Jackson;m
1;Jil-Alexa;w
1;Jacques;m
1;Jin;w
1;Jacy;m
1;Jiya;w
1;Jadon;m
1;Jiyan;w
1;Jahan;m
1;Joanie;w
1;Jahn;m
1;Joanna;w
1;Jakub;m
1;Jodie;w
1;Jamaal;m
1;Joelle;w
1;James;m
1;Jolene;w
1;Jamil;m
1;Joline-Jasmin;w
1;Jamo;m
1;Jonathan;w
1;Jannik;m
1;Joni;w
1;Janosch;m
1;Josefin;w
1;Jarne;m
1;Josefina;w
1;Jarno;m
1;Josepha;w
1;Jaroslav;m
1;Josephie;w
1;Jarrell;m
1;José;w
1;Jasha;m
1;Jouhara;w
1;Javid;m
1;Joulie;w
1;Jay;m
1;Jovana;w
1;Jayvis-Pobeni;m
1;Joy;w
1;Jean-Paul;m
1;Juana;w
1;Jehoshua;m
1;Judi;w
1;Jens;m
1;Judith;w
1;Jeremie;m
1;Jula;w
1;Jeremy;m
1;Julia-Micaela;w
1;Jermaine;m
1;Juliana;w
1;Jeshua;m
1;Julieta;w
1;Jesper;m
1;Julika;w
1;Jesse;m
1;June;w
1;Jiezhuo;m
1;Juno;w
1;Jinan;m
1;Kadiatou;w
1;Joan;m
1;Kahya;w
1;Joas;m
1;Kaitlyn;w
1;Jodrie;m
1;Kala;w
1;Joe;m
1;Kalla;w
1;Joel-Louis;m
1;Karima;w
1;Johnathan;m
1;Karina;w
1;Johnson;m
1;Karline;w
1;Jolan;m
1;Karola;w
1;Jolian;m
1;Karolin;w
1;Jon;m
1;Kassandra;w
1;Joolz;m
1;Katelyn;w
1;Joost;m
1;Katherina;w
1;Jorg;m
1;Kathleen;w
1;Jorik;m
1;Kathrin;w
1;Jorne;m
1;Katja;w
1;Jos;m
1;Kaya;w
1;Josa;m
1;Kayla;w
1;Joseas;m
1;Kaylie;w
1;Josh;m
1;kein;w
1;Joshua-Marcel;m
1;Kerstin;w
1;Josia;m
1;Keziah;w
1;Josse;m
1;Khadija;w
1;Josua;m
1;Khaled;w
1;Josua-Emmanuel;m
1;Kiara;w
1;Joél;m
1;Kiko;w
1;Judi;m
1;Kim;w
1;Julian-Milan;m
1;Kima;w
1;Julian-Philipp;m
1;Kimia;w
1;Julien;m
1;Kinga;w
1;Julián;m
1;Klementine;w
1;Junior;m
1;Konadu;w
1;Jura;m
1;Kossiwa;w
1;Juri;m
1;Kubrashaida;w
1;Jury;m
1;Kurde;w
1;Justin;m
1;Kyara;w
1;János;m
1;Laetitia;w
1;Jörg;m
1;Laiba;w
1;Júlio;m
1;Laila;w
1;Kacper;m
1;Lale;w
1;Kadir;m
1;Lamar;w
1;Kai-Andre;m
1;Lamatha;w
1;Kajetan;m
1;Lamiyah;w
1;Kajus;m
1;Lan;w
1;Kalle;m
1;Lanea;w
1;Kamel;m
1;Larina;w
1;Kareem;m
1;Larissa;w
1;Karl-Josef;m
1;Latoya;w
1;Karol;m
1;Laura-Sophie;w
1;Kasim;m
1;Laureen;w
1;Kasper;m
1;Lauren;w
1;Kassahun;m
1;Laurentia;w
1;Kato;m
1;Lavitha;w
1;Keanu;m
1;Layla;w
1;Keibron;m
1;Layna;w
1;kein;m
1;Lea-Marie;w
1;Kelvin;m
1;Leanna;w
1;Kemal;m
1;Ledina;w
1;Kemuel;m
1;Leeann;w
1;Keno;m
1;Leilani;w
1;Kerthik;m
1;Leire;w
1;Keylan;m
1;Lema;w
1;Khayre;m
1;Lena-Sophie;w
1;Kiano;m
1;Lenia;w
1;Kiyan;m
1;Lenna;w
1;Kjell;m
1;Lente;w
1;Klemens;m
1;Leokadie;w
1;Kosmo;m
1;Leona;w
1;Krishan;m
1;Leonoor;w
1;Kristian;m
1;Leonora;w
1;Krystian;m
1;Leontina;w
1;Kurosch;m
1;Leticia;w
1;Kuzey-Efe;m
1;Levie;w
1;Kwabena;m
1;Leya;w
1;Kweku;m
1;Leyli;w
1;Kyrill;m
1;Leyyan;w
1;Károly;m
1;Liara;w
1;Kürşat;m
1;Libera;w
1;Laas;m
1;Lienke;w
1;Lahcen;m
1;Liesbeth;w
1;Laith-Aldeen;m
1;Lika;w
1;Lamine;m
1;Lilas;w
1;Lando;m
1;Lilav;w
1;Latif;m
1;Lilen;w
1;Laureano;m
1;Lili;w
1;Laurens;m
1;Lilia;w
1;Lauri;m
1;Liliana;w
1;Laurice;m
1;Lillemor;w
1;Laurin-Luis;m
1;Lilliana;w
1;Lauris;m
1;Lilly-Sophie;w
1;Lawrence;m
1;Lilo;w
1;Lazare;m
1;Lilou;w
1;Leano;m
1;Lilyan;w
1;Leart;m
1;Lina-Alexandra;w
1;Lee;m
1;Lina-Marie;w
1;Leevi;m
1;Lindsay;w
1;Lenn;m
1;Lingtian;w
1;Lennerd;m
1;Linnéa;w
1;Lennet;m
1;Lioba;w
1;Leon-Joel;m
1;Lisann;w
1;Leonel;m
1;Lisanne;w
1;Leonit;m
1;Liselotte;w
1;Leophin;m
1;Liset;w
1;Leotrim;m
1;Liva;w
1;Leto;m
1;Liyana;w
1;Lev;m
1;Liza;w
1;Levio;m
1;Lolwa;w
1;Levy;m
1;Loreen;w
1;Lewin;m
1;Lorelei;w
1;Lias-Tyron;m
1;Lorrie;w
1;Lim;m
1;Lu;w
1;Lino;m
1;Lucy-Sophie;w
1;Linos;m
1;Lucya;w
1;Lionel;m
1;Luisa-Marie;w
1;Livian;m
1;Lujaina;w
1;Lluis;m
1;Lux;w
1;Loan;m
1;Luzie;w
1;Loann;m
1;Lydivine;w
1;Logan;m
1;Lykka;w
1;Loran;m
1;Lyn;w
1;Lorano;m
1;Lynne;w
1;Lord;m
1;Lysanna;w
1;Lorent;m
1;Léa;w
1;Lorenzo;m
1;Léa-Joséphine;w
1;Lou;m
1;Madeleine;w
1;Louan;m
1;Madina;w
1;Louay;m
1;Madison;w
1;Louie;m
1;Mafalda;w
1;Lounis;m
1;Magdalene;w
1;Lovis;m
1;Maha;w
1;Luc;m
1;Maheera-Mahi;w
1;Luca-Pascal;m
1;Mahina;w
1;Lucca;m
1;Mahira;w
1;Lucian;m
1;Mahiya;w
1;Luciano;m
1;Mahmoud;w
1;Lucien;m
1;Mahtab;w
1;Lui;m
1;Maissa;w
1;Luqman;m
1;Maite;w
1;Léon;m
1;Malea;w
1;Maarten;m
1;Malene;w
1;Maddhu;m
1;Mali;w
1;Madox;m
1;Malka;w
1;Magid;m
1;Malu;w
1;Mahad;m
1;Malyn;w
1;Mahdi;m
1;Malí;w
1;Mahmud;m
1;Mame;w
1;Mahule;m
1;Manal;w
1;Majid;m
1;Mandy;w
1;Maksim;m
1;Manel;w
1;Malan;m
1;Manessa;w
1;Malo;m
1;Manon;w
1;Malte-Peter;m
1;Maori;w
1;Malvin;m
1;Marah;w
1;Mamadee;m
1;Maraki;w
1;Mamoud;m
1;Mareen;w
1;Man;m
1;Marei;w
1;Manan;m
1;Maren;w
1;Manoel;m
1;Mariamacire;w
1;Manraj;m
1;Mariame;w
1;Marcellus;m
1;Mariana;w
1;Marcus;m
1;Marianna;w
1;Marek;m
1;Maribel;w
1;Marian;m
1;Marie-Fabienne;w
1;Marko;m
1;Marieke;w
1;Marley;m
1;Mariele;w
1;Marlin;m
1;Marietta;w
1;Marouan;m
1;Marija;w
1;Marsel;m
1;Marike;w
1;Marson;m
1;Marileen;w
1;Marty;m
1;Marilena;w
1;Maruan;m
1;Marina;w
1;Marvin-Leon;m
1;Marine;w
1;Marwin;m
1;Marita;w
1;Masau;m
1;Mariya;w
1;Mason;m
1;Marja;w
1;Matei;m
1;Marjan;w
1;Mathéo;m
1;Marlee;w
1;Matt;m
1;Marlie;w
1;Mattheo;m
1;Marlén;w
1;Matthes;m
1;Marléne;w
1;Matthäus;m
1;Marta-Agnese;w
1;Mattias;m
1;Maru-Isabelle;w
1;Matts;m
1;Mary;w
1;Matvey;m
1;Mary-Jane;w
1;Maverick;m
1;Marya;w
1;Maxim-Noel;m
1;Marylin;w
1;Maximilian-Willem;m
1;Masud;w
1;Maximus;m
1;Matondo;w
1;Maxymilian;m
1;Mattea;w
1;Meftah;m
1;Matthea;w
1;Mehdi;m
1;Maureen;w
1;Mehmed;m
1;Maxima;w
1;Mehmet;m
1;May;w
1;Mehmet-Ali;m
1;Mayar;w
1;Meikel;m
1;Mayleen;w
1;Mert;m
1;Maylien;w
1;Metin;m
1;Maymouna;w
1;Mhamed;m
1;Meddya;w
1;Mian;m
1;Meena;w
1;Micha;m
1;Mees;w
1;Michail;m
1;Meike;w
1;Michele;m
1;Meira;w
1;Mieczysław;m
1;Melia;w
1;Mikael;m
1;Melike;w
1;Mikail-Ozan;m
1;Melina-Jolie;w
1;Mikel;m
1;Melinda;w
1;Miki;m
1;Melis;w
1;Mikołaj;m
1;Melisa;w
1;Miran-Ali;m
1;Meltem;w
1;Miraç;m
1;Meret;w
1;Miro;m
1;Meriem;w
1;Moataz;m
1;Merlinda;w
1;Mohamed-Amine;m
1;Merrit;w
1;Mohammed-Mustafa;m
1;Merve;w
1;Morgan;m
1;Meva;w
1;Moses;m
1;Mevlüde;w
1;Mossab;m
1;Meyra-Efrin;w
1;Mousa;m
1;Mia-Jolien;w
1;Muammar;m
1;Mia-Linda;w
1;Muhamad;m
1;Mia-Marie;w
1;Muhammed-Miran;m
1;Michalia;w
1;Muhyadin;m
1;Mieke;w
1;Munir;m
1;Mihailovna;w
1;Mussa;m
1;Miina;w
1;Mwiti;m
1;Mila-Sophie;w
1;Nabil-Ahmad;m
1;Mila-Su;w
1;Nahit;m
1;Milina;w
1;Nahom;m
1;Milly;w
1;Nail;m
1;Milou;w
1;Namdar;m
1;Minna;w
1;Naoufal;m
1;Minu;w
1;Nasser;m
1;Mira-Şükran;w
1;Nate;m
1;Miracle;w
1;Nathaniel;m
1;Miray;w
1;Naven;m
1;Mirella;w
1;Ndichia;m
1;Miry;w
1;Nedim;m
1;Miya;w
1;Nemar;m
1;Mohamad;w
1;Nguyễn;m
1;Mohammed;w
1;Nicolae;m
1;Morena;w
1;Nicolás;m
1;Mosi;w
1;Nicos;m
1;Mounia;w
1;Nikolai;m
1;Munge;w
1;Nikolaj;m
1;My;w
1;Nikolay;m
1;Myriam;w
1;Nino;m
1;Nadalina;w
1;Nischan;m
1;Nadine;w
1;Nisse;m
1;Nadira;w
1;Nizar;m
1;Nady;w
1;Njeru;m
1;Naila;w
1;Nkosi;m
1;Naledi;w
1;Noam;m
1;Nandalee;w
1;noch;m
1;Nanije;w
1;Noe;m
1;Natali;w
1;Norbert;m
1;Natalia;w
1;Nouh;m
1;Natascha;w
1;Nouri;m
1;Naya;w
1;Nuh;m
1;Nayeli;w
1;Nuno;m
1;Nazanin;w
1;Nurellah;m
1;Nazdar;w
1;Nuretin;m
1;Nazli;w
1;Nuri;m
1;Nela;w
1;Obinim;m
1;Nelia-Luise;w
1;Oguz;m
1;Nell;w
1;Okonkwo;m
1;Nella;w
1;Olivers;m
1;Nerea;w
1;Omer;m
1;Nesta;w
1;Onni;m
1;Nexhmije;w
1;Onufry;m
1;Neyla;w
1;Onur;m
1;Nia;w
1;Orhan;m
1;Niamh;w
1;Ostap;m
1;Nihad;w
1;Oswald;m
1;Nikol;w
1;Otis;m
1;Nikolina;w
1;Otto;m
1;Niku;w
1;Ouais;m
1;Nila;w
1;Ouassim;m
1;Nisanur;w
1;Pangiveh;m
1;Nives;w
1;Paolo;m
1;Noa;w
1;Paras;m
1;Noela;w
1;Pars-Peter;m
1;Noelia;w
1;Pascal;m
1;Noelle;w
1;Paulo;m
1;Noet;w
1;Pedro;m
1;Nola;w
1;Per;m
1;Noor;w
1;Perseus;m
1;Noraa;w
1;Phileo;m
1;Norma;w
1;Phillipp;m
1;Nour;w
1;Phillipp-Sebastian;m
1;Noura;w
1;Philo;m
1;Nova;w
1;Phuc;m
1;Noémie;w
1;Pieter;m
1;Noëmi;w
1;Pit;m
1;Nser;w
1;Pius;m
1;Nuria;w
1;Pragyan;m
1;Nuria-Sophie;w
1;Puyan;m
1;Nurya;w
1;Pál;m
1;Nurşen;w
1;Pîro;m
1;Nusaybah;w
1;Qian;m
1;Oghogho;w
1;Quor;m
1;Ojo;w
1;Racine;m
1;Oksana;w
1;Radostinov;m
1;Olesja;w
1;Rafik;m
1;Olina;w
1;Ragnar;m
1;Oliwia;w
1;Rahul;m
1;Oluwaseyi;w
1;Rainer;m
1;Ona;w
1;Raivis;m
1;Ornela;w
1;Raj;m
1;Osasumwen;w
1;Rakin;m
1;Oumayma;w
1;Ramin;m
1;Oybekovna;w
1;Ramzanovič;m
1;Palina;w
1;Ramón;m
1;Pamina;w
1;Raphaël;m
1;Pari;w
1;Rasmus;m
1;Parmin;w
1;Rawan;m
1;Patrizia;w
1;Ray;m
1;Paula-Merveille;w
1;Rayyan;m
1;Pelagia;w
1;Rebar;m
1;Penelope;w
1;Recep;m
1;Peri;w
1;Reginar;m
1;Petra;w
1;Reik;m
1;Philine;w
1;Reiner;m
1;Polina;w
1;Rejan;m
1;Polly;w
1;Remav;m
1;Praise;w
1;Remus;m
1;qızı;w
1;Renz;m
1;qizi;w
1;Reto;m
1;Rabia;w
1;Ricardo;m
1;Rabije;w
1;Rifat;m
1;Rachel;w
1;Rik;m
1;Rachida;w
1;Rikus;m
1;Rafaela;w
1;Rino;m
1;Rahla;w
1;Rio;m
1;Raihana;w
1;Risto;m
1;Raluca;w
1;Riza;m
1;Raphaela;w
1;Robar;m
1;Rawasy;w
1;Robben;m
1;Rayhana;w
1;Rohan;m
1;Razi;w
1;Romano;m
1;Rebecca;w
1;Romeo;m
1;Reem;w
1;Romir;m
1;Reeva;w
1;Ronald;m
1;Rehana;w
1;Ronaldo;m
1;Reinette;w
1;Ronell;m
1;Remi;w
1;Roni;m
1;Renatovna;w
1;Rouwen;m
1;Renske;w
1;Rowan;m
1;Renée;w
1;Ruan;m
1;Reylee;w
1;Ruperto;m
1;Reyyan;w
1;Ruwan;m
1;Rhea;w
1;Rémi;m
1;Rike;w
1;Rían;m
1;Rispa;w
1;Rüzgar;m
1;Rital;w
1;Răzvan;m
1;Riya;w
1;Saathvik;m
1;Roja;w
1;Sabit;m
1;Rojin;w
1;Sadri;m
1;Roksana;w
1;Safouan;m
1;Romaissa;w
1;Sait-Kerem;m
1;Romi;w
1;Sajid;m
1;Ronida;w
1;Sakaria;m
1;Roos;w
1;Salah;m
1;Rosanna;w
1;Saleem;m
1;Rozalia;w
1;Saleh;m
1;Ru;w
1;Samar;m
1;Rukaya;w
1;Samarth;m
1;Rukia;w
1;Samik;m
1;Runa;w
1;Samir;m
1;Rwaida;w
1;Sammy;m
1;Rüya;w
1;Saner;m
1;Rüya-Lina;w
1;Sanmar;m
1;Sabina;w
1;Santiago;m
1;Sabine;w
1;Santino;m
1;Safa;w
1;Sarkis;m
1;Safaa;w
1;Saër;m
1;Sakura;w
1;Saúl;m
1;Salome;w
1;Scheho;m
1;Salomé;w
1;Sean-Luca;m
1;Samantha;w
1;Sergej;m
1;Samar;w
1;Seungwon;m
1;Samir;w
1;Seyfullah;m
1;Sammi;w
1;Seyhan;m
1;Sanam;w
1;Seyman;m
1;Sarai;w
1;Seymen;m
1;Sarina;w
1;Shahid;m
1;Satu;w
1;Shamil-Orhan;m
1;Saud;w
1;Shane;m
1;Saulė;w
1;Shayan;m
1;Savannah;w
1;Sheng;m
1;Saya;w
1;Shengal;m
1;Sayed;w
1;Shengyu;m
1;Schilan;w
1;Shiar;m
1;Selen;w
1;Shibru;m
1;Selima;w
1;Shirhad;m
1;Semra;w
1;Shlok;m
1;Senara;w
1;Shun;m
1;Senna;w
1;Sian;m
1;Senta;w
1;Siart;m
1;Serana;w
1;Sidney;m
1;Seray;w
1;Silian;m
1;Serpil;w
1;Sinan-Paul;m
1;Sevda;w
1;Sipan;m
1;Sevde;w
1;Siraç;m
1;Sevginur;w
1;Siwar;m
1;Sevinch;w
1;Smith;m
1;Seyra;w
1;Sofian;m
1;Shahrzad;w
1;Sophian;m
1;Shalin;w
1;Soufiane;m
1;Sham;w
1;Souhaib;m
1;Shana;w
1;Souhail;m
1;Shanice;w
1;Stanislaw;m
1;Shanti;w
1;Stanisław;m
1;Shelan;w
1;Stanley;m
1;Sherin;w
1;Stas;m
1;Shiva;w
1;Steffen;m
1;Shuyou;w
1;Stelios;m
1;Sia;w
1;Stephanus;m
1;Sida;w
1;Steven;m
1;Sieglinde;w
1;Subhie;m
1;Sierra;w
1;Sulaiman;m
1;Silja;w
1;Sulayman;m
1;Silke;w
1;Suleiman;m
1;Silvia;w
1;Sven;m
1;Simona;w
1;Tadeusz;m
1;Sira;w
1;Taha-Rașit;m
1;Sky;w
1;Taim;m
1;Skyla;w
1;Tajalli;m
1;Skylah;w
1;Tak;m
1;Skylar;w
1;Takumi;m
1;Smilla;w
1;Taleb;m
1;Soha;w
1;Talha;m
1;Solea;w
1;Tamer;m
1;Soleya;w
1;Tamino;m
1;Solin;w
1;Tane;m
1;Sonia;w
1;Taqi;m
1;Sophia-Alexa;w
1;Taran;m
1;Soulafa;w
1;Tariq;m
1;Soumeya;w
1;Taulant;m
1;Stefania;w
1;Tawfik;m
1;Storai;w
1;Taylan;m
1;Stöcker;w
1;Tayler;m
1;Sua;w
1;Tayyip;m
1;Sude;w
1;Teferi;m
1;Sude-Nas;w
1;Tegveer;m
1;Suden;w
1;Teklu;m
1;Sulijana;w
1;Thani;m
1;Sumeja;w
1;Theodin;m
1;Sumona;w
1;Thibault;m
1;Suri;w
1;Thien;m
1;Susan;w
1;Thierry;m
1;Susanna;w
1;Thorben;m
1;Susanne-Averse;w
1;Thore;m
1;Suyana;w
1;Théo;m
1;Suzanne;w
1;Thérèse;m
1;Svelte;w
1;Tiago;m
1;Svenja;w
1;Tiberio;m
1;Syeda;w
1;Tiberius;m
1;Sylvia-Jasmin;w
1;Till-Jonathan;m
1;Tabea;w
1;Tillmann;m
1;Tabita;w
1;Tilmann;m
1;Tahanut;w
1;Tilo;m
1;Taisija;w
1;Tim-Luca;m
1;Tala;w
1;Timofey;m
1;Talea;w
1;Timuçin;m
1;Talin;w
1;Tobbe;m
1;Talya;w
1;Todor;m
1;Tamar;w
1;Tolgahan;m
1;Tamara;w
1;Tomek;m
1;Tamia;w
1;Tommy;m
1;Tanya;w
1;Torben;m
1;Tasnim;w
1;Towaim;m
1;Tassnim;w
1;Tristan;m
1;Taya;w
1;Tsiense;m
1;Tea;w
1;Tunahan;m
1;Tenzin;w
1;Ubaydah;m
1;Teodora-Alecsia;w
1;Umar;m
1;Tessniem;w
1;Umar-Yasin;m
1;Thandiwe;w
1;Urs;m
1;Thekla;w
1;Usman;m
1;Theona;w
1;Uwe;m
1;Therese;w
1;Uzay;m
1;Theresia;w
1;Valerian;m
1;Thessalie;w
1;Valerìjovič;m
1;Thilda;w
1;Varghese;m
1;Tiana;w
1;Vasileios;m
1;Tijana;w
1;Vassiliy;m
1;Tiona;w
1;Veit;m
1;Tokessa-Marie;w
1;Veli;m
1;Tola;w
1;Veliyan;m
1;Tomma;w
1;Verian;m
1;Tomris;w
1;Vico;m
1;Toni;w
1;Vinzent;m
1;Tusem;w
1;Viorel;m
1;Ulrike;w
1;Visag;m
1;Umay;w
1;Viyan;m
1;Umayma;w
1;Volker;m
1;Umeymah;w
1;Vorname;m
1;Una;w
1;Vural;m
1;Unique;w
1;Wah;m
1;Ursula;w
1;Walat;m
1;Uta;w
1;Walter;m
1;Uzma;w
1;Walther;m
1;Valerija;w
1;Wangai;m
1;Valliamma;w
1;Waqqas;m
1;Valérie;w
1;Wenhan;m
1;Vanea;w
1;Wesam;m
1;Vanessa-Mihaela;w
1;Weslin;m
1;Vanida;w
1;Wessam;m
1;Vianna;w
1;Winner;m
1;Vianne;w
1;Wolfram;m
1;Vina;w
1;Wosen;m
1;Violina;w
1;Wotan;m
1;Viona;w
1;Xing;m
1;Vivian;w
1;Yaacoub;m
1;Vladislava;w
1;Yakob;m
1;Vladislavovna;w
1;Yakub;m
1;Vorname;w
1;Yakup;m
1;Vyacheslavova;w
1;Yamin;m
1;Walburga;w
1;Yanhe;m
1;Wen;w
1;Yanis;m
1;Wilhelmine;w
1;Yanne;m
1;Willow;w
1;Yaron;m
1;Wilmina;w
1;Yasenov;m
1;Wirusantija;w
1;Yaser;m
1;Xana;w
1;Yassen;m
1;Xin;w
1;Yasser;m
1;Ya;w
1;Yassine;m
1;Yahel;w
1;Yassir;m
1;Yamina;w
1;Yazan;m
1;Yanet;w
1;Yichen;m
1;Yang;w
1;Yilmaz;m
1;Yasemin;w
1;Yiru;m
1;Yasna;w
1;Yll;m
1;Yayra;w
1;Yohannes;m
1;Yazel;w
1;Yonas;m
1;Yağmur;w
1;Yoram;m
1;Yee;w
1;Younas;m
1;Yirui;w
1;Youness;m
1;Yixuan;w
1;Younis;m
1;Ylva;w
1;Yu;m
1;Ylvi;w
1;Yuki;m
1;Ylvie;w
1;Yunis;m
1;Yolanda;w
1;Yussuf;m
1;Yosra;w
1;Yuvraj;m
1;Youssra;w
1;Yves;m
1;Yukiko;w
1;Zacharjasz;m
1;Yumi;w
1;Zaid;m
1;Yusi;w
1;Zakariya;m
1;Yuzuki;w
1;Zamil;m
1;Zahira;w
1;Zaur;m
1;Zara;w
1;Zayan;m
1;Zara-Shirin;w
1;Zayn;m
1;Zarifa;w
1;Zejd;m
1;Zarife;w
1;Zhang;m
1;Zehra-Nur;w
1;Zhen;m
1;Zeineb;w
1;Zherui;m
1;Zelin;w
1;Ziyad;m
1;Zerya;w
1;Zubeyr;m
1;Zita;w
1;Zînar;m
1;Ziva;w
1;Çelebi;m
1;Zubeyda;w
1;Édouard;m
1;Zümra;w
1;Élian;m
1;Özgür;w
1;Élie;m
1;Ümran;w
1;Öskan;m
1;Şenel;w
1;Özcan;m
1;Şirin;w
1;Şahin;m
1;Şer;m
