vorname;anzahl;geschlecht
Marie;133;w
Sophie;132;w
Maria;81;w
Maximilian;80;m
Alexander;76;m
Paul;64;m
Emilia;64;w
Johanna;63;w
Felix;56;m
Charlotte;53;w
Mia;51;w
Jonas;50;m
Jonathan;50;m
Leon;50;m
Anna;50;w
Elias;49;m
Emma;48;w
Jan;47;m
David;46;m
Noah;44;m
Katharina;43;w
Jakob;43;m
Luca;43;m
Luisa;41;w
Julius;40;m
Sophia;39;w
Clara;38;w
Lena;38;w
Michael;38;m
Julian;36;m
Moritz;36;m
Philipp;36;m
Elisa;35;w
Ben;34;m
Lina;33;w
Anton;31;m
Finn;31;m
Samuel;31;m
Julia;30;w
Luise;30;w
Elisabeth;29;w
Leonie;29;w
Benjamin;28;m
Daniel;28;m
Tim;28;m
Emil;27;m
Johannes;27;m
Ella;26;w
Lea;26;w
Johann;26;m
Niklas;26;m
Antonia;25;w
Mathilda;25;w
Max;25;m
Marlene;24;w
Henri;24;m
Leonard;24;m
Lukas;24;m
Simon;24;m
Amelie;23;w
Isabella;23;w
Laura;23;w
Leo;23;m
Hannah;22;w
Helene;22;w
Paula;22;w
Sebastian;22;m
Ida;21;w
Lotta;21;w
Benedikt;21;m
Sofia;20;w
Christian;20;m
Peter;20;m
Hanna;19;w
Mila;19;w
Karl;19;m
Luis;19;m
Oskar;19;m
Valentin;19;m
Greta;18;w
Lara;18;w
Adam;18;m
Ali;18;m
Josefine;17;w
Leni;17;w
Maya;17;w
Sara;17;w
Constantin;17;m
Erik;17;m
Florian;17;m
Frederik;17;m
Tom;17;m
Vincent;17;m
Emily;16;w
Lisa;16;w
Gabriel;16;m
Henry;16;m
Joel;16;m
Ole;16;m
Theodor;16;m
Helena;15;w
Klara;15;w
Lilly;15;w
Maja;15;w
Sarah;15;w
Matthias;15;m
Mohamed;15;m
Louisa;14;w
Louise;14;w
Mina;14;w
Fabian;14;m
Linus;14;m
Theo;14;m
Alexandra;13;w
Alina;13;w
Adrian;13;m
Franz;13;m
Konstantin;13;m
Louis;13;m
Franziska;12;w
Frieda;12;w
Jana;12;w
Jasmin;12;w
Martha;12;w
Nele;12;w
Victoria;12;w
Joshua;12;m
Justus;12;m
Mats;12;m
Robin;12;m
Annika;11;w
Fiona;11;w
Magdalena;11;w
Matilda;11;w
Melina;11;w
Olivia;11;w
Pauline;11;w
Pia;11;w
Carl;11;m
Viktoria;11;w
Friedrich;11;m
Josef;11;m
Lasse;11;m
Martin;11;m
Milan;11;m
Nico;11;m
Nils;11;m
Oliver;11;m
Richard;11;m
Frida;10;w
Isabel;10;w
Josephine;10;w
Madita;10;w
Sofie;10;w
Dominik;10;m
Ferdinand;10;m
Kai;10;m
Mika;10;m
Nick;10;m
Rafael;10;m
Tobias;10;m
Amalia;9;w
Carlotta;9;w
Friederike;9;w
Lucia;9;w
Mara;9;w
Valentina;9;w
Amir;9;m
Bilal;9;m
Clemens;9;m
Emir;9;m
kein;9;m
Lars;9;m
Lennart;9;m
Liam;9;m
Manuel;9;m
Maxim;9;m
Raphael;9;m
Robert;9;m
Timo;9;m
Vorname;9;m
Wilhelm;9;m
Carla;8;w
Elena;8;w
Eva;8;w
Jule;8;w
Lilith;8;w
Lotte;8;w
Nina;8;w
Aaron;8;m
Arian;8;m
Damian;8;m
Fynn;8;m
Georg;8;m
Hamza;8;m
Hannes;8;m
Ian;8;m
Ibrahim;8;m
John;8;m
Konrad;8;m
Lennard;8;m
Leopold;8;m
Matteo;8;m
Mohammad;8;m
Nicolas;8;m
noch;8;m
Philip;8;m
Yusuf;8;m
Amina;7;w
Fatima;7;w
Isabell;7;w
Janina;7;w
kein;7;w
Lia;7;w
Margarete;7;w
Miriam;7;w
Nora;7;w
Nur;7;w
Paulina;7;w
Theresa;7;w
Vorname;7;w
Andreas;7;m
Arthur;7;m
Christopher;7;m
Eric;7;m
Hugo;7;m
Jason;7;m
Jasper;7;m
Laurenz;7;m
Leander;7;m
Levin;7;m
Lian;7;m
Lucas;7;m
Marcel;7;m
Mattis;7;m
Mohammed;7;m
Niclas;7;m
Viktor;7;m
Anastasia;6;w
Aurelia;6;w
Cecilia;6;w
Celine;6;w
Christin;6;w
Christina;6;w
Christine;6;w
Diana;6;w
Fabienne;6;w
Felicitas;6;w
Finja;6;w
Joleen;6;w
Julie;6;w
Leyla;6;w
Lilli;6;w
Linda;6;w
Livia;6;w
Luna;6;w
Marianne;6;w
Medina;6;w
Melek;6;w
Merle;6;w
noch;6;w
Philippa;6;w
Rebecca;6;w
Romy;6;w
Ronja;6;w
Amin;6;m
Can;6;m
Emilio;6;m
Ilyas;6;m
Jacob;6;m
Jannik;6;m
Leandro;6;m
Luke;6;m
Malte;6;m
Marc;6;m
Mark;6;m
Markus;6;m
Oscar;6;m
Ruben;6;m
Ryan;6;m
Tristan;6;m
Alicia;5;w
Amélie;5;w
Anni;5;w
Ava;5;w
Carolin;5;w
Elif;5;w
Elsa;5;w
Emilie;5;w
Giulia;5;w
Grace;5;w
Inga;5;w
Isabelle;5;w
Lilia;5;w
Linnea;5;w
Liv;5;w
Mariella;5;w
Marleen;5;w
Marta;5;w
Melissa;5;w
Milla;5;w
Mira;5;w
Mohamed;5;w
Monika;5;w
Nicole;5;w
Rana;5;w
Ahmed;5;m
Rania;5;w
Albert;5;m
Selina;5;w
Bennet;5;m
Sina;5;w
Berat;5;m
Stella;5;w
Christoph;5;m
Tuana;5;w
Eduard;5;m
Veronika;5;w
Elia;5;m
Zeynep;5;w
Emin;5;m
Zoe;5;w
Frederick;5;m
Gustav;5;m
Hassan;5;m
Henrik;5;m
Ismail;5;m
Jean;5;m
Kian;5;m
Laurin;5;m
Leonhard;5;m
Levi;5;m
Maria;5;m
Mathias;5;m
Nathan;5;m
Nikolai;5;m
Noel;5;m
Roland;5;m
Sam;5;m
Thomas;5;m
Ulrich;5;m
Walter;5;m
Yassin;5;m
Agnes;4;w
Alissa;4;w
Alma;4;w
Amelia;4;w
Amy;4;w
Carina;4;w
Celina;4;w
Dana;4;w
Denise;4;w
Eliana;4;w
Elise;4;w
Emely;4;w
Emmi;4;w
Estelle;4;w
Fenja;4;w
Florentine;4;w
Frederike;4;w
Hana;4;w
Janna;4;w
Jette;4;w
Jolie;4;w
Abdulrahman;4;m
Juliana;4;w
André;4;m
Juliane;4;w
Antonio;4;m
Juna;4;w
Armin;4;m
Karla;4;w
Artur;4;m
Karlotta;4;w
Bruno;4;m
Katja;4;w
Cornelius;4;m
Kiara;4;w
Darian;4;m
Kristin;4;w
Dennis;4;m
Liana;4;w
Diego;4;m
Lucie;4;w
Dominic;4;m
Lucy;4;w
Eliah;4;m
Marla;4;w
Gerhard;4;m
Mathilde;4;w
Heinrich;4;m
Melinda;4;w
Hüseyin;4;m
Melisa;4;w
Ilias;4;m
Milena;4;w
Janosch;4;m
Neele;4;w
Jayden;4;m
Rosalie;4;w
Jonte;4;m
Rose;4;w
Joris;4;m
Ruth;4;w
Jürgen;4;m
Salma;4;w
Kilian;4;m
Silvia;4;w
Lenny;4;m
Teresa;4;w
Leonardo;4;m
Therese;4;w
Luc;4;m
Vanessa;4;w
Marco;4;m
Yasmin;4;w
Marlon;4;m
Zoey;4;w
Marvin;4;m
Matheo;4;m
Matti;4;m
Maurice;4;m
Merlin;4;m
Michel;4;m
Mio;4;m
Miraç;4;m
Mubarak;4;m
Neo;4;m
Nikita;4;m
Niko;4;m
Nikolaus;4;m
Omar;4;m
Otto;4;m
Patrick;4;m
Pierre;4;m
René;4;m
Salem;4;m
Stefan;4;m
Sören;4;m
Umut;4;m
Vincenzo;4;m
Willem;4;m
Yann;4;m
Abdulrahman;3;w
Alessia;3;w
Aleyna;3;w
Alice;3;w
Alisha;3;w
Amanda;3;w
Amira;3;w
Ana;3;w
Anabel;3;w
Andrea;3;w
Angelina;3;w
Anna-Marie;3;w
Anne;3;w
Ariana;3;w
Aurora;3;w
Bahar;3;w
Cara;3;w
Carolina;3;w
Caroline;3;w
Catharina;3;w
Catherine;3;w
Charlotta;3;w
Christel;3;w
Christiane;3;w
Daria;3;w
Abdulla;3;m
Delia;3;w
Adem;3;m
Dilara;3;w
Adil;3;m
Dorothea;3;w
Adriano;3;m
Ecrin;3;w
Ahmad;3;m
Edda;3;w
Amadeus;3;m
Eleni;3;w
Amar;3;m
Elizabeth;3;w
Anas;3;m
Fe;3;w
Andre;3;m
Fee;3;w
Ayoub;3;m
Fidan;3;w
Balthasar;3;m
Franka;3;w
Bastian;3;m
Freya;3;w
Bela;3;m
Gabriele;3;w
Benedict;3;m
Helin;3;w
Bernhard;3;m
Henriette;3;w
Caspar;3;m
Isra;3;w
Cem;3;m
Janne;3;w
Danilo;3;m
Jolina;3;w
Danny;3;m
Jonna;3;w
Dean;3;m
Joy;3;w
Dylan;3;m
Judy;3;w
Emilian;3;m
Juli;3;w
Emre;3;m
Karoline;3;w
Eren;3;m
Khadija;3;w
Eymen;3;m
Kim;3;w
Fabio;3;m
Laureen;3;w
Francesco;3;m
Leah;3;w
Franziskus;3;m
Leana;3;w
Henning;3;m
Leen;3;w
Herbert;3;m
Leonore;3;w
Hubert;3;m
Liliana;3;w
Ilja;3;m
Lynn;3;w
Ioannis;3;m
Madeleine;3;w
James;3;m
Madina;3;w
Jamie;3;m
Maira;3;w
Jaron;3;m
Malin;3;w
Jona;3;m
Malou;3;w
Joscha;3;m
Mariam;3;w
Karim;3;m
Marike;3;w
Kevin;3;m
Martina;3;w
Khaled;3;m
Michelle;3;w
Klaus;3;m
Minou;3;w
Lennox;3;m
Mona;3;w
Leonas;3;m
Naz;3;w
Lorenz;3;m
Nika;3;w
Ludwig;3;m
Nisa;3;w
Luka;3;m
Noemi;3;w
Léon;3;m
Petra;3;w
Mateo;3;m
Rachel;3;w
Mehmet;3;m
Rahel;3;w
Mikail;3;m
Rita;3;w
Mike;3;m
Saleh;3;w
Muhammed;3;m
Salem;3;w
Nepomuk;3;m
Selma;3;w
Pablo;3;m
Smilla;3;w
Pascal;3;m
Stefanie;3;w
Pepe;3;m
Stephanie;3;w
Phil;3;m
Thea;3;w
Rouven;3;m
Valeria;3;w
Said;3;m
Valerie;3;w
Samir;3;m
Wilhelmine;3;w
Sascha;3;m
Zahra;3;w
Selim;3;m
Zoé;3;w
Semih;3;m
Simeon;3;m
Steffen;3;m
Till;3;m
Toni;3;m
Wilfried;3;m
Wolfgang;3;m
Yannik;3;m
Yasin;3;m
Younes;3;m
Yunus;3;m
Zakaria;3;m
Ai;2;w
Aicha;2;w
Aileen;2;w
Alanna;2;w
Alea;2;w
Alessandra;2;w
Alie;2;w
Alisa;2;w
Aliyah;2;w
Alva;2;w
An;2;w
Ananda;2;w
Abdulbaset;2;m
Angel;2;w
Abdullah;2;m
Ann;2;w
Abdurrahman;2;m
Anouk;2;w
Aeneas;2;m
Arina;2;w
Akram;2;m
Arwen;2;w
Alberto;2;m
Ayla;2;w
Alessandro;2;m
Aylia;2;w
Alexej;2;m
Aylin;2;w
Andres;2;m
Barbara;2;w
Anthony;2;m
Beatrice;2;w
Antoine;2;m
Birte;2;w
Antoni;2;m
Blessing;2;w
Aras;2;m
Carmen;2;w
Armaan;2;m
Ceylin;2;w
Arne;2;m
Chiara;2;w
Arnold;2;m
Chloé;2;w
Ayden;2;m
Christa;2;w
Baran;2;m
Claire;2;w
Benno;2;m
Claudia;2;w
Bjarne;2;m
Cleo;2;w
Bryan;2;m
Daniela;2;w
Carlos;2;m
Danya;2;w
Carsten;2;m
Darin;2;w
Collin;2;m
Defne;2;w
Damián;2;m
Deniz;2;w
Danil;2;m
Dilan;2;w
Denis;2;m
Dilay;2;w
Dustin;2;m
Dina;2;w
Edward;2;m
Eda;2;w
Efe;2;m
Edith;2;w
Emanuel;2;m
Eileen;2;w
Enes;2;m
Elanur;2;w
Enno;2;m
Ellen;2;w
Enrico;2;m
Elsharie;2;w
Ensar;2;m
Erika;2;w
Erdem;2;m
Ermina;2;w
Erijon;2;m
Esma;2;w
Erwin;2;m
Evelin;2;w
Fabrizio;2;m
Eylül;2;w
Fernando;2;m
Fatma;2;w
Filip;2;m
Feline;2;w
Finley;2;m
Felipa;2;w
Florin;2;m
Fleur;2;w
Flynn;2;m
Florence;2;w
German;2;m
Gabriella;2;w
Hadi;2;m
Gloria;2;w
Haider;2;m
Habstritt;2;w
Hamad;2;m
Henni;2;w
Harald;2;m
Hermine;2;w
Harith;2;m
Hiba;2;w
Husien;2;m
Hilal;2;w
Igor;2;m
Hilda;2;w
Immanuel;2;m
Hope;2;w
Imre;2;m
Humeyra;2;w
Isa;2;m
Ibrahim;2;w
Issa;2;m
Iman;2;w
Jaden;2;m
Ingrid;2;w
Jannis;2;m
Irina;2;w
Janno;2;m
Irma;2;w
Jano;2;m
Jakovlevna;2;w
Javier;2;m
Jessica;2;w
Jay;2;m
Joanna;2;w
Jesper;2;m
Josefa;2;w
Jia;2;m
Judith;2;w
Joe;2;m
Juline;2;w
Johan;2;m
Jutta;2;w
Jonah;2;m
Kaisa;2;w
Joschua;2;m
Katarzyna;2;w
Joseph;2;m
Kathrin;2;w
Juan;2;m
Kenza;2;w
Jules;2;m
Kira;2;w
Julien;2;m
Lana;2;w
Junis;2;m
Laniya;2;w
Jérôme;2;m
Lara-Marie;2;w
Kaspar;2;m
Lavin;2;w
Kerem;2;m
Layan;2;w
Khalid;2;m
Layla;2;w
Kristian;2;m
Lea-Sophie;2;w
Lean;2;m
Leandra;2;w
Lee;2;m
Leila;2;w
Leif;2;m
Leona;2;w
Len;2;m
Leoni;2;w
Leonidas;2;m
Leonita;2;w
León;2;m
Liah;2;w
Lutz;2;m
Lillian;2;w
Magnus;2;m
Lily;2;w
Mahmud;2;m
Lisbeth;2;w
Mailo;2;m
Liya;2;w
Malik;2;m
Lola;2;w
Marcus;2;m
Lorena;2;w
Marian;2;m
Lou;2;w
Mario;2;m
Luca;2;w
Marius;2;m
Luciana;2;w
Marten;2;m
Luzia;2;w
Mathis;2;m
Madlen;2;w
Mert;2;m
Maike;2;w
Micha;2;m
Maila;2;w
Miguel;2;m
Malak;2;w
Miko;2;m
Malia;2;w
Miles;2;m
Margareta;2;w
Mir;2;m
Margarethe;2;w
Miran;2;m
Marieke;2;w
Miro;2;m
Marina;2;w
Moktar;2;m
Marlen;2;w
Mussa;2;m
Marwa;2;w
Mustafa;2;m
Mathea;2;w
Natan;2;m
May;2;w
Nikolas;2;m
Mayla;2;w
Nima;2;m
Maylin;2;w
Nino;2;m
Maymouna;2;w
Nuri;2;m
Maëlle;2;w
Phillip;2;m
Medine;2;w
Quentin;2;m
Melody;2;w
Raban;2;m
Merve;2;w
Ray;2;m
Meryem;2;w
Renas;2;m
Mia-Sophie;2;w
Roman;2;m
Michaela;2;w
Ron;2;m
Minna;2;w
Ronny;2;m
Minu;2;w
Royan;2;m
Nadine;2;w
Saad;2;m
Nahla;2;w
Safouan;2;m
Nailah;2;w
Samed;2;m
Nala;2;w
Santiago;2;m
Naomi;2;w
Serhat;2;m
Natalie;2;w
Shayan;2;m
Ndeye;2;w
Singh;2;m
Nelly;2;w
Stephan;2;m
Nia;2;w
Sultan;2;m
Noemie;2;w
Tarek;2;m
Noëlle;2;w
Taylor;2;m
Philomena;2;w
Timur;2;m
Rabea;2;w
Titus;2;m
Rahaf;2;w
Tyler;2;m
Ramadan;2;w
Uğur;2;m
Ranim;2;w
Victor;2;m
Ranya;2;w
Werner;2;m
Renate;2;w
William;2;m
Rike;2;w
Xaver;2;m
Rosa;2;w
Xavier;2;m
Sabrina;2;w
Yang;2;m
Safia;2;w
Yannick;2;m
Safiya;2;w
Youssef;2;m
Samira;2;w
Yuan;2;m
Sena;2;w
Zakariya;2;m
Sirin;2;w
Ömer;2;m
Soleil;2;w
Soraya;2;w
Summer;2;w
Sunny;2;w
Susanne;2;w
Svea;2;w
Tabea;2;w
Tanja;2;w
Tasnim;2;w
Tilda;2;w
Valeska;2;w
Vivienne;2;w
Zara;2;w
Zehra;2;w
Zina;2;w
Zoha;2;w
Aarav;1;m
Aayan;1;m
Abdalaal;1;m
Abdalla;1;m
Abdel;1;m
Abdelhak;1;m
Abdelkarim;1;m
Abdelrahman;1;m
Abdelsalam;1;m
Abderrahman;1;m
Abdoul;1;m
Abdul;1;m
Abdul-Aziz;1;m
Abduladim;1;m
Abdulaziz;1;m
Abdullahi;1;m
Aaliyah;1;w
Abdussalam;1;m
Aalyah;1;w
Abhiraj;1;m
Aaricia;1;w
Abou;1;m
Abby-Chanelle;1;w
Aboubacar;1;m
Abdalla;1;w
Abu-Bakr;1;m
Abdelgader;1;w
Abubakr;1;m
Abdelmuniem;1;w
Ace;1;m
Abdulah;1;w
Achim;1;m
Abdulhameed;1;w
Adir;1;m
Abdulmenam;1;w
Adis;1;m
Abdurahman;1;w
Adni;1;m
Abi;1;w
Adrian-Marcelo;1;m
Acelya;1;w
Agîd;1;m
Adela;1;w
Ahmet;1;m
Adele;1;w
Aimilios;1;m
Adiya;1;w
Akein;1;m
Adriana;1;w
Akira;1;m
Aenne;1;w
Al-Mutasim;1;m
Afaf;1;w
Alan;1;m
Afifa;1;w
Aland;1;m
Afua;1;w
Alaz;1;m
Aglaia;1;w
Albesian;1;m
Agyem;1;w
Alec;1;m
Ahmed;1;w
Alejandro;1;m
Aimee;1;w
Aleksandar;1;m
Aischa;1;w
Aleu;1;m
Aisha;1;w
Alexander-Johann;1;m
Ajana;1;w
Alexey;1;m
Akiko;1;w
Alexis;1;m
Akira;1;w
Alexius;1;m
Akwele;1;w
Alfons;1;m
Alba;1;w
Alfred;1;m
Aleida;1;w
Allah;1;m
Alejandra;1;w
Almar;1;m
Aleksandra;1;w
Alonso;1;m
Alena;1;w
Alp;1;m
Alexa;1;w
Alparslan;1;m
Alexandrine;1;w
Alperen;1;m
Alexia;1;w
Altaeb;1;m
Ali;1;w
Alvar;1;m
Alia;1;w
Alyasa;1;m
Alima;1;w
Amadeo;1;m
Alin;1;w
Amaru;1;m
Alina-Maria;1;w
Amarvir;1;m
Alina-Sofida;1;w
Amatus;1;m
Aliya;1;w
Amaury;1;m
Almina;1;w
Amer;1;m
Alyan;1;w
Amin-Joel;1;m
Alysha;1;w
Amjano;1;m
Alyssa;1;w
Ammar;1;m
Alzhra;1;w
Amund;1;m
Amali;1;w
Anass;1;m
Amalie;1;w
Anatolij;1;m
Amang;1;w
Anders;1;m
Amara-Ceylin;1;w
Anderson;1;m
Amasia;1;w
Andor;1;m
Amata;1;w
Andree;1;m
Amber;1;w
Andreevič;1;m
Amila;1;w
Andrej;1;m
Amilia;1;w
Andrey;1;m
Amine-Eslem;1;w
Angelo;1;m
Amira-Jasmin;1;w
Anmol;1;m
Amira-Lena;1;w
Antonio-Giulio;1;m
Amitis;1;w
Antonius;1;m
Anastasija;1;w
Anur;1;m
Anda;1;w
Anwar;1;m
Andia;1;w
Anxiang;1;m
Andra;1;w
Apollinar;1;m
Andreevna;1;w
Ardıl;1;m
Anela;1;w
Aren;1;m
Anetta;1;w
Argjend;1;m
Angela;1;w
Ari;1;m
Angelie-Sophie;1;w
Arias;1;m
Angelika;1;w
Ariel;1;m
Angeline;1;w
Arigun;1;m
Angnes;1;w
Aris;1;m
Anguete;1;w
Arjen;1;m
Ani;1;w
Arjun;1;m
Anife;1;w
Arkadius;1;m
Anika;1;w
Arlo;1;m
Anita;1;w
Armani;1;m
Anja;1;w
Armstrong;1;m
Anjelina;1;w
Arnav;1;m
Anna-Maria;1;w
Aron;1;m
Annabelle;1;w
Arslan;1;m
Annalena;1;w
Art;1;m
Annalotta;1;w
Artemij;1;m
Annelie;1;w
Artis;1;m
Anneliese;1;w
Artöm;1;m
Annelise;1;w
Arved;1;m
Annerike;1;w
Arvid;1;m
Annie;1;w
Aryaan;1;m
Annija;1;w
Ashish;1;m
Anny;1;w
Assad;1;m
Antoinette;1;w
August;1;m
Anuk;1;w
Auguste;1;m
Aouali;1;w
Augustus;1;m
Apollonia;1;w
Aurel;1;m
April;1;w
Aurelian;1;m
Aria;1;w
Aurelius;1;m
Ariane;1;w
Aurélien;1;m
Ariella;1;w
Avyukt;1;m
Arijana;1;w
Ayaan;1;m
Arinasa;1;w
Ayedh;1;m
Aristea;1;w
Ayk;1;m
Arjin;1;w
Ayub;1;m
Armande;1;w
Azad;1;m
Armina;1;w
Azeem;1;m
Aroha;1;w
Azim;1;m
Arohi;1;w
B'Elijah;1;m
Aroma;1;w
Badr;1;m
Arzu;1;w
Bakhtawar;1;m
Asal;1;w
Balduin;1;m
Aseel;1;w
Balind;1;m
Asiya;1;w
Baptist;1;m
Asiye;1;w
Bara;1;m
Asma;1;w
Baraa;1;m
Asmaa;1;w
Barkindo;1;m
Asmin;1;w
Barnd;1;m
Atchiman;1;w
Bashir;1;m
Atiye;1;w
Basilio;1;m
Audrey;1;w
Bastiaan;1;m
Audrey-Anna;1;w
Batu;1;m
Auguste;1;w
Batuhan;1;m
Augustine;1;w
Bayar;1;m
Aurela;1;w
Belal;1;m
Aya;1;w
Bendik;1;m
Ayah;1;w
Bendt;1;m
Ayda;1;w
Benn;1;m
Ayse;1;w
Bennett;1;m
Aysu;1;w
Berdan;1;m
Ayushanti;1;w
Berk;1;m
Ayşe;1;w
Berken;1;m
Ayşe-Zeynep;1;w
Berkin;1;m
Azaldin;1;w
Bernard;1;m
Azra;1;w
Bernd;1;m
Aïcha;1;w
Bilel;1;m
Aşık;1;w
Bill;1;m
Babette;1;w
Billy;1;m
Bailasan;1;w
Biyan;1;m
Bailey;1;w
Biyon;1;m
Barfin;1;w
Björn;1;m
Barka;1;w
Blendi;1;m
Batol;1;w
Bo;1;m
Bea;1;w
Bodo;1;m
Becky;1;w
Boen;1;m
Bejia;1;w
Bogdan;1;m
Bella;1;w
Bojun;1;m
Bengisu;1;w
Bonkov;1;m
Beren;1;w
Boris;1;m
Berfin;1;w
Botho;1;m
Berit;1;w
Bouba;1;m
Berna;1;w
Bradly-Kyell;1;m
Berta;1;w
Bruce;1;m
Betty;1;w
Bünyamin;1;m
Betül;1;w
Canluca;1;m
Beyza;1;w
Casper;1;m
Bianca;1;w
Cassian;1;m
Bianka;1;w
Catalin;1;m
Biatriz;1;w
Cecil;1;m
Birame;1;w
Cedardel;1;m
Bonnie;1;w
Cedrik;1;m
Braik;1;w
Celal;1;m
Brice;1;w
Chahin;1;m
Brigitta;1;w
Chakib;1;m
Brigitte;1;w
Chalil;1;m
Buket;1;w
Charles;1;m
Buse;1;w
Charu;1;m
Bushra;1;w
Cheick;1;m
Büşra;1;w
Christo;1;m
Caelan;1;w
Christos;1;m
Camie;1;w
Cihan;1;m
Camilla;1;w
Cisco;1;m
Caris;1;w
Claus;1;m
Carlota;1;w
Coelestin;1;m
Cassandra;1;w
Colin;1;m
Cassia;1;w
Conner;1;m
Catalea;1;w
Constant;1;m
Catalina;1;w
Corvin;1;m
Caterina;1;w
Daan;1;m
Catharine;1;w
Dalil;1;m
Cathrine;1;w
Damien;1;m
Cathy;1;w
Damon;1;m
Cecile;1;w
Damyan;1;m
Celeste;1;w
Danh;1;m
Celia;1;w
Daniel-Christian;1;m
Celya;1;w
Daniele;1;m
Celyna;1;w
Dante;1;m
Cennet;1;w
Danyal;1;m
Ceyda;1;w
Daras;1;m
Chahd;1;w
Dario;1;m
Chanelle;1;w
Daris;1;m
Chantal;1;w
Dariush;1;m
Charly;1;w
Dave-John;1;m
Chifa;1;w
Davide;1;m
Chloe;1;w
Davin;1;m
Christelle;1;w
Davin-Irfan;1;m
Cidra;1;w
Davit;1;m
Clara-Louise;1;w
Davu;1;m
Claudine;1;w
Dayan;1;m
Clementine;1;w
Dehat;1;m
Corinna;1;w
Delian;1;m
Cornelia;1;w
Denny;1;m
Cosima;1;w
Desmond;1;m
Cosima-Maria;1;w
Devid;1;m
Coumba;1;w
Devin;1;m
Cäcilia;1;w
Devran;1;m
Cécile;1;w
Deyyan;1;m
Célestine;1;w
Dhanny;1;m
Dagmar;1;w
Dhruv;1;m
Dalal;1;w
Diego-Dennis;1;m
Dalia;1;w
Dielli;1;m
Danai;1;w
Dierk;1;m
Danica;1;w
Dieter;1;m
Daniel;1;w
Dietrich;1;m
Danielle;1;w
Diez;1;m
Darya;1;w
Diljan;1;m
Desirée;1;w
Dimalat;1;m
Desty;1;w
Dimitrios;1;m
Devi;1;w
Dio;1;m
Diara;1;w
Dion;1;m
Dila;1;w
Dionis;1;m
Dilnaz;1;w
Dirk;1;m
Dimitrova;1;w
Donart;1;m
Diola;1;w
Donato;1;m
Djinga;1;w
Doruk;1;m
Dona;1;w
Dragan;1;m
Dora;1;w
Dren;1;m
Doreen;1;w
Driss;1;m
Dorota;1;w
Duhan;1;m
Dorothy;1;w
Düzgün;1;m
Dorthe;1;w
Earl;1;m
Dounia;1;w
Eberhard;1;m
Drita;1;w
Eckhard;1;m
Duaa;1;w
Edgar;1;m
Dunya;1;w
Ege;1;m
Dünya;1;w
Eginhard;1;m
Ebba;1;w
Ejon;1;m
Ebrar;1;w
Ekin;1;m
Ebru;1;w
El-Shaddai;1;m
Ebtesam;1;w
Elay;1;m
Ece;1;w
Elias-Sam;1;m
Ecenaz;1;w
Elijah;1;m
Ecrin-Ebrar;1;w
Eliseo;1;m
Edeltrud;1;w
Elisha;1;m
Eden;1;w
Elmar;1;m
Eila;1;w
Elmedin;1;m
Ekin;1;w
Elois;1;m
Ela;1;w
Elon;1;m
Elaine;1;w
Eltayeb;1;m
Elaine-Maria;1;w
Elyan;1;m
Elarda;1;w
Elyas;1;m
Elayne;1;w
Emiliano;1;m
Elen;1;w
Emilio-Jerome;1;m
Eleonora;1;w
Emilio-Savas;1;m
Eleonore;1;w
Emmert;1;m
Elfije;1;w
Emran;1;m
Elfriede;1;w
Emrecan;1;m
Elia;1;w
Endrit;1;m
Elida;1;w
Engin;1;m
Elin;1;w
Enis;1;m
Elina;1;w
Eray;1;m
Elisabetha;1;w
Erekle;1;m
Elissa;1;w
Erfanjan;1;m
Eljesa;1;w
Ergin;1;m
Elli;1;w
Erich;1;m
Ellie;1;w
Erick;1;m
Ellinor;1;w
Erik-Xavier;1;m
Elmabrouk;1;w
Erlind;1;m
Elmehdi;1;w
Ernst;1;m
Elspeth;1;w
Eron;1;m
Elvira;1;w
Esteban;1;m
Elza;1;w
Ethan;1;m
Elâ;1;w
Etienne;1;m
Emely-Hope;1;w
Even;1;m
Emilia-Céline;1;w
Evert;1;m
Emilia-Sophia;1;w
Eyüp;1;m
Emilý;1;w
Ezzat;1;m
Emmanuella;1;w
Fabiano;1;m
Emmy;1;w
Fabrice-Davin;1;m
Emna;1;w
Facely;1;m
Emília;1;w
Fahad;1;m
Eni;1;w
Fahem;1;m
Enisa;1;w
Faisal;1;m
Enna;1;w
Faissal;1;m
Enni;1;w
Faiz;1;m
Era;1;w
Faris;1;m
Ernestine;1;w
Faruk;1;m
Erva;1;w
Fatih;1;m
Eryka;1;w
Fatin;1;m
Esila;1;w
Fauzi;1;m
Esin;1;w
Felipe;1;m
Eslem;1;w
Ferris;1;m
Esmeray;1;w
Fiete;1;m
Esperanza;1;w
Filipe;1;m
Esther;1;w
Fin;1;m
Etmet;1;w
Finan;1;m
Eunice;1;w
Finian;1;m
Eve;1;w
Finn-Elias;1;m
Evelina;1;w
Fjodor;1;m
Evelyn;1;w
Florent;1;m
Evgeniâ;1;w
Florentin;1;m
Evi;1;w
Florian-Muje;1;m
Evin;1;w
Francis;1;m
Evita;1;w
Frederic;1;m
Ewa;1;w
Fredrik;1;m
Ewelina;1;w
Frieder;1;m
Eya;1;w
Fritz;1;m
Eylan;1;w
Frédéric;1;m
Fabiola;1;w
Furkan;1;m
Fadel;1;w
Gellért;1;m
Faith;1;w
Genc;1;m
Fariha;1;w
George;1;m
Farina-Theresa;1;w
Gerd;1;m
Farwa;1;w
Gergő;1;m
Fatmeh-Liana;1;w
Gero;1;m
Fay;1;w
Gesar;1;m
Faye;1;w
Ghuled;1;m
Fayez;1;w
Giacomo;1;m
Feena;1;w
Gian;1;m
Filipa;1;w
Gianluca;1;m
Filippa;1;w
Gideon;1;m
Finya;1;w
Gilbert;1;m
Flora;1;w
Gino;1;m
Floriane;1;w
Giovanni;1;m
Florina;1;w
Glaukias;1;m
Frauke;1;w
Golo;1;m
Freja;1;w
Gottfried;1;m
Frigg;1;w
Gregor;1;m
Fritzi;1;w
Guiseppe;1;m
Frédérique;1;w
Gurmanpreet;1;m
Frézia;1;w
Gweth;1;m
Félicité;1;w
Géza;1;m
Gabrielle;1;w
Güner;1;m
Gamze;1;w
Günter;1;m
Geethanjalee;1;w
Hadif;1;m
Gemma;1;w
Hady;1;m
Georgina;1;w
Hagen;1;m
Gerda;1;w
Hakim;1;m
Gerdi;1;w
Halil;1;m
Gerta;1;w
Halilibrahim;1;m
Gesa;1;w
Hammam;1;m
Gia;1;w
Hanno;1;m
Gina;1;w
Hanns;1;m
Gina-Maria;1;w
Hans;1;m
Gioia;1;w
Hans-Peter;1;m
Giovanna;1;w
Harold;1;m
Gisela;1;w
Haroune;1;m
Giulietta;1;w
Harry;1;m
Glen;1;w
Harun;1;m
Glenna;1;w
Hasan-Deniz;1;m
Golshid;1;w
Hassn;1;m
Grazia;1;w
Hassrat;1;m
Grete;1;w
Hechem;1;m
Gudula;1;w
Hector;1;m
Gumma;1;w
Heiner;1;m
Gülşan;1;w
Heinz;1;m
Habiba;1;w
Heinz-Theo;1;m
Hadar;1;w
Helmut;1;m
Hadija;1;w
Hendrik;1;m
Haide;1;w
Henrich;1;m
Hajar;1;w
Henryk;1;m
Hala;1;w
Hergen;1;m
Halime;1;w
Herwig;1;m
Hanae;1;w
Hicham;1;m
Hanasa;1;w
Hikmet;1;m
Hanna-Sophie;1;w
Hischam;1;m
Hannah-Luise;1;w
Hiyoung;1;m
Hanne;1;w
Huanxian;1;m
Hannelore;1;w
Hui;1;m
Hareza;1;w
Husain;1;m
Hari;1;w
Husam;1;m
Harmony;1;w
Hussain;1;m
Hassan;1;w
Huzeyfe;1;m
Hatiçe;1;w
Idrees;1;m
Hatun;1;w
Idris;1;m
Havin;1;w
Ihsan;1;m
Hayleigh;1;w
Ilai;1;m
Hayrünnisa;1;w
Ilan;1;m
Hedwig;1;w
Ilian;1;m
Heidi;1;w
Ilkay;1;m
Helen;1;w
Imad;1;m
Helena-Amalia;1;w
Imran;1;m
Helia;1;w
Ingo;1;m
Helina;1;w
Iraka;1;m
Hellen;1;w
Ireneo;1;m
Henja;1;w
Isah;1;m
Henny;1;w
Isaia;1;m
Herta;1;w
Ishaan;1;m
Hidaya;1;w
İslam;1;m
Hilde;1;w
Issmael;1;m
Hilla;1;w
Ivo;1;m
Hoor;1;w
Iwan;1;m
Hožbaudievna;1;w
Iyas;1;m
Husam;1;w
Jaad;1;m
Hussein;1;w
Jabir;1;m
Hélène;1;w
Jack;1;m
Hêja;1;w
Jacques;1;m
Iara;1;w
Jad;1;m
Ibraimova;1;w
Jadro;1;m
Ieva;1;w
Jafar;1;m
Ignatia;1;w
Jafari;1;m
Ikram;1;w
Jago;1;m
Ilaia;1;w
Jai;1;m
Ilana;1;w
Jakovlevič;1;m
Iliana;1;w
Jakub;1;m
Ilirjana;1;w
Jalo;1;m
Imane;1;w
Jamain-Azad;1;m
Imane-Hadjar;1;w
Jamal;1;m
Imani;1;w
Jamie-Elias;1;m
Ina;1;w
Jamilio;1;m
Inass;1;w
Jamshid;1;m
Inaya;1;w
Jan-Luca;1;m
Inci;1;w
Jan-Philipp;1;m
Ines;1;w
Janesh;1;m
Inka;1;w
Janick;1;m
Inna;1;w
Janis;1;m
Inés;1;w
Janne;1;m
Ioana;1;w
Jannick;1;m
Iony;1;w
Jaqub;1;m
Iordana;1;w
Jari;1;m
Ipek;1;w
Jarik;1;m
İrem;1;w
Jarle;1;m
Irem;1;w
Jaro;1;m
Irena;1;w
Jay-Jay;1;m
Irene;1;w
Jayson;1;m
Irini;1;w
Jeanneau;1;m
Irmgard;1;w
Jed;1;m
Irmi;1;w
Jeffrey;1;m
Isla;1;w
Jendrik;1;m
Ismene;1;w
Jeremia;1;m
Israa;1;w
Jeremiah;1;m
Israh;1;w
Jeremias;1;m
Iva;1;w
Jerome;1;m
Ivanivna;1;w
Jerrit;1;m
Ivanovna;1;w
Jerzy;1;m
Iviana;1;w
Jhonathan;1;m
Ivy;1;w
Jiarui;1;m
Izabella;1;w
Jidad;1;m
Jamila;1;w
Jin-Ho;1;m
Jamilia;1;w
Jitu;1;m
Jamina;1;w
Joah;1;m
Jannet;1;w
Joan;1;m
Jannika;1;w
Joaquin;1;m
Jaqueline;1;w
Jodokus;1;m
Jara;1;w
Johnny;1;m
Jasleen;1;w
Jon;1;m
Jasmina;1;w
Jonas-Alexander;1;m
Jean;1;w
Jonne;1;m
Jeanne-Nora;1;w
Jooris;1;m
Jenna;1;w
Joos;1;m
Jeraldine;1;w
Joshua-Odil;1;m
Jianese;1;w
Josua;1;m
Jil;1;w
Josue;1;m
Jill;1;w
José;1;m
Jinane;1;w
Joumaa;1;m
Jinxi;1;w
Jovan;1;m
Joann;1;w
Juliano;1;m
Joel;1;w
Juma;1;m
Joelle;1;w
Junaid;1;m
Jolin;1;w
Junho;1;m
Jolina-Mia;1;w
Jura;1;m
Josefina;1;w
Jureaux;1;m
Josefiné;1;w
Jurek;1;m
Josephin;1;w
Jurij;1;m
Josi;1;w
Jusef;1;m
Joséphine;1;w
Justin;1;m
Jouleen;1;w
Jérome;1;m
Joumana;1;w
Jérémy;1;m
Jounayda;1;w
Kaan;1;m
Jovi;1;w
Kacper;1;m
Joyce-Patricia;1;w
Kader;1;m
Jula;1;w
Kaheri;1;m
Julie-Elise;1;w
Kaizhe;1;m
Juliette;1;w
Kamaro;1;m
Julika;1;w
Kamayou;1;m
Julina;1;w
Kamil;1;m
Julke;1;w
Kareem;1;m
Jumaa;1;w
Karel;1;m
June;1;w
Kariithi;1;m
Juni;1;w
Karl-Josef;1;m
Justina;1;w
Karlo;1;m
Júliska;1;w
Karlson;1;m
Kaiya;1;w
Karol;1;m
Kaja;1;w
Karsone;1;m
Kamama;1;w
Kasimir;1;m
Kamar;1;w
Kato;1;m
Kaoutar;1;w
Kayhan;1;m
Kara;1;w
Kazimir;1;m
Kardelen;1;w
Kenneth;1;m
Karin;1;w
Kerim;1;m
Karolin;1;w
Khamis;1;m
Karolina;1;w
Khaya;1;m
Kassia;1;w
Kiano;1;m
Kassiopeia;1;w
Kim;1;m
Katalina;1;w
Kimani;1;m
Katarina;1;w
King;1;m
Kate;1;w
Kingsley;1;m
Katerina;1;w
Kito;1;m
Katie;1;w
Kıvanç;1;m
Katinka;1;w
Kiyo;1;m
Katrin;1;w
Kiyoshi;1;m
Kaur;1;w
Klaas;1;m
Kerstin;1;w
Kolja;1;m
Kezia;1;w
Koray;1;m
Khalil;1;w
Kumar;1;m
Kiana;1;w
Kurt;1;m
Kim-Laura;1;w
Kusai;1;m
Kimberly;1;w
Kwesi;1;m
Kimberly-Chayenne;1;w
Kyan;1;m
Kimia;1;w
Lafrai;1;m
Kimiya;1;w
Larsson;1;m
Kisha;1;w
Lauan;1;m
Kisu;1;w
Lauren;1;m
Klara-Marie;1;w
Laurens;1;m
Klasina;1;w
Lawik;1;m
Komilbekovna;1;w
Lawrence;1;m
Konny;1;w
Leart;1;m
Koosje;1;w
Lebron;1;m
Kordula;1;w
Lenn;1;m
Kristina;1;w
Lennie;1;m
Kyra;1;w
Lenyo;1;m
Ladina;1;w
Leonardo-Francesco;1;m
Laeticia;1;w
Leone;1;m
Laetitia;1;w
Leto;1;m
Laila;1;w
Levan;1;m
Laila-Adelina;1;w
Levent;1;m
Lala;1;w
Levente;1;m
Lalita;1;w
Lew;1;m
Lamia;1;w
Lewin;1;m
Lane;1;w
Lewis;1;m
Lanya;1;w
Lim;1;m
Lara-Sophie;1;w
Linas;1;m
Larasati;1;w
Lino;1;m
Larissa;1;w
Linton;1;m
Latifa;1;w
Lio;1;m
Laura-Marie;1;w
Lion;1;m
Laure;1;w
Liviu;1;m
Laurentia;1;w
Liyang;1;m
Laurina;1;w
Loay;1;m
Lavinia;1;w
Logan;1;m
Leeni;1;w
Loki;1;m
Lena-Maria;1;w
Lou;1;m
Lena-Marie;1;w
Louay;1;m
Lena-Sophie;1;w
Lovis;1;m
Leni-Mathilda;1;w
Luca-Daniel;1;m
Lenka;1;w
Luca-Emilio;1;m
Lenya;1;w
Luca-Toni;1;m
Leonida;1;w
Lucien;1;m
Leonie-Emilia;1;w
Lucius;1;m
Leonor;1;w
Luk;1;m
Leontine;1;w
Luka-Frano;1;m
Lerke;1;w
Lukas-Marco;1;m
Leticia;1;w
Lukesh;1;m
Lexa;1;w
Lutwin;1;m
Lexie;1;w
Luís;1;m
Liara;1;w
Lysander;1;m
Lidwina;1;w
Maarten;1;m
Lieselotte;1;w
Mads;1;m
Lijana;1;w
Maelan;1;m
Lila;1;w
Mahmoud;1;m
Lili;1;w
Maik;1;m
Lilija;1;w
Majd;1;m
Lilou;1;w
Mak;1;m
Lina-Louisa;1;w
Makani;1;m
Line;1;w
Malagnthen;1;m
Linn;1;w
Malek;1;m
Lioba;1;w
Malo;1;m
Lionelle;1;w
Mamdouh;1;m
Lisa-Janel;1;w
Mandino;1;m
Lisa-Marie;1;w
Manfred;1;m
Lisann;1;w
Mansour;1;m
Lisanne;1;w
Marien;1;m
Lise;1;w
Marley;1;m
Lisette;1;w
Martim;1;m
Livie;1;w
Marwin;1;m
Liyan;1;w
Matar;1;m
Liyana;1;w
Matejo;1;m
Liz;1;w
Matjash;1;m
Llella;1;w
Mattes;1;m
Loana;1;w
Matthew;1;m
Lolo;1;w
Matthis;1;m
Longyue;1;w
Maurits;1;m
Lonni;1;w
Mawunyo;1;m
Loraine;1;w
Max-Mahir;1;m
Lore;1;w
Maxime;1;m
Loreley;1;w
Maximilian-Tobias;1;m
Loresa;1;w
Maysara;1;m
Loriana;1;w
Melih;1;m
Lorin;1;w
Meo;1;m
Lorin-Heva;1;w
Merdian;1;m
Lorina;1;w
Mervan;1;m
Lorraine;1;w
Mesam;1;m
Lotta-Marie;1;w
Meshal;1;m
Lotti;1;w
Mesut;1;m
Loucea;1;w
Metin;1;m
Louna;1;w
Mhamed;1;m
Lova;1;w
Mica;1;m
Lovely;1;w
Mich;1;m
Lovis;1;w
Michaél;1;m
Lowis;1;w
Mick;1;m
Lucienne;1;w
Mihnea;1;m
Lucía;1;w
Mik;1;m
Lumi;1;w
Mikel;1;m
Lumina;1;w
Mikkel;1;m
Luna-Marie;1;w
Milan-Pascal;1;m
Luzie;1;w
Miles-Lino;1;m
Luzy;1;w
Milian;1;m
Lya;1;w
Milo;1;m
Lydia;1;w
Milorad;1;m
Lyla;1;w
Mingyang;1;m
Léa;1;w
Minh;1;m
Lì-Nà;1;w
Minho;1;m
Mabella;1;w
Mircea;1;m
Madelaine-Sanja;1;w
Mirko;1;m
Madison;1;w
Miroslaw;1;m
Madleen;1;w
Mirza;1;m
Mae;1;w
Mirzan;1;m
Mafazha;1;w
Mohamed-Ali;1;m
Magali;1;w
Mohamed-Amir;1;m
Magalie;1;w
Mohammed-Amin;1;m
Mahmoud;1;w
Mohammed-Jan;1;m
Mahsan;1;w
Monti;1;m
Mai;1;w
Monty;1;m
Maiar;1;w
Mosab;1;m
Maili;1;w
Mouhamamadou;1;m
Maisha;1;w
Mounir;1;m
Maisy;1;w
Moussa;1;m
Maitea;1;w
Muhamad;1;m
Maitha;1;w
Muhamed;1;m
Maj-Lena;1;w
Muhammad;1;m
Majlinda;1;w
Muhammad-Noor;1;m
Makay;1;w
Muhammet;1;m
Maksimovna;1;w
Muhammet-Ali;1;m
Mala;1;w
Mujahid;1;m
Malaika;1;w
Murat;1;m
Malaikat;1;w
Musab;1;m
Malea;1;w
Myo;1;m
Malee;1;w
Máté;1;m
Malu;1;w
Máximo;1;m
Mantegaftot;1;w
Nader;1;m
Mané;1;w
Nadir;1;m
Marcelina;1;w
Nail;1;m
Marco;1;w
Naser;1;m
Marei;1;w
Nasser;1;m
Maren;1;w
Natsuki;1;m
Maresa;1;w
Naures;1;m
Margaretha;1;w
Naveen;1;m
Margarita;1;w
Navjot;1;m
Mari;1;w
Neill;1;m
Maria-Elissa;1;w
Nelson;1;m
Mariama;1;w
Nenad;1;m
Marie-Claire;1;w
Nicholas;1;m
Marie-Estelle;1;w
Nick-Levin;1;m
Marie-Luise;1;w
Nickolas;1;m
Marijama;1;w
Nicolai;1;m
Mariola;1;w
Nik;1;m
Marisa;1;w
Nikita-Julius;1;m
Marisol;1;w
Nikita-Maximilian;1;m
Marit;1;w
Nikodem;1;m
Marla-Marie;1;w
Nikolaj;1;m
Marle;1;w
Nilo;1;m
Marlena;1;w
Nino-Agron;1;m
Marlies;1;w
Njal;1;m
Marlind;1;w
Noah-Brahim;1;m
Marlotta;1;w
Noah-Maxim;1;m
Mary;1;w
Noam;1;m
Mary-Ranya;1;w
Noe;1;m
Mary-Yasmin;1;w
Noha;1;m
Maryam;1;w
Noninoor;1;m
Masaoud;1;w
Norbert;1;m
Mascha;1;w
Norik;1;m
Maxi;1;w
Norwin;1;m
Maxie;1;w
Notker;1;m
Maxima;1;w
Nouri;1;m
Maxine;1;w
Nouriel;1;m
Mayar;1;w
Noé-Teman;1;m
Maysam;1;w
Noël;1;m
Małgorzata;1;w
Néville;1;m
Mban;1;w
Odysseas;1;m
Mbinya;1;w
Okay;1;m
Melena;1;w
Olaf;1;m
Melia;1;w
Olcay;1;m
Meliah;1;w
Oleksandrovič;1;m
Melina-Maria;1;w
Olivier;1;m
Melis;1;w
Omran;1;m
Meliya;1;w
Oniel;1;m
Mena;1;w
Osaivbie;1;m
Mercédes;1;w
Oscar-Henning;1;m
Merjema;1;w
Oswald;1;m
Merte;1;w
Othman;1;m
Meryam;1;w
Otis;1;m
Methawee;1;w
Oualid;1;m
Mette;1;w
Ouassim;1;m
Meyra;1;w
Ousama;1;m
Meyssa;1;w
Owen;1;m
Mia-Amara;1;w
oğlu;1;m
Mia-Kimberly;1;w
Pantelis;1;m
Mia-Sofie;1;w
Paolo;1;m
Mieke;1;w
Parsa;1;m
Mihajlovna;1;w
Pasquale;1;m
Mihana;1;w
Patra;1;m
Mija;1;w
Patrice;1;m
Mika;1;w
Patrik;1;m
Milada;1;w
Paul-Leonhard;1;m
Miley;1;w
Pavel;1;m
Milica;1;w
Paşa;1;m
Milja;1;w
Pedro;1;m
Milou;1;w
Peer;1;m
Mina-Marie;1;w
Peer-Bengt;1;m
Minea;1;w
Penchev;1;m
Minela;1;w
Perit;1;m
Ming;1;w
Phanuwat;1;m
Minha;1;w
Phelan;1;m
Mirabell;1;w
Phileas;1;m
Miranda;1;w
Phineas;1;m
Miray;1;w
Pino;1;m
Mireia;1;w
Pio;1;m
Mmesomachi;1;w
Pit;1;m
Mohammed;1;w
Pius;1;m
Mohsen;1;w
Possi;1;m
Momo;1;w
Preston;1;m
Morena;1;w
Prince;1;m
Mouna;1;w
Pēteris;1;m
Mu-En;1;w
Qeram;1;m
Muadi;1;w
Qi-Meng;1;m
Muriel;1;w
Quinn;1;m
Muslimovna;1;w
Rachid;1;m
Mya;1;w
Radomir;1;m
Mykene;1;w
Rafail-Athanasios;1;m
Naeli;1;w
Ragnar;1;m
Naelle;1;w
Rahim;1;m
Naemi;1;w
Raik;1;m
Nagela;1;w
Rainer;1;m
Naila-Minel;1;w
Ralf;1;m
Naima;1;w
Ramadan;1;m
Najoua;1;w
Ramazan;1;m
Nancy;1;w
Rami;1;m
Narcisa-Elisa;1;w
Ramy;1;m
Narges;1;w
Ranveer;1;m
Nastassja;1;w
Rashad;1;m
Natalia;1;w
Rashid;1;m
Naurin;1;w
Rasmus;1;m
Nawal;1;w
Rassan;1;m
Nayenka;1;w
Ravi;1;m
Nayla;1;w
Rayan;1;m
Nebiyat;1;w
Rayen;1;m
Neelia;1;w
Raza;1;m
Neema;1;w
Reda;1;m
Nehle;1;w
Rewandiz;1;m
Nelly-Sophie;1;w
Ricardo;1;m
Nena;1;w
Rion;1;m
Neriah;1;w
Rishabh;1;m
Ngawang;1;w
Rocco;1;m
Ngonwi;1;w
Rodin;1;m
Ni;1;w
Rohan;1;m
Niamh;1;w
Rokas;1;m
Nicole-Michelle;1;w
Roko;1;m
Nicoleta;1;w
Rolf;1;m
Niela;1;w
Romain;1;m
Nienke;1;w
Ronald;1;m
Nihad;1;w
Rudolf;1;m
Nihle;1;w
Saba;1;m
Nike;1;w
Saeed;1;m
Nikitá;1;w
Sahin-Deniz;1;m
Nikola;1;w
Saif;1;m
Nikolaev;1;w
Saimen;1;m
Nila;1;w
Salah;1;m
Nilay;1;w
Saleh;1;m
Niloufar;1;w
Salih;1;m
Nisagül;1;w
Salomon;1;m
Nisanur;1;w
Sama;1;m
Nishani;1;w
Sami;1;m
Niyaz;1;w
Samim;1;m
Nocera;1;w
Samin;1;m
Noelia;1;w
Sammy;1;m
Noelle;1;w
Samyar;1;m
Nola;1;w
Sander;1;m
Noraya;1;w
Sandor;1;m
Nova;1;w
Sandro;1;m
Noé;1;w
Sanney;1;m
Nyssa;1;w
Sarp;1;m
Néfertiti;1;w
Sean-Luca;1;m
Oghosa;1;w
Seckin;1;m
Oksana;1;w
Seddik;1;m
Olegovna;1;w
Sefa;1;m
Oliwia;1;w
Selmedin;1;m
Omar;1;w
Selmon;1;m
Omayra;1;w
Semi;1;m
Omoze;1;w
Semih-Taha;1;m
Orela;1;w
Sennin;1;m
Osaro;1;w
Serafim;1;m
Osasogie;1;w
Seraj;1;m
Ottilie;1;w
Severin;1;m
Oulen;1;w
Severus;1;m
Oumama;1;w
Shantem;1;m
Palina;1;w
Shero;1;m
Pantea;1;w
Shervan;1;m
Paola;1;w
Sidar;1;m
Parvane;1;w
Sidney;1;m
Paschtana;1;w
Siegfried;1;m
Patricia;1;w
Silas;1;m
Peace;1;w
Silvan;1;m
Pelin;1;w
Silvester;1;m
Penelope;1;w
Sinan;1;m
Peri;1;w
Sinefo;1;m
Pernilla;1;w
Sineth;1;m
Philine;1;w
Sipan;1;m
Phương;1;w
Siyabend;1;m
Pinou;1;w
Sofian;1;m
Polina;1;w
Soliman;1;m
Priya;1;w
Soufian;1;m
Purity;1;w
Souhayb;1;m
Putri;1;w
Soykan;1;m
Rafaela;1;w
Sukhmandeep;1;m
Ran;1;w
Sulayman;1;m
Ranja;1;w
Suleiman;1;m
Raouan;1;w
Svend;1;m
Raphaela;1;w
Syed;1;m
Raphah;1;w
Tadeusz;1;m
Rasan;1;w
Taha;1;m
Rawan;1;w
Taiyô;1;m
Rea;1;w
Talcha;1;m
Rebecka-Maria;1;w
Talha;1;m
Rebekka;1;w
Tam;1;m
Regiswind;1;w
Tamme;1;m
Reihan;1;w
Tammo;1;m
Reine;1;w
Tan;1;m
Reka;1;w
Tarik;1;m
Rema;1;w
Tayler;1;m
Remée;1;w
Tenzin;1;m
Rena;1;w
Teoman;1;m
Renesmee;1;w
Thaddäus;1;m
Reyna;1;w
Theodor-Aloys;1;m
Ria-Martha;1;w
Theodore;1;m
Richelle;1;w
Thiago;1;m
Riham;1;w
Thilo;1;m
Riyadh;1;w
Thorben;1;m
Riyansha;1;w
Thorsten;1;m
Roberta;1;w
Théodore-Daniel;1;m
Rocio;1;w
Til;1;m
Rokaya;1;w
Timeo;1;m
Rokia;1;w
Timofey;1;m
Romayssa;1;w
Timon;1;m
Romina;1;w
Tino;1;m
Rona;1;w
Tizian;1;m
Rosa-Marie;1;w
Tjure;1;m
Rosemarie;1;w
Tom-Lucca;1;m
Rotraud;1;w
Tommy;1;m
Rouayae;1;w
Tomáš;1;m
Roya;1;w
Tony;1;m
Roza;1;w
Torsten;1;m
Rozerin;1;w
Traian;1;m
Rumah;1;w
Tseten;1;m
Rumaisa;1;w
Tyron;1;m
Runia;1;w
Udayvir;1;m
Ruslanovna;1;w
Umar;1;m
Réka;1;w
Umar-Abdurrahman;1;m
Rümeysa;1;w
Umut-Murat;1;m
Sabine;1;w
Uriel;1;m
Sadin;1;w
Usaid;1;m
Sahra;1;w
Usman;1;m
Saja;1;w
Usmon;1;m
Sajidah;1;w
Uwe;1;m
Salim;1;w
Uzair;1;m
Salome;1;w
Vahe;1;m
Salvina;1;w
Valentino;1;m
Sama;1;w
Valer'evič;1;m
Samia;1;w
Valerian;1;m
Samiya;1;w
Valerij;1;m
Samma;1;w
Vanna;1;m
Samya;1;w
Varoujan;1;m
Sana;1;w
Vigan;1;m
Saphia;1;w
Vinzent;1;m
Saran;1;w
Viorel;1;m
Sare;1;w
Virgile;1;m
Sarina;1;w
Vital'evič;1;m
Saron;1;w
Vitaly;1;m
Sasha;1;w
Vito;1;m
Sayeda;1;w
Vladyslav;1;m
Sayleen;1;w
Víctor;1;m
Scarlett;1;w
Võ;1;m
Schazia;1;w
Waleed;1;m
Selestine;1;w
Walid;1;m
Selin;1;w
Walidad;1;m
Selini;1;w
Wassim;1;m
Selsabil;1;w
Wen-Jie;1;m
Sema;1;w
Wiktor;1;m
Semeen;1;w
Wotan;1;m
Semina;1;w
Xander;1;m
Serafina;1;w
Xaniar;1;m
Sevgi;1;w
Xhentil;1;m
Seyda-Su;1;w
Xi;1;m
Shahed;1;w
Xiaolong;1;m
Shalini;1;w
Ximing;1;m
Shamsiya;1;w
Yakhlef;1;m
Shanaya;1;w
Yakhlif;1;m
Sharazade;1;w
Yaman;1;m
Sharleen-Sahra;1;w
Yamen;1;m
Shasmina;1;w
Yannis;1;m
Shatu;1;w
Yaqub;1;m
Sheela;1;w
Yared;1;m
Shemsije;1;w
Yasser;1;m
Sheraz;1;w
Yassine;1;m
Sherin-Monira;1;w
Yassir;1;m
Shiriahn;1;w
Yazan-Julian;1;m
Sibel;1;w
Yehya;1;m
Sidra;1;w
Yeojun;1;m
Sieglinde;1;w
Yesen;1;m
Siena;1;w
Yessine;1;m
Sigrun;1;w
Yong;1;m
Sıla;1;w
Yorik;1;m
Silesia;1;w
Yosef;1;m
Silia;1;w
Yoshua;1;m
Simone;1;w
Yousef;1;m
Sina-Fabienne;1;w
Yug;1;m
Siyana;1;w
Yun;1;m
Smia;1;w
Yusif;1;m
Sofia-Isabell;1;w
Yussri;1;m
Sofija;1;w
Yussuf;1;m
Sol;1;w
Yuxiang;1;m
Soléa;1;w
Yuxuan;1;m
Sonia;1;w
Yves-Bosse;1;m
Sonngard;1;w
Zahir;1;m
Souadou;1;w
Zaid;1;m
Soumaya;1;w
Zhiyuan;1;m
Spes;1;w
Zidane;1;m
Stefania;1;w
Zinedin;1;m
Stella-Marie;1;w
Zinedine;1;m
Stellina;1;w
Zsombor;1;m
Stina;1;w
Ângelo;1;m
Su;1;w
Çağrı;1;m
Sue;1;w
Çınar;1;m
Suela;1;w
Çîya;1;m
Suhani;1;w
Ìbrahim;1;m
Suheir;1;w
Önder;1;m
Sukaina;1;w
Ěvgenìj;1;m
Sulay;1;w
Şiyar;1;m
Sultan;1;w
Sumaya;1;w
Sumeja;1;w
Sumeyya;1;w
Sun-Lin;1;w
Susan;1;w
Susanna;1;w
Svenja;1;w
Swantje;1;w
Syeda;1;w
Sylvie;1;w
Séila;1;w
Tajra;1;w
Taline;1;w
Tamara;1;w
Tamira;1;w
Tanisha;1;w
Tarek;1;w
Taya;1;w
Taçmin;1;w
Tegwi;1;w
Teona;1;w
Tessa;1;w
Teuntje;1;w
Thaelia;1;w
Thekla;1;w
Theodora;1;w
Thu;1;w
Thérèse;1;w
Thủy;1;w
Tiana;1;w
Tifa;1;w
Tina;1;w
Tiên;1;w
Toni;1;w
Truc;1;w
Tuba;1;w
Tuğba;1;w
Ulla;1;w
Umniyah;1;w
Urielle;1;w
Ursula;1;w
Valencia;1;w
Vediye;1;w
Veerle;1;w
Vega;1;w
Vegas;1;w
Venus;1;w
Verena;1;w
Viana;1;w
Vida;1;w
Viola;1;w
Violeen;1;w
Vivian;1;w
Vivianne;1;w
Vivien;1;w
Viyan;1;w
Vladimirova;1;w
Wantian;1;w
Wassyale;1;w
Wend;1;w
Wendyam;1;w
Wiebke;1;w
Wilhelma;1;w
Winn;1;w
Winnie;1;w
Xiao;1;w
Xing;1;w
Xuan;1;w
Yade;1;w
Yana;1;w
Yang;1;w
Yangtso;1;w
Yara;1;w
Yaren;1;w
Yaroslava;1;w
Yasmina;1;w
Yassmina;1;w
Yaël;1;w
Yekatarina;1;w
Yeliz;1;w
Yıldız;1;w
Yoomee;1;w
Yousra;1;w
Yousuf;1;w
Yuanxi;1;w
Yuechen;1;w
Yunxi;1;w
Yuriana;1;w
Yvette;1;w
Yüsra;1;w
Zara-Azra;1;w
Zatanna;1;w
Zaynab;1;w
Zazou;1;w
Zejneb;1;w
Zenobia;1;w
Zhi;1;w
Zilan;1;w
Zimeng;1;w
Zine;1;w
Zohra;1;w
Zonya;1;w
Zora;1;w
Zoë;1;w
Éliette;1;w
Émilie;1;w
Ünzile;1;w
Şefika;1;w
Şevin;1;w
Şilan;1;w
