anzahl;vorname;geschlecht;position
86;Marie;w;2
75;Sophie;w;2
50;Noah;m;1
46;Emilia;w;1
45;Maria;w;2
43;Jonas;m;1
42;Felix;m;1
41;Anna;w;1
40;Alexander;m;2
39;Emma;w;1
39;Leon;m;1
39;Mia;w;1
37;Emil;m;1
37;Paul;m;1
36;Mila;w;1
36;Jakob;m;1
35;Lea;w;1
34;Marie;w;1
34;Ben;m;1
33;Maximilian;m;2
33;Sophia;w;1
33;Maximilian;m;1
32;Charlotte;w;1
32;Sophie;w;1
30;Clara;w;1
30;Lina;w;1
29;Elias;m;1
29;Julian;m;1
28;Jonathan;m;1
28;Lukas;m;1
27;Lena;w;1
27;Finn;m;1
27;Henry;m;1
27;Theo;m;1
26;Leni;w;1
26;David;m;1
26;Luca;m;1
26;Luis;m;1
26;Oskar;m;1
25;Mats;m;1
24;Elisabeth;w;2
24;Paula;w;1
23;Leonie;w;1
23;Alexander;m;1
23;Leo;m;1
23;Liam;m;1
22;Luisa;w;1
22;Nele;w;1
22;Adam;m;1
21;Paul;m;2
21;Marlene;w;1
21;Mira;w;1
21;Anton;m;1
21;Karl;m;1
21;Leonard;m;1
21;Niklas;m;1
21;Tom;m;1
20;Charlotte;w;2
20;Ida;w;1
20;Laura;w;1
20;Lia;w;1
20;Johann;m;1
20;Louis;m;1
20;Milan;m;1
20;Moritz;m;1
20;Theodor;m;1
19;Johanna;w;1
19;Maria;w;1
18;Emilia;w;2
18;Katharina;w;2
18;Amelie;w;1
18;Hannah;w;1
18;Max;m;1
17;Anton;m;2
17;Maja;w;1
17;Miran;m;1
16;Hanna;w;1
16;Sofia;w;1
16;Benjamin;m;1
16;Jan;m;1
16;Samuel;m;1
15;Lotta;w;1
15;Nora;w;1
15;Daniel;m;1
15;Levi;m;1
15;Matteo;m;1
15;Maxim;m;1
15;Mika;m;1
15;Mohamed;m;1
14;David;m;2
14;Elisa;w;1
14;Ella;w;1
14;Emily;w;1
14;Frida;w;1
14;Julia;w;1
14;Lara;w;1
14;Mina;w;1
14;Sara;w;1
14;Julius;m;1
14;Konstantin;m;1
13;Benjamin;m;2
13;Luise;w;2
13;Ava;w;1
13;Helena;w;1
13;Jana;w;1
13;Klara;w;1
13;Adrian;m;1
13;Fabian;m;1
13;Malik;m;1
12;Leonard;m;2
12;Anna;w;2
12;Johanna;w;2
12;Sofia;w;2
12;Alina;w;1
12;Amalia;w;1
12;Antonia;w;1
12;Isabella;w;1
12;Lilly;w;1
12;Aaron;m;1
12;Erik;m;1
12;Gabriel;m;1
12;Jonah;m;1
12;Linus;m;1
12;Malte;m;1
12;Tim;m;1
11;Emil;m;2
11;Karl;m;2
11;Michael;m;2
11;Carla;w;1
11;Elena;w;1
11;Frieda;w;1
11;Louisa;w;1
11;Merle;w;1
11;Olivia;w;1
11;Thea;w;1
11;Emilio;m;1
11;Ibrahim;m;1
11;Philipp;m;1
11;Valentin;m;1
10;Elias;m;2
10;Victoria;w;2
10;Amira;w;1
10;Carlotta;w;1
10;Elina;w;1
10;Lisa;w;1
10;Mathilda;w;1
10;Maya;w;1
10;Arthur;m;1
10;Sarah;w;1
10;Carl;m;1
10;Carlo;m;1
10;Hamza;m;1
10;Henri;m;1
10;Joshua;m;1
10;Lennard;m;1
10;Lian;m;1
9;Friedrich;m;2
9;Johann;m;2
9;Sophia;w;2
9;Johannes;m;2
9;Liam;m;2
9;Noel;m;2
9;Linda;w;1
9;Liya;w;1
9;Luise;w;1
9;Paulina;w;1
9;Pauline;w;1
9;Constantin;m;1
9;Frederik;m;1
9;Jona;m;1
9;Lasse;m;1
9;Ludwig;m;1
9;Michael;m;1
9;Nils;m;1
9;Ole;m;1
9;Sam;m;1
9;Simon;m;1
9;Till;m;1
9;Toni;m;1
9;Yusuf;m;1
8;Josephine;w;2
8;Lea;w;2
8;Mathilda;w;2
8;Albert;m;2
8;Valentina;w;2
8;Henri;m;2
8;Leon;m;2
8;Matthias;m;2
8;Philipp;m;2
8;Valentin;m;2
8;Aurelia;w;1
8;Ayla;w;1
8;Cleo;w;1
8;Franziska;w;1
8;Jasmin;w;1
8;Lilli;w;1
8;Matilda;w;1
8;Romy;w;1
8;Victoria;w;1
8;Benno;m;1
8;Christian;m;1
8;Enno;m;1
8;Ilyas;m;1
8;Kilian;m;1
8;Mateo;m;1
8;Mattis;m;1
8;Musa;m;1
8;Nicolas;m;1
8;Omar;m;1
7;Elisabeth;w;3
7;Sophie;w;3
7;Antonia;w;2
7;Christin;w;2
7;Elisa;w;2
7;Nur;w;2
7;Sofie;w;2
7;Ferdinand;m;2
7;Theresa;w;2
7;Franz;m;2
7;Gabriel;m;2
7;Georg;m;2
7;Heinrich;m;2
7;Henry;m;2
7;Jan;m;2
7;Jonas;m;2
7;Jonathan;m;2
7;Leo;m;2
7;Ludwig;m;2
7;Matteo;m;2
7;Samuel;m;2
7;Amina;w;1
7;Flora;w;1
7;Josefine;w;1
7;Josephine;w;1
7;Juna;w;1
7;Karla;w;1
7;Layan;w;1
7;Liana;w;1
7;Lotte;w;1
7;Maila;w;1
7;Mara;w;1
7;Medina;w;1
7;Melina;w;1
7;Rosa;w;1
7;Theresa;w;1
7;Tilda;w;1
7;Benedikt;m;1
7;Yuna;w;1
7;Bruno;m;1
7;Zoe;w;1
7;Fiete;m;1
7;Friedrich;m;1
7;Hannes;m;1
7;Jannik;m;1
7;Jannis;m;1
7;Rayan;m;1
7;Richard;m;1
7;Vincent;m;1
6;Christine;w;2
6;Clara;w;2
6;Dorothea;w;2
6;Elise;w;2
6;Helene;w;2
6;Josefine;w;2
6;Lina;w;2
6;Louise;w;2
6;Luisa;w;2
6;Viktoria;w;2
6;Ali;m;2
6;Andreas;m;2
6;Benedikt;m;2
6;Felix;m;2
6;Frederik;m;2
6;Jakob;m;2
6;Levi;m;2
6;Peter;m;2
6;Sebastian;m;2
6;Theo;m;2
6;Theodor;m;2
6;Wilhelm;m;2
6;Anastasia;w;1
6;Anni;w;1
6;Ariana;w;1
6;Ela;w;1
6;Elea;w;1
6;Elin;w;1
6;Elisabeth;w;1
6;Fiona;w;1
6;Ali;m;1
6;Katharina;w;1
6;Amin;m;1
6;Lana;w;1
6;Bilal;m;1
6;Malia;w;1
6;Elia;m;1
6;Malou;w;1
6;Elian;m;1
6;Maryam;w;1
6;Franz;m;1
6;Melek;w;1
6;Fritz;m;1
6;Melissa;w;1
6;Hugo;m;1
6;Nala;w;1
6;Jasper;m;1
6;Nina;w;1
6;Lars;m;1
6;Rosalie;w;1
6;Leonardo;m;1
6;Valerie;w;1
6;Lio;m;1
6;Viktoria;w;1
6;Luan;m;1
6;Zeynep;w;1
6;Luke;m;1
6;Marlon;m;1
6;Matheo;m;1
6;Milo;m;1
6;Mohammad;m;1
6;Nico;m;1
6;Oliver;m;1
6;Oscar;m;1
6;Youssef;m;1
5;Wilhelm;m;3
5;Marie;w;3
5;Alexandra;w;2
5;Emma;w;2
5;Isabella;w;2
5;Lou;w;2
5;Lucia;w;2
5;Matilda;w;2
5;Pauline;w;2
5;Ben;m;2
5;Carl;m;2
5;Caspar;m;2
5;Joel;m;2
5;Jona;m;2
5;Josef;m;2
5;Julius;m;2
5;Linus;m;2
5;Luca;m;2
5;Mateo;m;2
5;Noah;m;2
5;Ole;m;2
5;Alessia;w;1
5;Alexandra;w;1
5;Alma;w;1
5;Eliana;w;1
5;Elise;w;1
5;Fatima;w;1
5;Freya;w;1
5;Greta;w;1
5;Hailey;w;1
5;Ahmad;m;1
5;Jule;w;1
5;Ahmed;m;1
5;Lily;w;1
5;Arian;m;1
5;Liyana;w;1
5;Aron;m;1
5;Lucy;w;1
5;Bela;m;1
5;Luna;w;1
5;Emir;m;1
5;Yara;w;1
5;Eric;m;1
5;Florian;m;1
5;Fynn;m;1
5;Jaron;m;1
5;Johannes;m;1
5;John;m;1
5;Kian;m;1
5;Levin;m;1
5;Lias;m;1
5;Lionel;m;1
5;Luka;m;1
5;Marc;m;1
5;Martin;m;1
5;Mohammed;m;1
5;Pepe;m;1
5;Phil;m;1
5;Rafael;m;1
5;Raphael;m;1
5;Robin;m;1
5;Sebastian;m;1
5;Tobias;m;1
5;Yasin;m;1
4;Michael;m;3
4;Peter;m;3
4;Luise;w;3
4;Aurelia;w;2
4;Carla;w;2
4;Christina;w;2
4;Ella;w;2
4;Felicitas;w;2
4;Jolie;w;2
4;Joline;w;2
4;Julia;w;2
4;Leni;w;2
4;Louisa;w;2
4;Luzia;w;2
4;Margarete;w;2
4;Mina;w;2
4;Rose;w;2
4;Su;w;2
4;Amin;m;2
4;Antoine;m;2
4;Bernhard;m;2
4;Can;m;2
4;Constantin;m;2
4;Daniel;m;2
4;Elia;m;2
4;Emanuel;m;2
4;Issa;m;2
4;Konstantin;m;2
4;Leopold;m;2
4;Lio;m;2
4;Luis;m;2
4;Max;m;2
4;Maxim;m;2
4;Mohammed;m;2
4;Moritz;m;2
4;Otto;m;2
4;Thomas;m;2
4;Alea;w;1
4;Aleyna;w;1
4;Amaya;w;1
4;Amelia;w;1
4;Amine;w;1
4;Amy;w;1
4;Annika;w;1
4;Arya;w;1
4;Daria;w;1
4;Elly;w;1
4;Elsa;w;1
4;Emilie;w;1
4;Emmi;w;1
4;Esila;w;1
4;Eva;w;1
4;Felicitas;w;1
4;Feline;w;1
4;Hafsa;w;1
4;Hana;w;1
4;Heidi;w;1
4;Isabel;w;1
4;Lene;w;1
4;Amir;m;1
4;Liah;w;1
4;Anas;m;1
4;Livia;w;1
4;Ayaz;m;1
4;Lorena;w;1
4;Clemens;m;1
4;Malika;w;1
4;Darian;m;1
4;Malin;w;1
4;Elyas;m;1
4;Mariam;w;1
4;Emilian;m;1
4;Mariella;w;1
4;Emin;m;1
4;Mayla;w;1
4;Ferdinand;m;1
4;Meryem;w;1
4;Finley;m;1
4;Miriam;w;1
4;Georg;m;1
4;Nadia;w;1
4;Hassan;m;1
4;Nika;w;1
4;Ian;m;1
4;Pia;w;1
4;Ilian;m;1
4;Ronja;w;1
4;Imran;m;1
4;Ismail;m;1
4;Jad;m;1
4;Jannes;m;1
4;Jano;m;1
4;Jonte;m;1
4;Justus;m;1
4;Lenny;m;1
4;Lucas;m;1
4;Marco;m;1
4;Matti;m;1
4;Mikail;m;1
4;Mustafa;m;1
4;Nael;m;1
4;Nathan;m;1
4;Nikita;m;1
4;Rio;m;1
4;Sami;m;1
4;Thilo;m;1
4;Timo;m;1
3;Alexander;m;3
3;August;m;3
3;Anna;w;3
3;Johannes;m;3
3;Maria;w;3
3;Alice;w;2
3;Amelie;w;2
3;Carlotta;w;2
3;Eva;w;2
3;Felicia;w;2
3;Florentine;w;2
3;Franziska;w;2
3;Frieda;w;2
3;Hannah;w;2
3;Ida;w;2
3;Isabel;w;2
3;Joleen;w;2
3;Laura;w;2
3;Leonie;w;2
3;Lieselotte;w;2
3;Liv;w;2
3;Maja;w;2
3;Malin;w;2
3;Malou;w;2
3;Marleen;w;2
3;Marlene;w;2
3;Mia;w;2
3;Milena;w;2
3;Andrei;m;2
3;Nina;w;2
3;Asaf;m;2
3;Rita;w;2
3;August;m;2
3;Romy;w;2
3;Christian;m;2
3;Sara;w;2
3;Efe;m;2
3;Therese;w;2
3;Emilian;m;2
3;Yael;w;2
3;Emmanuel;m;2
3;Fabian;m;2
3;Felipe;m;2
3;Fiete;m;2
3;Fynn;m;2
3;Gregor;m;2
3;Gustav;m;2
3;Jacob;m;2
3;Joseph;m;2
3;Konrad;m;2
3;Leander;m;2
3;Leonhard;m;2
3;Luka;m;2
3;Lukas;m;2
3;Manfred;m;2
3;Manuel;m;2
3;Marco;m;2
3;Markus;m;2
3;Martin;m;2
3;Mathias;m;2
3;Mats;m;2
3;Maurice;m;2
3;Mohamed;m;2
3;Niklas;m;2
3;Raphael;m;2
3;Simon;m;2
3;Toni;m;2
3;Valentino;m;2
3;William;m;2
3;Aaliyah;w;1
3;Ada;w;1
3;Aisha;w;1
3;Alaa;w;1
3;Alba;w;1
3;Alissa;w;1
3;Aliya;w;1
3;Alva;w;1
3;Amal;w;1
3;Ana;w;1
3;Arianna;w;1
3;Arina;w;1
3;Aseel;w;1
3;Asiya;w;1
3;Astrid;w;1
3;Asya;w;1
3;Cataleya;w;1
3;Dalia;w;1
3;Dania;w;1
3;Diana;w;1
3;Antonio;m;1
3;Dina;w;1
3;Arno;m;1
3;Eleanor;w;1
3;Ayan;m;1
3;Eleonora;w;1
3;Bo;m;1
3;Elli;w;1
3;Caspar;m;1
3;Eslem;w;1
3;Danial;m;1
3;Evelin;w;1
3;Dario;m;1
3;Jamila;w;1
3;Dominic;m;1
3;Jolina;w;1
3;Emanuel;m;1
3;Jonna;w;1
3;Filip;m;1
3;Josie;w;1
3;Gustav;m;1
3;Kira;w;1
3;Harun;m;1
3;Laila;w;1
3;Jacob;m;1
3;Leah;w;1
3;Janosch;m;1
3;Leona;w;1
3;Jaro;m;1
3;Leyla;w;1
3;Jason;m;1
3;Lilia;w;1
3;Joel;m;1
3;Liliana;w;1
3;Jon;m;1
3;Lilja;w;1
3;Joris;m;1
3;Lynn;w;1
3;Konrad;m;1
3;Madita;w;1
3;Laurin;m;1
3;Maia;w;1
3;Louie;m;1
3;Malak;w;1
3;Marlo;m;1
3;Malina;w;1
3;Michel;m;1
3;Marina;w;1
3;Muhammad;m;1
3;Marla;w;1
3;Muhammed;m;1
3;Marta;w;1
3;Nathanael;m;1
3;Martha;w;1
3;Nick;m;1
3;Mayra;w;1
3;Niclas;m;1
3;Michelle;w;1
3;Niko;m;1
3;Milena;w;1
3;Nikolas;m;1
3;Mona;w;1
3;Noam;m;1
3;Naima;w;1
3;Noel;m;1
3;Nisa;w;1
3;Philip;m;1
3;Noemi;w;1
3;Robert;m;1
3;Nova;w;1
3;Santiago;m;1
3;Ophelia;w;1
3;Silas;m;1
3;Philine;w;1
3;Thore;m;1
3;Philippa;w;1
3;Tiago;m;1
3;Ruth;w;1
3;Titus;m;1
3;Samia;w;1
3;Tristan;m;1
3;Samira;w;1
3;Vince;m;1
3;Selma;w;1
3;Vito;m;1
3;Sila;w;1
3;Vlad;m;1
3;Soraya;w;1
3;William;m;1
3;Stella;w;1
3;Yahya;m;1
3;Tasnim;w;1
3;Yanis;m;1
3;Tessa;w;1
3;Yannis;m;1
3;Zara;w;1
3;Yazan;m;1
3;Zehra;w;1
3;Younes;m;1
3;Yunus;m;1
3;Zain;m;1
3;Zion;m;1
3;Ömer;m;1
2;Anton;m;3
2;Agnes;w;3
2;Emil;m;3
2;Charlotte;w;3
2;Harald;m;3
2;Helene;w;3
2;Heinrich;m;3
2;Margarethe;w;3
2;Leopold;m;3
2;Renate;w;3
2;Maximilian;m;3
2;Sybilla;w;3
2;Nikolas;m;3
2;Theodor;m;3
2;Thomas;m;3
2;Werner;m;3
2;Aaliyah;w;2
2;Alena;w;2
2;Alicia;w;2
2;Aliya;w;2
2;Andrea;w;2
2;Angelina;w;2
2;Anita;w;2
2;Anni;w;2
2;Aurora;w;2
2;Ava;w;2
2;Barbara;w;2
2;Carolin;w;2
2;Caroline;w;2
2;Ciara;w;2
2;Claudia;w;2
2;Deborah;w;2
2;Edith;w;2
2;Ela;w;2
2;Elea;w;2
2;Elena;w;2
2;Elif;w;2
2;Elin;w;2
2;Estelle;w;2
2;Fiona;w;2
2;Friederike;w;2
2;Fritzi;w;2
2;Gabriela;w;2
2;Gabriella;w;2
2;Hafsa;w;2
2;Aaron;m;2
2;Hanna;w;2
2;Ahmed;m;2
2;Hawa;w;2
2;Akif;m;2
2;Ina;w;2
2;Alan;m;2
2;Isabell;w;2
2;Alessio;m;2
2;Isabelle;w;2
2;Alfred;m;2
2;Jasmin;w;2
2;Amir;m;2
2;Judith;w;2
2;André;m;2
2;Karina;w;2
2;Antonio;m;2
2;Lena;w;2
2;Arne;m;2
2;Leonora;w;2
2;Bernard;m;2
2;Leonore;w;2
2;Bernd;m;2
2;Lia;w;2
2;Bruno;m;2
2;Lilly;w;2
2;Burak;m;2
2;Linn;w;2
2;Clemens;m;2
2;Linnea;w;2
2;Conan;m;2
2;Livia;w;2
2;Connor;m;2
2;Luna;w;2
2;Dean;m;2
2;Luz;w;2
2;Eckehard;m;2
2;Magdalena;w;2
2;Eliah;m;2
2;Margareta;w;2
2;Emre;m;2
2;Mari;w;2
2;Eneas;m;2
2;Martha;w;2
2;Ernst;m;2
2;Mathilde;w;2
2;Fernando;m;2
2;Maxima;w;2
2;Filipe;m;2
2;Mila;w;2
2;Finn;m;2
2;Monika;w;2
2;Frederick;m;2
2;Nora;w;2
2;Friedemann;m;2
2;Nuria;w;2
2;Fritz;m;2
2;Olivia;w;2
2;Gerhard;m;2
2;Paulina;w;2
2;Giuseppe;m;2
2;Rosa;w;2
2;Guido;m;2
2;Ruth;w;2
2;Heinz;m;2
2;Silvia;w;2
2;Helmut;m;2
2;Stefanie;w;2
2;Henrik;m;2
2;Thea;w;2
2;Henryk;m;2
2;Theresia;w;2
2;Herbert;m;2
2;Wilhelmine;w;2
2;Hermann;m;2
2;Ilias;m;2
2;Isa;m;2
2;Jaden;m;2
2;Jamal;m;2
2;James;m;2
2;Janne;m;2
2;Jaron;m;2
2;Joachim;m;2
2;Kadir;m;2
2;Kemal;m;2
2;Klaus;m;2
2;Laurens;m;2
2;Lino;m;2
2;Lionel;m;2
2;Lorenz;m;2
2;Lou;m;2
2;Lê;m;2
2;Magnus;m;2
2;Marc;m;2
2;Marlon;m;2
2;Mattis;m;2
2;Milan;m;2
2;Mio;m;2
2;Nael;m;2
2;Nicola;m;2
2;Nicolas;m;2
2;Oliver;m;2
2;Oskar;m;2
2;Phil;m;2
2;Phillip;m;2
2;Pierre;m;2
2;Rafael;m;2
2;Reiner;m;2
2;René;m;2
2;Richard;m;2
2;Robert;m;2
2;Rosario;m;2
2;Ruben;m;2
2;Rudi;m;2
2;Sascha;m;2
2;Siegfried;m;2
2;Singh;m;2
2;Sirius;m;2
2;Sven;m;2
2;Tim;m;2
2;Ulrich;m;2
2;Vincent;m;2
2;Walter;m;2
2;Willem;m;2
2;Adele;w;1
2;Alena;w;1
2;Alicia;w;1
2;Alisha;w;1
2;Alyssa;w;1
2;Abdallah;m;1
2;Anika;w;1
2;Abdullah;m;1
2;Anisa;w;1
2;Abdulrahman;m;1
2;Anne;w;1
2;Aiden;m;1
2;Annelie;w;1
2;Akram;m;1
2;Antonie;w;1
2;Alessandro;m;1
2;Ariane;w;1
2;Alex;m;1
2;Asel;w;1
2;Alvin;m;1
2;Asena;w;1
2;Amar;m;1
2;Aurora;w;1
2;Amos;m;1
2;Ayana;w;1
2;Andreas;m;1
2;Aylin;w;1
2;Arne;m;1
2;Azra;w;1
2;Arvid;m;1
2;Bella;w;1
2;Atakan;m;1
2;Carolin;w;1
2;August;m;1
2;Carolina;w;1
2;Ayoub;m;1
2;Charlize;w;1
2;Bastian;m;1
2;Coralie;w;1
2;Bennett;m;1
2;Dilara;w;1
2;Bosse;m;1
2;Dora;w;1
2;Carlos;m;1
2;Eda;w;1
2;Charlie;m;1
2;Edith;w;1
2;Christopher;m;1
2;Eleni;w;1
2;Claas;m;1
2;Elfi;w;1
2;Colin;m;1
2;Elif;w;1
2;Damian;m;1
2;Elissa;w;1
2;Danilo;m;1
2;Ellie;w;1
2;Danny;m;1
2;Ema;w;1
2;Dawud;m;1
2;Emelie;w;1
2;Dean;m;1
2;Emmeline;w;1
2;Diego;m;1
2;Enissa;w;1
2;Dion;m;1
2;Enna;w;1
2;Efe;m;1
2;Enya;w;1
2;Elijah;m;1
2;Erna;w;1
2;Emirhan;m;1
2;Esma;w;1
2;Ensar;m;1
2;Finja;w;1
2;Ernesto;m;1
2;Franka;w;1
2;Ertuğrul;m;1
2;Giulia;w;1
2;Eyüp;m;1
2;Gloria;w;1
2;Fabio;m;1
2;Gülhan;w;1
2;Fabrice;m;1
2;Hanni;w;1
2;Falk;m;1
2;Hayat;w;1
2;Felipe;m;1
2;Hevrin;w;1
2;Flynn;m;1
2;Hira;w;1
2;Frederick;m;1
2;Ilaria;w;1
2;Furkan;m;1
2;Irina;w;1
2;Georgios;m;1
2;Isabell;w;1
2;Giuseppe;m;1
2;Jessica;w;1
2;Harvey;m;1
2;Joy;w;1
2;Henrik;m;1
2;Juliana;w;1
2;Ilias;m;1
2;Kaja;w;1
2;Isa;m;1
2;Khadija;w;1
2;Issam;m;1
2;Kiana;w;1
2;Jago;m;1
2;Lady;w;1
2;James;m;1
2;Lamis;w;1
2;Jamie;m;1
2;Lavinia;w;1
2;Janik;m;1
2;Leana;w;1
2;Jayden;m;1
2;Leandra;w;1
2;Joscha;m;1
2;Liara;w;1
2;Joschua;m;1
2;Lilian;w;1
2;Juan;m;1
2;Lilith;w;1
2;Juliano;m;1
2;Line;w;1
2;Kaan;m;1
2;Liv;w;1
2;Kai;m;1
2;Liyah;w;1
2;Kalle;m;1
2;Lorin;w;1
2;Karam;m;1
2;Lou;w;1
2;Kareem;m;1
2;Luana;w;1
2;Kevin;m;1
2;Lucie;w;1
2;Kiyan;m;1
2;Madison;w;1
2;Kolja;m;1
2;Madleen;w;1
2;Kuzey;m;1
2;Malaika;w;1
2;Leander;m;1
2;Malea;w;1
2;Leandro;m;1
2;Marita;w;1
2;Leif;m;1
2;Mattea;w;1
2;Lenn;m;1
2;Maylin;w;1
2;Lennart;m;1
2;Melia;w;1
2;Lennox;m;1
2;Meliya;w;1
2;Leonhard;m;1
2;Melody;w;1
2;Lewis;m;1
2;Mika;w;1
2;Lion;m;1
2;Minna;w;1
2;Lorenz;m;1
2;Mirna;w;1
2;Lutz;m;1
2;Naomi;w;1
2;Mael;m;1
2;Neele;w;1
2;Maksim;m;1
2;Nour;w;1
2;Manuel;m;1
2;Noura;w;1
2;Mark;m;1
2;Petra;w;1
2;Markus;m;1
2;Rabia;w;1
2;Marvin;m;1
2;Rahel;w;1
2;Mathias;m;1
2;Rebekka;w;1
2;Mattheo;m;1
2;Rima;w;1
2;Matthis;m;1
2;Rodayna;w;1
2;Mattia;m;1
2;Romi;w;1
2;Mehdi;m;1
2;Salma;w;1
2;Mert;m;1
2;Sari;w;1
2;Miguel;m;1
2;Sofie;w;1
2;Mikael;m;1
2;Sonia;w;1
2;Mike;m;1
2;Sora;w;1
2;Miro;m;1
2;Suri;w;1
2;Mirza;m;1
2;Susan;w;1
2;Moussa;m;1
2;Svea;w;1
2;Natan;m;1
2;Tabea;w;1
2;Neil;m;1
2;Tamara;w;1
2;Nicklas;m;1
2;Tamina;w;1
2;Nikodem;m;1
2;Tatjana;w;1
2;Nil;m;1
2;Theodora;w;1
2;Nilo;m;1
2;Toni;w;1
2;Nino;m;1
2;Valentina;w;1
2;Noa;m;1
2;Valeria;w;1
2;Noar;m;1
2;Vanessa;w;1
2;Ozan;m;1
2;Vera;w;1
2;Pablo;m;1
2;Vivien;w;1
2;Peter;m;1
2;Wilhelmine;w;1
2;Phillip;m;1
2;Wilma;w;1
2;Piet;m;1
2;Xenia;w;1
2;Prince;m;1
2;Yusra;w;1
2;Ragnar;m;1
2;Zoé;w;1
2;Remo;m;1
2;Roj;m;1
2;Roman;m;1
2;Ruben;m;1
2;Ryan;m;1
2;Saad;m;1
2;Saif;m;1
2;Saim;m;1
2;Salim;m;1
2;Samir;m;1
2;Sascha;m;1
2;Sean;m;1
2;Taim;m;1
2;Tarik;m;1
2;Thiago;m;1
2;Thomas;m;1
2;Tilman;m;1
2;Umut;m;1
2;Victor;m;1
2;Willem;m;1
2;Williams;m;1
2;Yassin;m;1
2;Yosef;m;1
2;Yoshua;m;1
1;Santos;w;8
1;los;w;7
1;Todos;w;6
1;Antonia;w;5
1;de;w;5
1;Ahmed;m;4
1;Bernadette;w;4
1;Joel;m;4
1;Elisabeth;w;4
1;Johann;m;4
1;Inumidun;w;4
1;Junior;m;4
1;Leni;w;4
1;Wilhelm;m;4
1;Lydia;w;4
1;Qasem;w;4
1;Viacheslavna;w;4
1;Abdulwahid;w;3
1;Abrar;w;3
1;Adele;w;3
1;Ahmed;w;3
1;Albrecht;m;3
1;Aisha;w;3
1;Alessandro;m;3
1;Ajague;w;3
1;Alfred;m;3
1;Akanza;w;3
1;Alfrons;m;3
1;Ali;w;3
1;Ananda;m;3
1;Andriivna;w;3
1;Arthur;m;3
1;Barbara;w;3
1;Arun;m;3
1;Bessem;w;3
1;Atréju;m;3
1;Bettie;w;3
1;Aurelius;m;3
1;Bettina;w;3
1;Aurélien;m;3
1;Carina;w;3
1;Badu;m;3
1;Carola;w;3
1;Baiao;m;3
1;Catharina;w;3
1;Bernhard;m;3
1;Cathérine;w;3
1;Bjarne;m;3
1;Chiara;w;3
1;Blagovest;m;3
1;Christiane;w;3
1;Bo;m;3
1;Christin;w;3
1;Bruno;m;3
1;Dorothea;w;3
1;Chaouki;m;3
1;Duran;w;3
1;Christian;m;3
1;Edelgard;w;3
1;Christoph;m;3
1;Eleonore;w;3
1;Cornelius;m;3
1;Elias;w;3
1;Dagmar;m;3
1;Erna;w;3
1;Danson;m;3
1;Eva;w;3
1;Dilo;m;3
1;Felicitas;w;3
1;Edgar;m;3
1;Fleur;w;3
1;Elias;m;3
1;Gathoni;w;3
1;Elmabruk;m;3
1;Germaine;w;3
1;Emin;m;3
1;Gesine;w;3
1;Ernst;m;3
1;Gisella;w;3
1;Frederik;m;3
1;Heike;w;3
1;Friedrich;m;3
1;Hildegard;w;3
1;Gabriel;m;3
1;Hubertine;w;3
1;Georg;m;3
1;Irene;w;3
1;Gerard;m;3
1;Johanna;w;3
1;Guillermo;m;3
1;Josephine;w;3
1;Harjinder;m;3
1;Katalin;w;3
1;Henri;m;3
1;Laurentia;w;3
1;Herbert;m;3
1;Leannan;w;3
1;Hoàng;m;3
1;Lilli;w;3
1;Hulk;m;3
1;Lillian;w;3
1;Huy;m;3
1;Lina;w;3
1;Ibroimdzhon;m;3
1;Louisa;w;3
1;Inaio;m;3
1;Lowe;w;3
1;Ireneusz;m;3
1;Luisa;w;3
1;Jackson;m;3
1;Marianne;w;3
1;Jakob;m;3
1;Melek;w;3
1;James;m;3
1;Melina-Maria;w;3
1;Janne;m;3
1;Mercedes;w;3
1;Joel;m;3
1;Milkica;w;3
1;Jonathan;m;3
1;Mireille;w;3
1;Josef;m;3
1;Mirjam;w;3
1;Josue;m;3
1;Mohammed;w;3
1;Jurij;m;3
1;Mohsen;w;3
1;Jürgen;m;3
1;Momo;w;3
1;Kalle;m;3
1;Ngọc;w;3
1;Kasi;m;3
1;Nur;w;3
1;Khudeeda;m;3
1;Ocean;w;3
1;Kigen;m;3
1;Olivia;w;3
1;Klemens;m;3
1;Oluwabusayo;w;3
1;Leander;m;3
1;Ouerdia;w;3
1;Leonard;m;3
1;Patricia;w;3
1;Luan;m;3
1;Peseschet;w;3
1;Luis;m;3
1;Priandrose;w;3
1;Mahmoud;m;3
1;Qizi;w;3
1;Maik;m;3
1;Sabri;w;3
1;Manfred;m;3
1;Safiya;w;3
1;Maria;m;3
1;Sarah;w;3
1;Matteo;m;3
1;Shuo;w;3
1;Michelle;m;3
1;Sitota;w;3
1;Miro;m;3
1;Theresa;w;3
1;Mohammed;m;3
1;Ting;w;3
1;Moritz;m;3
1;Trautel;w;3
1;Murphy;m;3
1;Tsambika;w;3
1;Nader;m;3
1;Ulrike;w;3
1;Naim;m;3
1;Ursula;w;3
1;Nikolai;m;3
1;Valerie;w;3
1;Noah;m;3
1;Wilhelmine;w;3
1;Norman;m;3
1;Xinyi;w;3
1;Noël;m;3
1;Yusuf;w;3
1;Nthuka;m;3
1;Obuabeng;m;3
1;Omer;m;3
1;Otto;m;3
1;Oumar;m;3
1;Patricio;m;3
1;Paul;m;3
1;Paulo;m;3
1;Portofino;m;3
1;Rafaél;m;3
1;Raphaël;m;3
1;Reinhold;m;3
1;Roland;m;3
1;Roman;m;3
1;Rudolf;m;3
1;Ruiz;m;3
1;Sami;m;3
1;Sebastian;m;3
1;Shukla;m;3
1;Silvester;m;3
1;Simon;m;3
1;Singh;m;3
1;Tangke;m;3
1;Thore;m;3
1;Till;m;3
1;Uwe;m;3
1;Wilfried;m;3
1;William;m;3
1;Winfried;m;3
1;Yusein;m;3
1;Étienne;m;3
1;Şamil;m;3
1;Abdirahman;w;2
1;Abigail;w;2
1;Ada;w;2
1;Adelina;w;2
1;Adeline;w;2
1;Adelis;w;2
1;Adriana;w;2
1;Afia;w;2
1;Agapi;w;2
1;Ahu;w;2
1;Akira;w;2
1;Akoth;w;2
1;Alejandra;w;2
1;Alessa;w;2
1;Alessandra;w;2
1;Alessia;w;2
1;Aleya;w;2
1;Aleyna;w;2
1;Alicja;w;2
1;Alida;w;2
1;Alina;w;2
1;Alisijana;w;2
1;Aloyse;w;2
1;Alva;w;2
1;Alwine;w;2
1;Amadea;w;2
1;Amalia;w;2
1;Amarachi;w;2
1;Amel;w;2
1;Amira;w;2
1;Ana-Maria;w;2
1;Anabell;w;2
1;Anais;w;2
1;Andriana;w;2
1;Angela;w;2
1;Anja;w;2
1;Annabell;w;2
1;Annabelle;w;2
1;Annie;w;2
1;Antonie;w;2
1;Antonovna;w;2
1;Aradhya;w;2
1;Aras;w;2
1;Asantewaa;w;2
1;Astrid;w;2
1;Athaliah;w;2
1;Athena;w;2
1;Atra;w;2
1;Aurélie;w;2
1;Ava-Malin;w;2
1;;m;2
1;Aversa;w;2
1;Abdelhamid;m;2
1;Avie;w;2
1;Able;m;2
1;Aya;w;2
1;Ace;m;2
1;Ayomipo;w;2
1;Achim;m;2
1;Ayşe;w;2
1;Adam;m;2
1;Azad;w;2
1;Adrian;m;2
1;Aziza;w;2
1;Adriano;m;2
1;Azra;w;2
1;Agbor;m;2
1;Babette;w;2
1;Alabedeen;m;2
1;Beatrix;w;2
1;Alejandro;m;2
1;Belana;w;2
1;Aleksander;m;2
1;Benedita;w;2
1;Alerio;m;2
1;Benigna;w;2
1;Alex;m;2
1;Bernadette;w;2
1;Alexandru;m;2
1;Beryl;w;2
1;Aliso;m;2
1;Betty;w;2
1;Alonso;m;2
1;Beverley;w;2
1;Amadeus;m;2
1;Brigitte;w;2
1;Amanj;m;2
1;Camila;w;2
1;Amar;m;2
1;Camilla;w;2
1;Amar-Malique;m;2
1;Canny;w;2
1;Amiel;m;2
1;Cariad;w;2
1;Amine;m;2
1;Carina;w;2
1;Amon;m;2
1;Carmen;w;2
1;Anas;m;2
1;Carolina;w;2
1;Anders;m;2
1;Cassiopeia;w;2
1;Andrej;m;2
1;Catharina;w;2
1;Andriyovych;m;2
1;Catherine;w;2
1;Andrés;m;2
1;Catrin;w;2
1;Angel;m;2
1;Cecilia;w;2
1;Ansgar;m;2
1;Celia;w;2
1;Antoni;m;2
1;Chaimae;w;2
1;Antonius;m;2
1;Charifa;w;2
1;Antonovič;m;2
1;Chimamanda;w;2
1;Aram;m;2
1;Chioma;w;2
1;Arcon;m;2
1;Chizaram;w;2
1;Ardil;m;2
1;Chloe;w;2
1;Arno;m;2
1;Christel;w;2
1;Arthur;m;2
1;Christiane;w;2
1;Arton;m;2
1;Cleo;w;2
1;Artur;m;2
1;Cornelia;w;2
1;Arush;m;2
1;Cristina;w;2
1;Arvid;m;2
1;Cynthia;w;2
1;Asen;m;2
1;Céline;w;2
1;Asım;m;2
1;Dagmar;w;2
1;Aslan;m;2
1;Dagmawi;w;2
1;Axel;m;2
1;Damla;w;2
1;Aygyun;m;2
1;Daniyarkyzy;w;2
1;Ayoub;m;2
1;Danuta;w;2
1;Azeez;m;2
1;Daria;w;2
1;Azizullah;m;2
1;Delal;w;2
1;Baptist;m;2
1;Delia;w;2
1;Bartholomäus;m;2
1;Diana;w;2
1;Bashar;m;2
1;Diara;w;2
1;Bassam;m;2
1;Dilara;w;2
1;Bastian;m;2
1;Dilsah;w;2
1;Bechir;m;2
1;Dlo;w;2
1;Bedirhan;m;2
1;Dora;w;2
1;Ben-Enrico;m;2
1;Doreen;w;2
1;Bennet;m;2
1;Doris;w;2
1;Benno;m;2
1;Drita;w;2
1;Bilge;m;2
1;Eden;w;2
1;Bo;m;2
1;Edita;w;2
1;Borisov;m;2
1;Ehi;w;2
1;Bosse;m;2
1;Eileen;w;2
1;Bruce;m;2
1;Eleanna;w;2
1;Bryan;m;2
1;Eleena;w;2
1;Bun;m;2
1;Elen;w;2
1;Burkhard;m;2
1;Eleni;w;2
1;Carla;m;2
1;Elenor;w;2
1;Carlo;m;2
1;Eleonora;w;2
1;Carlos;m;2
1;Eleonore;w;2
1;Casimir;m;2
1;Elice;w;2
1;Casper;m;2
1;Elijana;w;2
1;Cem;m;2
1;Eline;w;2
1;Cesar;m;2
1;Elis;w;2
1;Christof;m;2
1;Eliza;w;2
1;Christoph;m;2
1;Ellinor;w;2
1;Christopher;m;2
1;Elykem;w;2
1;Cian;m;2
1;Emad;w;2
1;Ciwan;m;2
1;Emesong;w;2
1;Cornelius;m;2
1;Emilie;w;2
1;Corvin;m;2
1;En;w;2
1;Cosmo;m;2
1;Enne;w;2
1;César;m;2
1;Enya;w;2
1;Cường;m;2
1;Erika;w;2
1;Damian;m;2
1;Esam;w;2
1;Darius;m;2
1;Esra;w;2
1;Delio;m;2
1;Euvenia;w;2
1;Denis;m;2
1;Eveline;w;2
1;Deniz;m;2
1;Evelyn;w;2
1;Dennis;m;2
1;Evin;w;2
1;Dev;m;2
1;Ezgi;w;2
1;Din;m;2
1;Farhodovna;w;2
1;Dirk;m;2
1;Favour;w;2
1;Djè;m;2
1;Fee;w;2
1;Dmitrij;m;2
1;Felice;w;2
1;Dominik;m;2
1;Felicity;w;2
1;Doğan;m;2
1;Feline;w;2
1;Durmuş;m;2
1;Felipa;w;2
1;Edgar;m;2
1;Fernanda;w;2
1;Edmund;m;2
1;Finja;w;2
1;Eduard;m;2
1;Flora;w;2
1;Edwyn;m;2
1;Frances;w;2
1;Ekrem;m;2
1;Francilleny;w;2
1;Eldien;m;2
1;Franzika;w;2
1;Eleazar;m;2
1;Freya;w;2
1;Eli;m;2
1;Frida;w;2
1;Elijah;m;2
1;Futela;w;2
1;Elior;m;2
1;Georgina;w;2
1;Eliyah;m;2
1;Gerda;w;2
1;Elkhalil;m;2
1;Gerhild;w;2
1;Elwood;m;2
1;Ginaury;w;2
1;Elyas;m;2
1;Gisela;w;2
1;Emiliano;m;2
1;Giulia;w;2
1;Emin;m;2
1;Grace;w;2
1;Enes;m;2
1;Greta;w;2
1;Ensar;m;2
1;Gwendolyn;w;2
1;Erhard;m;2
1;Gyulhan;w;2
1;Eric;m;2
1;Gül;w;2
1;Erich;m;2
1;Güldane;w;2
1;Erik;m;2
1;Hailey;w;2
1;Erland;m;2
1;Haithm;w;2
1;Erwin;m;2
1;Hanifa;w;2
1;Etienne;m;2
1;Hanne;w;2
1;Etshu;m;2
1;Hedwig;w;2
1;Evgen'evič;m;2
1;Heike;w;2
1;Evgeni'evič;m;2
1;Helena;w;2
1;Fadil;m;2
1;Hilde;w;2
1;Fafnir;m;2
1;Hindia;w;2
1;Falih;m;2
1;Hope;w;2
1;Fanoos;m;2
1;Ibragimovna;w;2
1;Federico;m;2
1;Icyeza;w;2
1;Ferenc;m;2
1;Ilona;w;2
1;Fitim;m;2
1;Indira;w;2
1;Flavius;m;2
1;Ipek;w;2
1;Florentin;m;2
1;Irbekovna;w;2
1;Florin;m;2
1;Irmgard;w;2
1;Fox;m;2
1;Isheja;w;2
1;Francesco;m;2
1;Ismailova;w;2
1;Francis;m;2
1;Isolde;w;2
1;Franz-Josef;m;2
1;Israela;w;2
1;Frederic;m;2
1;Ivana;w;2
1;Frederico;m;2
1;Jae;w;2
1;Frido;m;2
1;Jebet;w;2
1;Fridolin;m;2
1;Jelimo;w;2
1;Furkan;m;2
1;Jenna;w;2
1;Gabriele;m;2
1;Jenny;w;2
1;Gavin;m;2
1;Jia;w;2
1;George;m;2
1;Jiani;w;2
1;Gereon;m;2
1;Jill-Marie;w;2
1;Ghiles;m;2
1;Jola;w;2
1;Giuliano;m;2
1;Jolien;w;2
1;Givenchio;m;2
1;Joly;w;2
1;Graham;m;2
1;Josefa;w;2
1;Great;m;2
1;Josefin;w;2
1;Guiliano;m;2
1;Joséphine;w;2
1;Gustaf;m;2
1;Jule;w;2
1;Hafez;m;2
1;Juli;w;2
1;Hajo;m;2
1;Juliane;w;2
1;Halil;m;2
1;Julie;w;2
1;Hamed;m;2
1;Juliett;w;2
1;Hamza;m;2
1;June;w;2
1;Hannes;m;2
1;Kadriye;w;2
1;Hans;m;2
1;Kamal;w;2
1;Hartmut;m;2
1;Kani;w;2
1;Hartwig;m;2
1;Karolina;w;2
1;Hasan;m;2
1;Karoline;w;2
1;Hashim;m;2
1;Kathrin;w;2
1;Hastiar;m;2
1;Kaur;w;2
1;Hector;m;2
1;Khadija;w;2
1;Heino;m;2
1;Kirsten;w;2
1;Henning;m;2
1;Kristina;w;2
1;Hieronymus;m;2
1;Kunigunde;w;2
1;Hiro;m;2
1;Kyra;w;2
1;Hoan;m;2
1;Kyuri;w;2
1;Hoang;m;2
1;Lachezarova;w;2
1;Homem;m;2
1;Laetitia;w;2
1;Hossein;m;2
1;Laetizia;w;2
1;Hubert;m;2
1;Laja;w;2
1;Hugo;m;2
1;Lara;w;2
1;Hüseyin;m;2
1;Leana;w;2
1;Ibrahim;m;2
1;Lee;w;2
1;Imanuel;m;2
1;Lejla;w;2
1;Imran;m;2
1;Leonia;w;2
1;Inan;m;2
1;Leontine;w;2
1;Ioannis;m;2
1;Leony;w;2
1;Ishya;m;2
1;Leticia;w;2
1;Ismail;m;2
1;Liana;w;2
1;Ismäel;m;2
1;Liara;w;2
1;Ivan;m;2
1;Lidia;w;2
1;Ivanovič;m;2
1;Lija;w;2
1;Jace;m;2
1;Lilith;w;2
1;Jacek;m;2
1;Lill;w;2
1;Jacques;m;2
1;Lin;w;2
1;Jannek;m;2
1;Linea;w;2
1;Jannik;m;2
1;Lisa;w;2
1;Janosch;m;2
1;Lisanne;w;2
1;Jari;m;2
1;Liya;w;2
1;Jarvis;m;2
1;Liz;w;2
1;Jason;m;2
1;Lore;w;2
1;Jasper;m;2
1;Lorin;w;2
1;Jeldrik;m;2
1;Lotta;w;2
1;Jiren;m;2
1;Louana;w;2
1;Joaquin;m;2
1;Lua;w;2
1;Johan;m;2
1;Luana;w;2
1;John;m;2
1;Lumi;w;2
1;Jon;m;2
1;Lydia;w;2
1;Jonne;m;2
1;Lynn;w;2
1;Jordan;m;2
1;Lyra;w;2
1;Joris;m;2
1;Madelaine;w;2
1;Jorne;m;2
1;Mae;w;2
1;Josa;m;2
1;Mafalda;w;2
1;Joscha;m;2
1;Mafoudia;w;2
1;Joshua;m;2
1;Magelone;w;2
1;Jost;m;2
1;Maia;w;2
1;Joung;m;2
1;Maila;w;2
1;Julian;m;2
1;Maileen;w;2
1;Julien;m;2
1;Maisie;w;2
1;Julián;m;2
1;Malaika;w;2
1;Junes;m;2
1;Malia;w;2
1;Junkai;m;2
1;Malkia;w;2
1;Junus;m;2
1;Mara;w;2
1;Juri;m;2
1;Maren;w;2
1;Justus;m;2
1;Margaretha;w;2
1;Jörg;m;2
1;Margret;w;2
1;Jürgen;m;2
1;Margrit;w;2
1;Kaami;m;2
1;Marianne;w;2
1;Kai;m;2
1;Mariel;w;2
1;Karamba;m;2
1;Mariella;w;2
1;Kariim;m;2
1;Marietta;w;2
1;Karlsson;m;2
1;Mariette;w;2
1;Karol;m;2
1;Marion;w;2
1;Kenan;m;2
1;Marla;w;2
1;Kenji;m;2
1;Marlen;w;2
1;Kerim;m;2
1;Marley;w;2
1;Kewei;m;2
1;Marlies;w;2
1;Keyhan;m;2
1;Martina;w;2
1;Khalil;m;2
1;Maryam;w;2
1;Khan;m;2
1;Maya;w;2
1;Khubayb;m;2
1;Mayari;w;2
1;Kian;m;2
1;Mayumi;w;2
1;Kidima;m;2
1;Meike;w;2
1;Kilian;m;2
1;Mejrem;w;2
1;King;m;2
1;Melina;w;2
1;Kipkalya;m;2
1;Melinda;w;2
1;Kipkayan;m;2
1;Mella;w;2
1;Kishore;m;2
1;Meta;w;2
1;Klemens;m;2
1;Michaela;w;2
1;Krish;m;2
1;Michelle;w;2
1;Krishna;m;2
1;Michèle;w;2
1;Kuba;m;2
1;Milou;w;2
1;Kwabena;m;2
1;Mine;w;2
1;Laimis;m;2
1;Minerva;w;2
1;Lajos;m;2
1;Mira;w;2
1;Lasse;m;2
1;Monic;w;2
1;Lawrence;m;2
1;Nadine;w;2
1;Leano;m;2
1;Nadir;w;2
1;Leif;m;2
1;Naeem;w;2
1;Lennard;m;2
1;Nafisa;w;2
1;Lennart;m;2
1;Naima;w;2
1;Lennox;m;2
1;Nakoura;w;2
1;Leonardo;m;2
1;Nala;w;2
1;Leonas;m;2
1;Narin;w;2
1;Leonidas;m;2
1;Nathalie;w;2
1;Lev;m;2
1;Nayab;w;2
1;Li;m;2
1;Neele;w;2
1;Lian;m;2
1;Ngoc-Yen;w;2
1;Lilly;m;2
1;Nianfu;w;2
1;Lilyanov;m;2
1;Nika;w;2
1;Loki;m;2
1;Nikita;w;2
1;Lothar;m;2
1;Nikolaeva;w;2
1;Louan;m;2
1;Nilani;w;2
1;Louis;m;2
1;Nilda;w;2
1;Louise;m;2
1;Nilüfer;w;2
1;Luan;m;2
1;Nisa;w;2
1;Luciano;m;2
1;Njobati;w;2
1;Luigi;m;2
1;Noemi;w;2
1;Luke;m;2
1;Noor;w;2
1;Lukman;m;2
1;Nouara;w;2
1;Lynn;m;2
1;Nova;w;2
1;Lyon;m;2
1;Nyima;w;2
1;Lysander;m;2
1;Océane;w;2
1;Ma;m;2
1;Oluwatolani;w;2
1;Maen;m;2
1;Osmanovna;w;2
1;Mahbub;m;2
1;Palesa;w;2
1;Mahmoud;m;2
1;Pamela;w;2
1;Mahmut;m;2
1;Pansy;w;2
1;Majduldeen;m;2
1;Parthena;w;2
1;Malik;m;2
1;Patricia;w;2
1;Mamed;m;2
1;Paulin;w;2
1;Mantegaftot;m;2
1;Pavlova;w;2
1;Marcel;m;2
1;Pemphero;w;2
1;Mario;m;2
1;Penelope;w;2
1;Marios;m;2
1;Petra;w;2
1;Mark;m;2
1;Philippa;w;2
1;Marten;m;2
1;Pia;w;2
1;Mateen;m;2
1;Piera;w;2
1;Mathys;m;2
1;Priti;w;2
1;Matin;m;2
1;Queen;w;2
1;Mato;m;2
1;Qusay;w;2
1;Matthis;m;2
1;Rahel;w;2
1;Matti;m;2
1;Rani;w;2
1;Mattia;m;2
1;Raza;w;2
1;Maximus;m;2
1;Reign;w;2
1;Maxwell;m;2
1;Renee;w;2
1;Maël;m;2
1;Rike;w;2
1;Mbogholi;m;2
1;Romina;w;2
1;Merlin;m;2
1;Rosalia;w;2
1;Mert;m;2
1;Rosie;w;2
1;Mervan;m;2
1;Rubîn;w;2
1;Mesut;m;2
1;Rukayat;w;2
1;Micha;m;2
1;Runhild;w;2
1;Michaja;m;2
1;Ròzsa;w;2
1;Michał;m;2
1;Róża;w;2
1;Michelangelo;m;2
1;Saadah;w;2
1;Milian;m;2
1;Sabrina;w;2
1;Milo;m;2
1;Sadat;w;2
1;Mira;m;2
1;Sadiye;w;2
1;Miran;m;2
1;Saimi;w;2
1;Mohammad;m;2
1;Saja;w;2
1;Mohsen;m;2
1;Saleh;w;2
1;Momo;m;2
1;Salma;w;2
1;Momota;m;2
1;Samadhi;w;2
1;Monsino;m;2
1;Samantha;w;2
1;Moses;m;2
1;Samia;w;2
1;Muhammed;m;2
1;Samuela;w;2
1;Murteza;m;2
1;Saoirse;w;2
1;Musab;m;2
1;Sarah;w;2
1;Nana;m;2
1;Sare;w;2
1;Nanuk;m;2
1;Sarojini;w;2
1;Narun;m;2
1;Sarya;w;2
1;Nectarie;m;2
1;Scarlett;w;2
1;Neliev;m;2
1;Selin;w;2
1;Nelson;m;2
1;Selma;w;2
1;Nepomuk;m;2
1;Serdije;w;2
1;Nicholas;m;2
1;Sevgi;w;2
1;Nicki;m;2
1;Shadiya;w;2
1;Nico;m;2
1;Shadlin;w;2
1;Nicolás;m;2
1;Shenol;w;2
1;Niko;m;2
1;Shi;w;2
1;Nikolai;m;2
1;Shirin;w;2
1;Nikolas;m;2
1;Shno;w;2
1;Nikolaus;m;2
1;Sim;w;2
1;Nikolic;m;2
1;Simone;w;2
1;Nils;m;2
1;Skadi;w;2
1;Ninus;m;2
1;Sofia-Batool;w;2
1;Niyen;m;2
1;Sonita;w;2
1;Noa;m;2
1;Speldour;w;2
1;Norbert;m;2
1;Stella;w;2
1;Nyamekye;m;2
1;Stephanie;w;2
1;Oguike;m;2
1;Suki;w;2
1;Olakunle;m;2
1;Sultan;w;2
1;Oluwadayo;m;2
1;Suni;w;2
1;On;m;2
1;Susanna;w;2
1;Ontor;m;2
1;Susanne;w;2
1;Osahuese;m;2
1;Suubi;w;2
1;Osama;m;2
1;Suzanne;w;2
1;Oscar;m;2
1;Talia;w;2
1;Oseiwe;m;2
1;Talitha;w;2
1;Pablo;m;2
1;Tam;w;2
1;Patrick;m;2
1;Tanja;w;2
1;Paulus;m;2
1;Tasnim;w;2
1;Pepe;m;2
1;Tayeba;w;2
1;Phileas;m;2
1;Tea;w;2
1;Philip;m;2
1;Thekla;w;2
1;Philipe;m;2
1;Tibéria;w;2
1;Philipp-Antonius;m;2
1;Tilda;w;2
1;Pippin;m;2
1;Toni;w;2
1;Plamenov;m;2
1;Trudi;w;2
1;Poyraz;m;2
1;Tunjay;w;2
1;Putra;m;2
1;Uma;w;2
1;Quentin;m;2
1;Ursula;w;2
1;Quirin;m;2
1;Vaiana;w;2
1;Raffael;m;2
1;Valerie;w;2
1;Ralf;m;2
1;Vanessa;w;2
1;Ramesh;m;2
1;Vera;w;2
1;Ramon;m;2
1;Wanjiku;w;2
1;Rangkayo;m;2
1;Wilma;w;2
1;Ranj;m;2
1;Yankova;w;2
1;Raul;m;2
1;Yasmin;w;2
1;Reddy;m;2
1;Yeliz;w;2
1;Rexhep;m;2
1;Ylvi;w;2
1;Reza;m;2
1;Yuna;w;2
1;Riccardo;m;2
1;Zahra;w;2
1;Riley;m;2
1;Zaina;w;2
1;Robin;m;2
1;Zelda;w;2
1;Roland;m;2
1;Zerya;w;2
1;Rolf;m;2
1;Zeynep;w;2
1;Roman;m;2
1;Zilan;w;2
1;Romeo;m;2
1;Zoe;w;2
1;Roni;m;2
1;Zola;w;2
1;Ruprecht;m;2
1;Élise;w;2
1;Ruzhdi;m;2
1;Şirin;w;2
1;Ryan;m;2
1;Salazar;m;2
1;Salim;m;2
1;Samed;m;2
1;Samu;m;2
1;Sandor;m;2
1;Santiago;m;2
1;Sargand;m;2
1;Sashev;m;2
1;Sediq;m;2
1;Selim;m;2
1;Semih;m;2
1;Severin;m;2
1;Shadi;m;2
1;Stefan;m;2
1;Stefano;m;2
1;Stephan;m;2
1;Subair;m;2
1;Sylvester;m;2
1;Tadao;m;2
1;Tagir;m;2
1;Talha;m;2
1;Tan;m;2
1;Taniform;m;2
1;Tayo;m;2
1;Temidayo;m;2
1;Temo;m;2
1;Thalion;m;2
1;Thilo;m;2
1;Thore;m;2
1;Tiberius;m;2
1;Till;m;2
1;Tilo;m;2
1;Timo;m;2
1;Timon;m;2
1;Timothy;m;2
1;Timur;m;2
1;Tino;m;2
1;Tizian;m;2
1;Tobias;m;2
1;Tom;m;2
1;Touma;m;2
1;Treboul;m;2
1;Trifonov;m;2
1;Tuna;m;2
1;Tunahan;m;2
1;Tunay;m;2
1;Tuğrul;m;2
1;Udo;m;2
1;Ugochukwu;m;2
1;Uli;m;2
1;Uwe;m;2
1;Valerio;m;2
1;Vasil;m;2
1;Vasudeva;m;2
1;Velhan;m;2
1;Vica;m;2
1;Viktorov;m;2
1;Vinay;m;2
1;Volker;m;2
1;Ward;m;2
1;Wendyam;m;2
1;Werner;m;2
1;Wilbert;m;2
1;Willi;m;2
1;Willy;m;2
1;Wolfgang;m;2
1;Xi;m;2
1;Yahia;m;2
1;Yahya;m;2
1;Yannick;m;2
1;Yasin;m;2
1;Yağız;m;2
1;Yesha'ya;m;2
1;Yiğit;m;2
1;Yngvi;m;2
1;Yousaf;m;2
1;Youssef;m;2
1;Yuxi;m;2
1;Zafer;m;2
1;Zaid;m;2
1;Zayn;m;2
1;Zayneddine;m;2
1;Zenu;m;2
1;Zgard;m;2
1;Zino;m;2
1;Zubajraevic;m;2
1;Zygmunt;m;2
1;Álvaro;m;2
1;Émile;m;2
1;Özgur;m;2
1;Đức;m;2
1;Şeyh;m;2
1;Aadhya;w;1
1;Abby;w;1
1;Abida;w;1
1;Abigail;w;1
1;Abigaël;w;1
1;Abigél;w;1
1;Adaja;w;1
1;Adassa;w;1
1;Adel;w;1
1;Adela;w;1
1;Adelina;w;1
1;Adeline;w;1
1;Adna;w;1
1;Adriana;w;1
1;Afrin;w;1
1;Agnija;w;1
1;Agrin;w;1
1;Aicha;w;1
1;Aida;w;1
1;Aischa;w;1
1;Ajana;w;1
1;Ajla;w;1
1;Ajlina;w;1
1;Aksa;w;1
1;Aarez;m;1
1;Alaja;w;1
1;Abbas;m;1
1;Alaleh;w;1
1;Abdo;m;1
1;Alessya;w;1
1;Abdul;m;1
1;Aleyza;w;1
1;Abdul-Malik;m;1
1;Alia;w;1
1;Abdulhamid;m;1
1;Alica;w;1
1;Abdullrahman;m;1
1;Alin;w;1
1;Abdurrahman;m;1
1;Alisa;w;1
1;Abdurrazaq;m;1
1;Alison;w;1
1;Abel;m;1
1;Alita;w;1
1;Abraham;m;1
1;Aliyah;w;1
1;Adalberto;m;1
1;Almila;w;1
1;Adan;m;1
1;Almina;w;1
1;Adem;m;1
1;Alya;w;1
1;Aditya;m;1
1;Amaara;w;1
1;Adnan;m;1
1;Amara;w;1
1;Adnane;m;1
1;Amara-Merima;w;1
1;Adriano;m;1
1;Amaris;w;1
1;Adriano-Tiago;m;1
1;Amariyah;w;1
1;Agamdeep;m;1
1;Amarsham;w;1
1;Ahel;m;1
1;Amayra;w;1
1;Ahmet;m;1
1;Ambar;w;1
1;Aidan;m;1
1;Ambra;w;1
1;Ailan;m;1
1;Ameli;w;1
1;Aimo;m;1
1;Ameliya;w;1
1;Akad;m;1
1;Amely;w;1
1;Akif;m;1
1;Amilia;w;1
1;Alan;m;1
1;Aminata;w;1
1;Aland;m;1
1;Amira-Michelle;w;1
1;Albashik;m;1
1;Amna;w;1
1;Albert;m;1
1;Anastasia-Gabriela;w;1
1;Aleksandar;m;1
1;Anastasia-Maria;w;1
1;Aleksander;m;1
1;Anastazja;w;1
1;Aleksandre;m;1
1;Andrada;w;1
1;Alessio;m;1
1;Andreea;w;1
1;Alessio-Emilio;m;1
1;Anelisse-Stefania;w;1
1;Alexandros;m;1
1;Aneta;w;1
1;Alian;m;1
1;Aniek;w;1
1;Alican;m;1
1;Anisja;w;1
1;Almin;m;1
1;Anita;w;1
1;Almir;m;1
1;Anje;w;1
1;Alparslan;m;1
1;Anna-Charlotte;w;1
1;Alpha;m;1
1;Anna-Maria;w;1
1;Altan;m;1
1;Annabell;w;1
1;Alteo;m;1
1;Annabelle;w;1
1;Alwin;m;1
1;Annalise;w;1
1;Amaru;m;1
1;Annemarie;w;1
1;Amarveer;m;1
1;Annette;w;1
1;Amer;m;1
1;Anny;w;1
1;Amirkhan;m;1
1;Anora;w;1
1;Amon;m;1
1;Aria;w;1
1;Amun;m;1
1;Arijona;w;1
1;Anantvir;m;1
1;Arilena;w;1
1;Andrej;m;1
1;Arla;w;1
1;André;m;1
1;Aroa;w;1
1;Angelo;m;1
1;Arwa;w;1
1;Anir;m;1
1;Asalia;w;1
1;Annas;m;1
1;Ashley;w;1
1;Anteo;m;1
1;Asil;w;1
1;Anthony;m;1
1;Asja;w;1
1;Antoine;m;1
1;Asmaa;w;1
1;Antonius;m;1
1;Asmin;w;1
1;Aram;m;1
1;Asra;w;1
1;Aras;m;1
1;Assiya;w;1
1;Ardi;m;1
1;Asta;w;1
1;Arek;m;1
1;Athina;w;1
1;Ario;m;1
1;Aulona;w;1
1;Arion;m;1
1;Auri;w;1
1;Aris;m;1
1;Avin;w;1
1;Arlo;m;1
1;Avra;w;1
1;Arnd;m;1
1;Avyana;w;1
1;Aronas;m;1
1;Ayanda;w;1
1;Artemij;m;1
1;Ayat;w;1
1;Arti;m;1
1;Aynahanum;w;1
1;Arwin;m;1
1;Ayse;w;1
1;Asam;m;1
1;Basant;w;1
1;Atilla;m;1
1;Basma;w;1
1;Aubrey;m;1
1;Bayan;w;1
1;Aurelio;m;1
1;Belana;w;1
1;Aviel;m;1
1;Belinay;w;1
1;Avivir;m;1
1;Beliz;w;1
1;Avyaan;m;1
1;Berfin;w;1
1;Awni;m;1
1;Berivan;w;1
1;Axel;m;1
1;Berrin;w;1
1;Ayand;m;1
1;Bushra;w;1
1;Ayden;m;1
1;Büşra;w;1
1;Ayhem;m;1
1;Caecilia;w;1
1;Azem;m;1
1;Caitlyn;w;1
1;Azer;m;1
1;Cara;w;1
1;Aziz;m;1
1;Cardin;w;1
1;Bakar;m;1
1;Carina;w;1
1;Baktash;m;1
1;Carmel;w;1
1;Baldur;m;1
1;Caroline;w;1
1;Barakatyamen;m;1
1;Cassandra;w;1
1;Bars;m;1
1;Caterina;w;1
1;Bartu;m;1
1;Cathlyn-Mia;w;1
1;Bazil;m;1
1;Celia;w;1
1;Baßel;m;1
1;Celina;w;1
1;Bekir;m;1
1;Celine;w;1
1;Ben-Justin;m;1
1;Cemre;w;1
1;Bene;m;1
1;Cennetsu;w;1
1;Benett;m;1
1;Cerly;w;1
1;Benino;m;1
1;Ceylin;w;1
1;Benjamin-Alexander;m;1
1;Charlotta;w;1
1;Benji;m;1
1;Chiara;w;1
1;Bennet;m;1
1;Chioma;w;1
1;Beran;m;1
1;Chloé;w;1
1;Berat-Buray;m;1
1;Christina;w;1
1;Berkay;m;1
1;Christine;w;1
1;Beşir;m;1
1;Chrysoula;w;1
1;Bill;m;1
1;Claudia;w;1
1;Birk;m;1
1;Clea;w;1
1;Björn;m;1
1;Clover;w;1
1;Blessed;m;1
1;Célia;w;1
1;Blini;m;1
1;Daeun;w;1
1;Boas;m;1
1;Dahab;w;1
1;Bogdan;m;1
1;Daiana;w;1
1;Boris;m;1
1;Daijana;w;1
1;Borys;m;1
1;Daliah;w;1
1;Botond-Csaba;m;1
1;Damla;w;1
1;Bozan;m;1
1;Dana;w;1
1;Bram;m;1
1;Daniella;w;1
1;Burak;m;1
1;Darina;w;1
1;Caghan;m;1
1;Darya;w;1
1;Caio;m;1
1;Dea;w;1
1;Can;m;1
1;Defne;w;1
1;Carl-Philipp;m;1
1;Delia;w;1
1;Cemal;m;1
1;Delina;w;1
1;Charbel;m;1
1;Delqueen;w;1
1;Chris;m;1
1;Desiree;w;1
1;Christoph;m;1
1;Diamond-Grace;w;1
1;Christos;m;1
1;Diaraye;w;1
1;Christus;m;1
1;Dib;w;1
1;Coby;m;1
1;Dilyara;w;1
1;Collin;m;1
1;Dima;w;1
1;Conner;m;1
1;Dimitra;w;1
1;Connor;m;1
1;Dinara;w;1
1;Conrad;m;1
1;Doaa;w;1
1;Cris;m;1
1;Donjeta;w;1
1;Cullen-Myles;m;1
1;Drilona;w;1
1;Curtis;m;1
1;Dunya;w;1
1;Da-Sol;m;1
1;Délia;w;1
1;Dag-Heward;m;1
1;Ebaa;w;1
1;Dalyan;m;1
1;Ebrare;w;1
1;Dan;m;1
1;Ecrin;w;1
1;Dante;m;1
1;Ecrinmina;w;1
1;Daoud;m;1
1;Edda;w;1
1;Daris;m;1
1;Eden;w;1
1;Daudi;m;1
1;Efrosine;w;1
1;Dave;m;1
1;Ekaterina;w;1
1;Davud;m;1
1;Elaha;w;1
1;Dayron;m;1
1;Elaine;w;1
1;Deljan;m;1
1;Elana;w;1
1;Deniz;m;1
1;Elen;w;1
1;Deon;m;1
1;Elena-Alesia;w;1
1;Derin;m;1
1;Eleyna;w;1
1;Destiny;m;1
1;Elham;w;1
1;Devin;m;1
1;Eliara;w;1
1;Dielli;m;1
1;Elicia-Herta;w;1
1;Dijan;m;1
1;Elinor;w;1
1;Dimitar;m;1
1;Elira;w;1
1;Dimitrios;m;1
1;Elischiva;w;1
1;Dimitry;m;1
1;Elise-Mathilda;w;1
1;Dinh;m;1
1;Eliza;w;1
1;Djamilo;m;1
1;Elizabeth;w;1
1;Djandelo;m;1
1;Elizan;w;1
1;Djibril;m;1
1;Elizaveta;w;1
1;Doan;m;1
1;Ellen;w;1
1;Donsteve;m;1
1;Elouise;w;1
1;Dorian;m;1
1;Elsona;w;1
1;Dzevat;m;1
1;Elva;w;1
1;Eddy;m;1
1;Elvira;w;1
1;Ederick;m;1
1;Elyana;w;1
1;Edgar;m;1
1;Emili;w;1
1;Ediz-Efe;m;1
1;Emina;w;1
1;Eduard;m;1
1;Emira;w;1
1;Eduard-Mihai;m;1
1;Emna-Sofi;w;1
1;Edwin;m;1
1;Enam;w;1
1;Ege;m;1
1;Enisa;w;1
1;Ekamjot-Singh;m;1
1;Enken;w;1
1;Ektor;m;1
1;Ervanur;w;1
1;Eland;m;1
1;Esmanur;w;1
1;Eleasar;m;1
1;Esra;w;1
1;Eliah;m;1
1;Estela;w;1
1;Eliano;m;1
1;Estella;w;1
1;Elisabeth;m;1
1;Estelle;w;1
1;Eliyah;m;1
1;Estera;w;1
1;Eliyas;m;1
1;Esther;w;1
1;Elmir;m;1
1;Evgenia;w;1
1;Elvin;m;1
1;Evie;w;1
1;Elyan;m;1
1;Ewa;w;1
1;Elyar;m;1
1;Eylem;w;1
1;Emiljan;m;1
1;Eylül;w;1
1;Emmanuel;m;1
1;Eyşan;w;1
1;Enes;m;1
1;Ezra;w;1
1;Enhar-Alan;m;1
1;Fabienne;w;1
1;Enrico;m;1
1;Fatimetou;w;1
1;Eray;m;1
1;Fatjona;w;1
1;Eren;m;1
1;Fatma;w;1
1;Erjal;m;1
1;Favour;w;1
1;Ersay;m;1
1;Faydet;w;1
1;Erwin;m;1
1;Feeya;w;1
1;Esra;m;1
1;Felia;w;1
1;Essa;m;1
1;Felina;w;1
1;Evan;m;1
1;Felipa;w;1
1;Evgenii;m;1
1;Filiz;w;1
1;Ewren;m;1
1;Fina;w;1
1;Eyad;m;1
1;Fine;w;1
1;Eyaz;m;1
1;Finnja;w;1
1;Faner;m;1
1;Firdaus;w;1
1;Fares;m;1
1;Florentine;w;1
1;Farid;m;1
1;Freja;w;1
1;Faris;m;1
1;Freyja;w;1
1;Faruk;m;1
1;Friederike;w;1
1;Fatih;m;1
1;Gabriella;w;1
1;Fattah;m;1
1;Gabriella-Florentine;w;1
1;Fazil;m;1
1;Gaia;w;1
1;Federico;m;1
1;Gerda;w;1
1;Fernando;m;1
1;Gesa;w;1
1;Finan;m;1
1;Ghadir;w;1
1;Finjan;m;1
1;Gina;w;1
1;Finn-Ragnar;m;1
1;Giorgia;w;1
1;Fino;m;1
1;Giuliana;w;1
1;Firas;m;1
1;Grace;w;1
1;Florijan;m;1
1;Graziella-Mia;w;1
1;Floyd;m;1
1;Greta-Antonia;w;1
1;Fouad;m;1
1;Griet;w;1
1;Frean;m;1
1;Gwendolyn;w;1
1;Frederic;m;1
1;Gülnas;w;1
1;Frido;m;1
1;Hadiya;w;1
1;Fridolin;m;1
1;Hafize;w;1
1;Friedemann;m;1
1;Hafsah;w;1
1;Frieder;m;1
1;Hailana;w;1
1;Frithjof;m;1
1;Hailie;w;1
1;Gabriele;m;1
1;Hala;w;1
1;Gad;m;1
1;Halima;w;1
1;Gael;m;1
1;Hamta;w;1
1;Gaetano;m;1
1;Hanna-Lara;w;1
1;Gaith;m;1
1;Hanne;w;1
1;Gavrilo;m;1
1;Hatice;w;1
1;Gega;m;1
1;Hatidža;w;1
1;Gereon;m;1
1;Havrin;w;1
1;Gero;m;1
1;Haylie;w;1
1;Gerrit;m;1
1;Hazal;w;1
1;Gibril;m;1
1;Helen;w;1
1;Gioele;m;1
1;Helin;w;1
1;Giuliano;m;1
1;Hend;w;1
1;Giulio;m;1
1;Henriette;w;1
1;Gleb;m;1
1;Herschey;w;1
1;Graciano;m;1
1;Hevda;w;1
1;Greatness;m;1
1;Hevin;w;1
1;Gregor;m;1
1;Hiba;w;1
1;Gunjas;m;1
1;Hidaya;w;1
1;Güney;m;1
1;Hilda;w;1
1;Habil;m;1
1;Hilke;w;1
1;Hakeem;m;1
1;Hiranur;w;1
1;Halid;m;1
1;Hope;w;1
1;Halil;m;1
1;Hysnije;w;1
1;Hamid;m;1
1;Hümeyra;w;1
1;Hamo;m;1
1;Iana;w;1
1;Hanif;m;1
1;Ikram;w;1
1;Hanno;m;1
1;Ilayda;w;1
1;Hans;m;1
1;Ina;w;1
1;Haroune;m;1
1;Inaaya;w;1
1;Hasan;m;1
1;Inaja;w;1
1;Hashim;m;1
1;Inaya;w;1
1;Hauke;m;1
1;Indira;w;1
1;Hector;m;1
1;Ines;w;1
1;Helge;m;1
1;Ingrid;w;1
1;Hendrik;m;1
1;Inola;w;1
1;Housain;m;1
1;Insa;w;1
1;Hussain;m;1
1;Ionna;w;1
1;Hussein;m;1
1;Irene;w;1
1;Ianis-Alexandru;m;1
1;Irini;w;1
1;Idriss;m;1
1;Isabelle;w;1
1;Iggy;m;1
1;Isis;w;1
1;Ignacio;m;1
1;Issy;w;1
1;Ignatius;m;1
1;Ivanka;w;1
1;Iko;m;1
1;Ivanna;w;1
1;Ilay;m;1
1;Iyobosa;w;1
1;Ilja-Alexej;m;1
1;Jahnova;w;1
1;Imad;m;1
1;Jalin-Amy;w;1
1;Imani;m;1
1;Jana-Marianne;w;1
1;Immanuel;m;1
1;Janika;w;1
1;Inar;m;1
1;Janina;w;1
1;Iosif;m;1
1;Jannah;w;1
1;Iraq;m;1
1;Jannika;w;1
1;Isaa;m;1
1;Jara;w;1
1;Isaak;m;1
1;Jasina;w;1
1;Isak;m;1
1;Jasleen;w;1
1;Ishaan;m;1
1;Jeliya;w;1
1;Ishan;m;1
1;Jella;w;1
1;Ismoil;m;1
1;Jenna;w;1
1;Issa;m;1
1;Jennifer;w;1
1;Issiaga;m;1
1;Jian;w;1
1;Ivan;m;1
1;Jihan;w;1
1;Ivano;m;1
1;Jilissa;w;1
1;Ivar;m;1
1;Jillian;w;1
1;Jabal;m;1
1;Jimena;w;1
1;Jack;m;1
1;Joana;w;1
1;Jacques;m;1
1;Joanna;w;1
1;Jaden;m;1
1;Jocelyn;w;1
1;Jaiden;m;1
1;Joelle;w;1
1;Jakub;m;1
1;Joemma;w;1
1;Jamal;m;1
1;Jolanda;w;1
1;Jamien;m;1
1;Joleen;w;1
1;Jamil-Mustafa;m;1
1;Joleen-Shaylin;w;1
1;Jani-Nilas;m;1
1;Jolie;w;1
1;Janno;m;1
1;Jolien;w;1
1;Jante;m;1
1;Jonida;w;1
1;Janyar;m;1
1;Jora;w;1
1;Jargon;m;1
1;Jory;w;1
1;Jarne;m;1
1;Josy;w;1
1;Jaroslav;m;1
1;Joud;w;1
1;Jascha;m;1
1;Joudi;w;1
1;Jay;m;1
1;Joyce;w;1
1;Jean-Philippe;m;1
1;Judy;w;1
1;Jean-Steve;m;1
1;Judy-Maria;w;1
1;Jelano;m;1
1;Jula;w;1
1;Jerome;m;1
1;Juli;w;1
1;Jesper;m;1
1;Julia-Evin;w;1
1;Jiyan;m;1
1;Julie;w;1
1;Joah;m;1
1;Justina;w;1
1;Joao;m;1
1;Jutta;w;1
1;Joel-Kevin;m;1
1;Jutta-Zakia;w;1
1;Johan;m;1
1;Kara;w;1
1;Joko;m;1
1;Karez;w;1
1;Jonne;m;1
1;Karlotta;w;1
1;Jorin;m;1
1;Karolina;w;1
1;Jose;m;1
1;Katerina;w;1
1;Joseph;m;1
1;Katja;w;1
1;Josha;m;1
1;Kaue;w;1
1;Josias;m;1
1;Kausar;w;1
1;Jud;m;1
1;Kayla;w;1
1;Jul;m;1
1;Kayra;w;1
1;Julen;m;1
1;Keitlyn;w;1
1;Julien;m;1
1;Kena;w;1
1;Juliusz;m;1
1;Kenza;w;1
1;Juna;m;1
1;Kiara;w;1
1;Junaid;m;1
1;Kiara-Melina;w;1
1;Junis;m;1
1;Kim;w;1
1;Junus;m;1
1;Kimberly;w;1
1;Juri;m;1
1;Kimya;w;1
1;Juwan;m;1
1;Klea;w;1
1;János;m;1
1;Kornelia;w;1
1;Kabir;m;1
1;Kristina;w;1
1;Kadir;m;1
1;Kyara;w;1
1;Kaif;m;1
1;Kylie;w;1
1;Karlo;m;1
1;Kyra;w;1
1;Kassian;m;1
1;Käthe;w;1
1;Kassim;m;1
1;Lalla;w;1
1;Kayra;m;1
1;Lamija;w;1
1;Kebir;m;1
1;Lamila-Aaliyah;w;1
1;Keijo;m;1
1;Lamita;w;1
1;Kenan;m;1
1;Laneya;w;1
1;Keno;m;1
1;Lara-Marie;w;1
1;Kenzo;m;1
1;Larin;w;1
1;Keyan;m;1
1;Larissa;w;1
1;Khaled;m;1
1;Lavin;w;1
1;Kharys;m;1
1;Lawin;w;1
1;Kiano;m;1
1;Layaen;w;1
1;Killian;m;1
1;Layal;w;1
1;Kjartan;m;1
1;Layla;w;1
1;Klaas;m;1
1;Lea-Marie;w;1
1;Kofi;m;1
1;Lea-Sophie;w;1
1;Kousay;m;1
1;Leena;w;1
1;Kristian;m;1
1;Leia;w;1
1;Kristopher;m;1
1;Lejla;w;1
1;Kwaku;m;1
1;Lelia;w;1
1;Lais;m;1
1;Lena-Marie;w;1
1;Lamin;m;1
1;Lenia;w;1
1;Lamine;m;1
1;Lenja;w;1
1;Latif;m;1
1;Leny;w;1
1;Laurenz;m;1
1;Leola;w;1
1;Lav;m;1
1;Leonora;w;1
1;Lawand;m;1
1;Leonore;w;1
1;Layvin;m;1
1;Leony;w;1
1;Leam;m;1
1;Lesley;w;1
1;Leano;m;1
1;Leyla-Elaine;w;1
1;Leano-Nael;m;1
1;Leyna;w;1
1;Ledri;m;1
1;Lia-Ilana;w;1
1;Leevi;m;1
1;Lia-Li;w;1
1;Lejs-Leon;m;1
1;Lian;w;1
1;Lekë;m;1
1;Lianna;w;1
1;Lenn-Louis;m;1
1;Liarra;w;1
1;Lenni;m;1
1;Lien;w;1
1;Lensih;m;1
1;Lilas;w;1
1;Leonardo-Ignazio;m;1
1;Lilianne;w;1
1;Leonas;m;1
1;Lilit;w;1
1;Leonel;m;1
1;Liljana;w;1
1;Leonid;m;1
1;Lillian;w;1
1;Leonik;m;1
1;Lillie;w;1
1;Leopold;m;1
1;Lillien;w;1
1;Levin-Sascha;m;1
1;Lillyan;w;1
1;Levy;m;1
1;Lilya;w;1
1;Leyan;m;1
1;Lilyan;w;1
1;Liam-Noel;m;1
1;Linn;w;1
1;Liandro;m;1
1;Linnea;w;1
1;Liberty;m;1
1;Lirael;w;1
1;Lino;m;1
1;Lisann;w;1
1;Linor;m;1
1;Liva;w;1
1;Lirton;m;1
1;Liwia;w;1
1;Lisjan;m;1
1;Lizzy;w;1
1;Liyam;m;1
1;Loena;w;1
1;Loar;m;1
1;Lola;w;1
1;Logan;m;1
1;Loni;w;1
1;London;m;1
1;Lore;w;1
1;Lorent;m;1
1;Lorein;w;1
1;Lorian;m;1
1;Lorina;w;1
1;Lorik;m;1
1;Lottie;w;1
1;Lorin;m;1
1;Louana;w;1
1;Loïc;m;1
1;Louisan;w;1
1;Luam;m;1
1;Louise;w;1
1;Luan-Miguel;m;1
1;Luana-Sophie;w;1
1;Luar;m;1
1;Luca;w;1
1;Luc;m;1
1;Lucia;w;1
1;Lucian;m;1
1;Lucil;w;1
1;Luciano;m;1
1;Ludovika;w;1
1;Luciano-Luano;m;1
1;Luina;w;1
1;Lucio;m;1
1;Luisayana;w;1
1;Lucius;m;1
1;Lumi;w;1
1;Luk;m;1
1;Lya;w;1
1;Lum;m;1
1;Lyana;w;1
1;Lunis;m;1
1;Lydia;w;1
1;Lyan;m;1
1;Lynna;w;1
1;Mads;m;1
1;Lìo;w;1
1;Magid;m;1
1;Līna;w;1
1;Mahdi;m;1
1;Ma;w;1
1;Maher;m;1
1;Macie;w;1
1;Mahid;m;1
1;Madeleine;w;1
1;Mahir;m;1
1;Maditha;w;1
1;Maik;m;1
1;Madlen;w;1
1;Maiko;m;1
1;Madline;w;1
1;Makan;m;1
1;Maeve;w;1
1;Malek;m;1
1;Mafhiza;w;1
1;Manraj;m;1
1;Magda;w;1
1;Marcel;m;1
1;Magdalena;w;1
1;Marcelino;m;1
1;Mahilini;w;1
1;Marcello;m;1
1;Maija;w;1
1;Marek;m;1
1;Maike;w;1
1;Marian;m;1
1;Maili-Liara;w;1
1;Mario;m;1
1;Mailin;w;1
1;Marius;m;1
1;Maily;w;1
1;Martin-Nikolay;m;1
1;Maissaa;w;1
1;Maru;m;1
1;Makka;w;1
1;Matei;m;1
1;Malena;w;1
1;Matej;m;1
1;Mali;w;1
1;Mateusz;m;1
1;Maliyah;w;1
1;Mathes;m;1
1;Mannat;w;1
1;Mathéo;m;1
1;Maral;w;1
1;Mats-Leo;m;1
1;Margarethe;w;1
1;Matt;m;1
1;Margot;w;1
1;Matthias;m;1
1;Maria-Isadora;w;1
1;Matthijs;m;1
1;Maribel;w;1
1;Mattéo;m;1
1;Maribelle;w;1
1;Maurice;m;1
1;Marie-Sophie;w;1
1;Mavion;m;1
1;Marielle;w;1
1;Maxime;m;1
1;Maries;w;1
1;Maximus;m;1
1;Marilu;w;1
1;Mayar;m;1
1;Marisa;w;1
1;Mazin;m;1
1;Markella;w;1
1;Mehar;m;1
1;Marlee;w;1
1;Melih;m;1
1;Marleen;w;1
1;Merlin;m;1
1;Marlin;w;1
1;Mersan;m;1
1;Marlis;w;1
1;Mhissan;m;1
1;Martina;w;1
1;Mica;m;1
1;Marwa;w;1
1;Michail;m;1
1;Maryrose;w;1
1;Mick;m;1
1;Masal;w;1
1;Mihailo;m;1
1;Matea;w;1
1;Mijdar;m;1
1;Mathilde;w;1
1;Mik;m;1
1;Matthea;w;1
1;Mikail-Khalid;m;1
1;Mavie;w;1
1;Mikell;m;1
1;Mavin;w;1
1;Mikito;m;1
1;Mayan;w;1
1;Mikka;m;1
1;Mayvi;w;1
1;Mikkel;m;1
1;Maïra;w;1
1;Miko;m;1
1;Mea;w;1
1;Mil;m;1
1;Medina-Amani;w;1
1;Milano;m;1
1;Megan;w;1
1;Miles;m;1
1;Meike;w;1
1;Milian;m;1
1;Melanie;w;1
1;Milijan;m;1
1;Melinda;w;1
1;Millow;m;1
1;Melodi;w;1
1;Milosh;m;1
1;Meng;w;1
1;Milow;m;1
1;Meriam;w;1
1;Mimoun;m;1
1;Merve;w;1
1;Mio;m;1
1;Meryam;w;1
1;Mionel;m;1
1;Meryem-Elif;w;1
1;Miqael;m;1
1;Meva;w;1
1;Mirac;m;1
1;Meysa;w;1
1;Miron;m;1
1;Mia-Sophie;w;1
1;Mischa;m;1
1;Michele;w;1
1;Mobasher;m;1
1;Midya;w;1
1;Mohamad;m;1
1;Mikela;w;1
1;Mortimer;m;1
1;Milana;w;1
1;Mosa;m;1
1;Milijana;w;1
1;Moustapha;m;1
1;Milla;w;1
1;Mudassir;m;1
1;Minela;w;1
1;Muhammet;m;1
1;Minewer;w;1
1;Muharrem;m;1
1;Minh;w;1
1;Murad;m;1
1;Minni;w;1
1;Mutasim;m;1
1;Miraal;w;1
1;Máher;m;1
1;Miray;w;1
1;Nadeem;m;1
1;Mirelle;w;1
1;Nadir;m;1
1;Mithra;w;1
1;Naly;m;1
1;Miya;w;1
1;Nando;m;1
1;Mofida;w;1
1;Nari;m;1
1;Moira;w;1
1;Nasim;m;1
1;Moja;w;1
1;Navilan;m;1
1;Mounia;w;1
1;Nawid;m;1
1;Mumtahin;w;1
1;Naïl;m;1
1;Muna;w;1
1;Nehan;m;1
1;Mylana;w;1
1;Neilio;m;1
1;Nadine;w;1
1;Nelio;m;1
1;Nadira;w;1
1;Neo;m;1
1;Naemi;w;1
1;Nermin;m;1
1;Naevia;w;1
1;Nero;m;1
1;Nailah;w;1
1;Nestor;m;1
1;Nailia;w;1
1;Nicholas;m;1
1;Najlaa;w;1
1;Nicolás;m;1
1;Nalia;w;1
1;Nihad;m;1
1;Namika;w;1
1;Nikk;m;1
1;Nancy;w;1
1;Nikola;m;1
1;Naoki;w;1
1;Nikolaj;m;1
1;Nasli;w;1
1;Nikolaos;m;1
1;Natalia;w;1
1;Nikos;m;1
1;Natalie;w;1
1;Nilas;m;1
1;Nathalie;w;1
1;Nimród;m;1
1;Nawal;w;1
1;Nishanth;m;1
1;Naya;w;1
1;Nmeso;m;1
1;Nazdar;w;1
1;Noah-Gabriel;m;1
1;Neda;w;1
1;Noel-Aaron;m;1
1;Nehir;w;1
1;Nolan;m;1
1;Nela;w;1
1;Noyan;m;1
1;Nele-Feline;w;1
1;Noé;m;1
1;Nelia;w;1
1;Nurettin;m;1
1;Nelli;w;1
1;Nuri;m;1
1;Nelly;w;1
1;Néo;m;1
1;Neslihan;w;1
1;Oday;m;1
1;Nesrin;w;1
1;Ognjen;m;1
1;Nevia;w;1
1;Olivier;m;1
1;Neyla;w;1
1;Oliwier;m;1
1;Niaz;w;1
1;Omran;m;1
1;Nicole;w;1
1;Onosetale;m;1
1;Nihad;w;1
1;Onur;m;1
1;Niharika;w;1
1;Orestis;m;1
1;Nikol;w;1
1;Osewe;m;1
1;Nila;w;1
1;Osman;m;1
1;Nilay;w;1
1;Ouail-Salim;m;1
1;Niovi;w;1
1;Parham;m;1
1;Nisanur;w;1
1;Pars;m;1
1;Noal;w;1
1;Pau;m;1
1;Noela;w;1
1;Pavlos;m;1
1;Noelia;w;1
1;Pharrell;m;1
1;Noelie;w;1
1;Philmon;m;1
1;Nola;w;1
1;Phänuel;m;1
1;Noussayba;w;1
1;Pia;m;1
1;Noèmi;w;1
1;Pietro;m;1
1;Nuala;w;1
1;Pino;m;1
1;Nur;w;1
1;Pit;m;1
1;Nura;w;1
1;Pius;m;1
1;Nuri;w;1
1;Priam;m;1
1;Nuria;w;1
1;Quinn;m;1
1;Nusaiba;w;1
1;Quynn;m;1
1;Oana;w;1
1;Radwan;m;1
1;Ofelia;w;1
1;Rafat;m;1
1;Oliwia;w;1
1;Rafatjan;m;1
1;Paige;w;1
1;Rahmoun;m;1
1;Palina;w;1
1;Raid;m;1
1;Paola;w;1
1;Raik;m;1
1;Parissa;w;1
1;Ram;m;1
1;Parveen;w;1
1;Rami;m;1
1;Pelin;w;1
1;Ramyar;m;1
1;Periya;w;1
1;Rares-Marius;m;1
1;Philomena;w;1
1;Rareș;m;1
1;Phoebe-Marie;w;1
1;Rastislav;m;1
1;Phoibe;w;1
1;Ravel;m;1
1;Pina;w;1
1;Ray;m;1
1;Precious;w;1
1;Resul;m;1
1;Princess;w;1
1;Revan;m;1
1;Priscilla;w;1
1;Reyan;m;1
1;Rahma;w;1
1;Rezan;m;1
1;Ramin;w;1
1;Rian;m;1
1;Rana;w;1
1;Riccardo;m;1
1;Rania;w;1
1;Rico;m;1
1;Ranja;w;1
1;Rihaan;m;1
1;Rebecca;w;1
1;Rion;m;1
1;Reigneth;w;1
1;Rivor;m;1
1;Remy;w;1
1;Rizil;m;1
1;Reyna;w;1
1;Roan;m;1
1;Ria;w;1
1;Robert-Mihai;m;1
1;Rida;w;1
1;Rodin;m;1
1;Rieke;w;1
1;Rodrigo;m;1
1;Rija;w;1
1;Romário;m;1
1;Rike;w;1
1;Rongji;m;1
1;Riley;w;1
1;Ronnie;m;1
1;Rinesa;w;1
1;Rowan;m;1
1;Rita;w;1
1;Roy;m;1
1;Robin;w;1
1;Rubin;m;1
1;Rodaina;w;1
1;Rustam;m;1
1;Rojda;w;1
1;Rüzgar;m;1
1;Rojin;w;1
1;Saadettin;m;1
1;Rola;w;1
1;Saber;m;1
1;Rolin;w;1
1;Safouan;m;1
1;Romina;w;1
1;Safwan;m;1
1;Roop;w;1
1;Saifeddin;m;1
1;Rosalin;w;1
1;Saji;m;1
1;Rose;w;1
1;Sajmen;m;1
1;Rosim;w;1
1;Salahdeen;m;1
1;Rouwayda;w;1
1;Salahudin;m;1
1;Ruby;w;1
1;Salam;m;1
1;Rugia;w;1
1;Saleh;m;1
1;Runa;w;1
1;Salih;m;1
1;Ryad;w;1
1;Samirjam;m;1
1;Rylee;w;1
1;Samran;m;1
1;Rüya;w;1
1;Samu;m;1
1;Saba;w;1
1;Santino;m;1
1;Sabah-Jana;w;1
1;Sary;m;1
1;Sabine;w;1
1;Savas;m;1
1;Sabrina;w;1
1;Sayan;m;1
1;Safaa;w;1
1;Schahin;m;1
1;Safiya;w;1
1;Schak;m;1
1;Saliha;w;1
1;Scott;m;1
1;Salil;w;1
1;Sefaldin;m;1
1;Salischa;w;1
1;Sekou;m;1
1;Sally;w;1
1;Selim;m;1
1;Salome;w;1
1;Semi;m;1
1;Samara;w;1
1;Semil;m;1
1;Samaya;w;1
1;Sevket;m;1
1;Sana;w;1
1;Seydi-Ahmet;m;1
1;Sarra;w;1
1;Seyid;m;1
1;Sarya;w;1
1;Seyit;m;1
1;Saya;w;1
1;Shane;m;1
1;Schahed;w;1
1;Sharif;m;1
1;Semina;w;1
1;Shayan;m;1
1;Sena;w;1
1;Sher;m;1
1;Serpil;w;1
1;Sherwan;m;1
1;Sevana;w;1
1;Shivdish;m;1
1;Shahad;w;1
1;Shubwinder;m;1
1;Shahiban;w;1
1;Shurayh;m;1
1;Shams;w;1
1;Sian-Siamand;m;1
1;Shana;w;1
1;Siem;m;1
1;Shaya;w;1
1;Siljan;m;1
1;Shella;w;1
1;Silvan;m;1
1;Sidra;w;1
1;Sinan;m;1
1;Siema;w;1
1;Siraj;m;1
1;Sienna;w;1
1;Sivan;m;1
1;Sina;w;1
1;Skander;m;1
1;Sine;w;1
1;Soufian;m;1
1;Skyla;w;1
1;Soulayman;m;1
1;Sofiya;w;1
1;Spara;m;1
1;Solvej;w;1
1;Spiridon;m;1
1;Solvey;w;1
1;Stefan;m;1
1;Solvie;w;1
1;Steven;m;1
1;Sophi;w;1
1;Stjepan;m;1
1;Sophia-Anays;w;1
1;Sufi;m;1
1;Sophie-Marlene;w;1
1;Sulayman;m;1
1;Sosna;w;1
1;Sultan;m;1
1;Spogmai;w;1
1;Sven;m;1
1;Ssama;w;1
1;Syart;m;1
1;Ssana;w;1
1;Séan;m;1
1;Stina;w;1
1;Tafari;m;1
1;Suela;w;1
1;Tahmid;m;1
1;Sumaya;w;1
1;Tahsin;m;1
1;Suna;w;1
1;Tani;m;1
1;Sundus;w;1
1;Taron;m;1
1;Sunjun;w;1
1;Tayler;m;1
1;Sure;w;1
1;Teo;m;1
1;Tabina;w;1
1;Teodor;m;1
1;Taissija;w;1
1;Thees;m;1
1;Taj;w;1
1;Themistoklis;m;1
1;Tala;w;1
1;Thiemo;m;1
1;Talea;w;1
1;Thies;m;1
1;Tamia;w;1
1;Thorben;m;1
1;Tammy;w;1
1;Thorin;m;1
1;Tara;w;1
1;Tian;m;1
1;Taya;w;1
1;Tiaro;m;1
1;Taybe;w;1
1;Tillman;m;1
1;Teona;w;1
1;Tilo;m;1
1;Teresa;w;1
1;Timeon;m;1
1;Thérèse;w;1
1;Timon;m;1
1;Tia;w;1
1;Timur;m;1
1;Tiara;w;1
1;Tino;m;1
1;Tila;w;1
1;Tius;m;1
1;Tilli;w;1
1;Tiziano;m;1
1;Tiên;w;1
1;Tonino;m;1
1;Tsion;w;1
1;Tony;m;1
1;Uljana;w;1
1;Tyler;m;1
1;Vaiana;w;1
1;Tyriq;m;1
1;Valbone;w;1
1;Tyson;m;1
1;Valentina-Lydia;w;1
1;U-Ju;m;1
1;Vansa;w;1
1;Unik;m;1
1;Venetia;w;1
1;Uraz;m;1
1;Venezia;w;1
1;Vadim;m;1
1;Verena;w;1
1;Valerian;m;1
1;Veronika;w;1
1;Vasilius;m;1
1;Vida;w;1
1;Viktor;m;1
1;Viona;w;1
1;Vinzenz;m;1
1;Vivianna;w;1
1;Vuk;m;1
1;Vivienne;w;1
1;Wadim;m;1
1;Wanda;w;1
1;Wael;m;1
1;Wanja;w;1
1;Walid;m;1
1;Watin;w;1
1;Walter;m;1
1;Wei-Yi;w;1
1;Wanja;m;1
1;Yamina;w;1
1;Ward;m;1
1;Yana;w;1
1;Watin;m;1
1;Yanxi;w;1
1;Wilhelm;m;1
1;Yarin;w;1
1;Wilm;m;1
1;Yasmin;w;1
1;Wolfram;m;1
1;Yasmina;w;1
1;Xavier;m;1
1;Yennefer;w;1
1;Xiangrui;m;1
1;Yidi;w;1
1;Yahye;m;1
1;Yifan;w;1
1;Yakup;m;1
1;Ylva;w;1
1;Yamin;m;1
1;Ylvi;w;1
1;Yann;m;1
1;Ylvie;w;1
1;Yannick;m;1
1;Yohanan;w;1
1;Yanno;m;1
1;Youyou;w;1
1;Yari;m;1
1;Ysaline;w;1
1;Yasen;m;1
1;Yuki;w;1
1;Yasir;m;1
1;Yuna-Sofie;w;1
1;Yehya;m;1
1;Yura;w;1
1;Yeray;m;1
1;Zahra;w;1
1;Yi;m;1
1;Zainab;w;1
1;Yigit;m;1
1;Zaira;w;1
1;Yiğit;m;1
1;Zana;w;1
1;Ylyan;m;1
1;Zandra;w;1
1;Yohannes;m;1
1;Zarah;w;1
1;Yonas-Lio;m;1
1;Zayna;w;1
1;Yousef;m;1
1;Zelihan;w;1
1;Yuri;m;1
1;Zena;w;1
1;Yussuf;m;1
1;Zeyneb;w;1
1;Yusup;m;1
1;Zilan;w;1
1;Yuvansh;m;1
1;Zlata;w;1
1;Yves;m;1
1;Zlatoslava;w;1
1;Zair;m;1
1;Zoey;w;1
1;Zakaria;m;1
1;Zofia;w;1
1;Zakariya;m;1
1;Zuribella;w;1
1;Zayed;m;1
1;Zümra;w;1
1;Zayn;m;1
1;Élis;w;1
1;Zejd;m;1
1;Şuara;w;1
1;Ziaan;m;1
1;Zidane;m;1
1;Ziya;m;1
1;Zohaib;m;1
1;Zohair;m;1
1;Zubin;m;1
1;Álvaro;m;1
1;Émile;m;1
1;Ümeyr;m;1
