anzahl;vorname;geschlecht;position
99;Marie;w;2
98;Sophie;w;2
63;Maria;w;2
52;Felix;m;1
51;Jonas;m;1
49;Emilia;w;1
49;Emma;w;1
48;Lina;w;1
48;Mia;w;1
47;Alexander;m;2
47;Leon;m;1
45;Noah;m;1
45;Anna;w;1
44;Paul;m;1
43;Mila;w;1
37;Anton;m;1
37;Ben;m;1
37;Maximilian;m;1
36;Johanna;w;1
36;Elias;m;1
35;Leonie;w;1
35;Julian;m;1
34;Clara;w;1
34;Luisa;w;1
34;David;m;1
34;Marie;w;1
32;Elisabeth;w;2
32;Lena;w;1
31;Alexander;m;1
30;Maximilian;m;2
30;Jonathan;m;1
30;Lea;w;1
29;Luis;m;1
28;Greta;w;1
28;Jan;m;1
28;Leo;m;1
27;Johanna;w;2
27;Emily;w;1
27;Ida;w;1
27;Jakob;m;1
27;Laura;w;1
27;Theo;m;1
26;Hannah;w;1
26;Luca;m;1
25;Henry;m;1
24;Charlotte;w;2
24;Emil;m;1
24;Finn;m;1
24;Julius;m;1
24;Lukas;m;1
23;Katharina;w;2
23;Sophie;w;1
23;Adam;m;1
23;Samuel;m;1
23;Tim;m;1
22;Leni;w;1
22;Maria;w;1
22;Paula;w;1
22;Leonard;m;1
22;Liam;m;1
21;Elias;m;2
21;Paul;m;2
21;Charlotte;w;1
21;Sarah;w;1
21;Aaron;m;1
21;Benjamin;m;1
21;Mats;m;1
21;Moritz;m;1
20;Ella;w;1
20;Hanna;w;1
20;Lotta;w;1
20;Sophia;w;1
20;Matteo;m;1
19;Luisa;w;2
19;Julia;w;1
19;Louis;m;1
19;Milan;m;1
19;Oskar;m;1
19;Tom;m;1
18;Anton;m;2
18;Luise;w;2
18;Sophia;w;2
18;Jana;w;1
18;Lia;w;1
18;Mira;w;1
18;Max;m;1
18;Niklas;m;1
17;Emil;m;2
17;Josef;m;2
17;Carla;w;1
17;Sara;w;1
17;Sofia;w;1
17;Karl;m;1
17;Linus;m;1
17;Theodor;m;1
16;Elisa;w;1
16;Frida;w;1
16;Isabella;w;1
16;Lisa;w;1
16;Marlene;w;1
16;Levi;m;1
16;Vincent;m;1
15;Felix;m;2
15;Friedrich;m;2
15;Amelie;w;1
15;Antonia;w;1
15;Mara;w;1
15;Daniel;m;1
15;Erik;m;1
15;Ole;m;1
15;Simon;m;1
14;Jonathan;m;2
14;Anna;w;2
14;Lara;w;1
14;Matilda;w;1
14;Nele;w;1
14;Nora;w;1
14;Henri;m;1
14;Timo;m;1
13;Jakob;m;2
13;Amelia;w;1
13;Diana;w;1
13;Frieda;w;1
13;Lasse;m;1
13;Mateo;m;1
13;Philipp;m;1
12;Johann;m;2
12;Carlotta;w;1
12;Elena;w;1
12;Lilly;w;1
12;Louisa;w;1
12;Benedikt;m;1
12;Maya;w;1
12;Fabian;m;1
12;Mina;w;1
12;Maxim;m;1
12;Paulina;w;1
12;Till;m;1
12;Pauline;w;1
12;Tobias;m;1
11;Emilia;w;2
11;David;m;2
11;Viktoria;w;2
11;Johannes;m;2
11;Luca;m;2
11;Matthias;m;2
11;Michael;m;2
11;Philipp;m;2
11;Valentin;m;2
11;Eva;w;1
11;Damian;m;1
11;Katharina;w;1
11;Johann;m;1
11;Klara;w;1
11;Valentin;m;1
11;Liana;w;1
11;Yusuf;m;1
11;Maja;w;1
11;Melina;w;1
10;Ali;m;2
10;Christian;m;2
10;Gabriel;m;2
10;Peter;m;2
10;Adrian;m;1
10;Amir;m;1
10;Amira;w;1
10;Gabriel;m;1
10;Juna;w;1
10;Johannes;m;1
10;Jonah;m;1
10;Mohamed;m;1
10;Oliver;m;1
10;Raphael;m;1
9;Maria;w;3
9;Benjamin;m;2
9;Leonard;m;2
9;Louis;m;2
9;Noah;m;2
9;Elina;w;1
9;Elisabeth;w;1
9;Fiona;w;1
9;Jule;w;1
9;Martha;w;1
9;Florian;m;1
9;Mathilda;w;1
9;Hamza;m;1
9;Romy;w;1
9;Joshua;m;1
9;Viktoria;w;1
9;Justus;m;1
9;Mika;m;1
9;Miran;m;1
9;Nick;m;1
9;Nico;m;1
9;Phil;m;1
8;Antonia;w;2
8;Barbara;w;2
8;Elisa;w;2
8;Marleen;w;2
8;Henri;m;2
8;Jonas;m;2
8;Robert;m;2
8;Sebastian;m;2
8;Wilhelm;m;2
8;Alicia;w;1
8;Annika;w;1
8;Elif;w;1
8;Elin;w;1
8;Luana;w;1
8;Luna;w;1
8;Frederik;m;1
8;Milana;w;1
8;Ilyas;m;1
8;Ronja;w;1
8;Ivan;m;1
8;Thea;w;1
8;Jannis;m;1
8;Tilda;w;1
8;Kilian;m;1
8;Konstantin;m;1
8;Lars;m;1
8;Luka;m;1
8;Malte;m;1
8;Mohammed;m;1
8;Muhammed;m;1
8;Robin;m;1
8;Yasin;m;1
7;Clara;w;2
7;Felicitas;w;2
7;Franziska;w;2
7;Josephine;w;2
7;Mia;w;2
7;Victoria;w;2
7;Antonio;m;2
7;Can;m;2
7;Frederik;m;2
7;Jan;m;2
7;Leon;m;2
7;Alina;w;1
7;Alma;w;1
7;Alva;w;1
7;Ava;w;1
7;Carolin;w;1
7;Elise;w;1
7;Elli;w;1
7;Finja;w;1
7;Helena;w;1
7;Constantin;m;1
7;Jasmin;w;1
7;Hugo;m;1
7;Julie;w;1
7;Janosch;m;1
7;Karla;w;1
7;Jona;m;1
7;Liv;w;1
7;Lias;m;1
7;Magdalena;w;1
7;Lucas;m;1
7;Marla;w;1
7;Marlon;m;1
7;Maryam;w;1
7;Matthias;m;1
7;Miriam;w;1
7;Mikail;m;1
7;Pia;w;1
7;Muhammad;m;1
7;Oscar;m;1
7;Rafael;m;1
7;Thomas;m;1
7;Ömer;m;1
6;Maria;m;3
6;Elisabeth;w;3
6;Marie;w;3
6;Elise;w;2
6;Helene;w;2
6;Isabella;w;2
6;Josefine;w;2
6;Julia;w;2
6;Leni;w;2
6;Louisa;w;2
6;Marlene;w;2
6;Mathilda;w;2
6;Mila;w;2
6;Paulina;w;2
6;Pauline;w;2
6;Ruth;w;2
6;Valentina;w;2
6;Andreas;m;2
6;Ben;m;2
6;Franz;m;2
6;Julius;m;2
6;Kaan;m;2
6;Karl;m;2
6;Leo;m;2
6;Ludwig;m;2
6;Lukas;m;2
6;Martin;m;2
6;Simon;m;2
6;Alissa;w;1
6;Amina;w;1
6;Anni;w;1
6;Ela;w;1
6;Franziska;w;1
6;Ali;m;1
6;Liliana;w;1
6;Amin;m;1
6;Lotte;w;1
6;Arian;m;1
6;Malina;w;1
6;Bilal;m;1
6;Philippa;w;1
6;Bruno;m;1
6;Zeynep;w;1
6;Can;m;1
6;Zoe;w;1
6;Elyas;m;1
6;Emilio;m;1
6;Fynn;m;1
6;Jacob;m;1
6;Jaron;m;1
6;Jason;m;1
6;Leander;m;1
6;Lian;m;1
6;Luan;m;1
6;Mattis;m;1
6;Milo;m;1
6;Mohammad;m;1
6;Nathan;m;1
6;Robert;m;1
6;Silas;m;1
6;Yassin;m;1
6;Younes;m;1
5;Isabel;w;2
5;Lina;w;2
5;Lotta;w;2
5;Lucia;w;2
5;Sofie;w;2
5;Theresa;w;2
5;Amin;m;2
5;Eric;m;2
5;Erik;m;2
5;Ferdinand;m;2
5;Florian;m;2
5;Joel;m;2
5;Klaus;m;2
5;Liam;m;2
5;Lio;m;2
5;Milan;m;2
5;Noel;m;2
5;Samuel;m;2
5;Thomas;m;2
5;Tiberius;m;2
5;Annabelle;w;1
5;Ariana;w;1
5;Azra;w;1
5;Barin;w;1
5;Emely;w;1
5;Felicitas;w;1
5;Isabelle;w;1
5;Lana;w;1
5;Lene;w;1
5;Leyla;w;1
5;Lilith;w;1
5;Lilli;w;1
5;Liya;w;1
5;Luise;w;1
5;Madita;w;1
5;Merle;w;1
5;Milena;w;1
5;Adriano;m;1
5;Mona;w;1
5;Ahmad;m;1
5;Olivia;w;1
5;Arthur;m;1
5;Victoria;w;1
5;Ayoub;m;1
5;Carlo;m;1
5;Elian;m;1
5;Enno;m;1
5;Eric;m;1
5;Ferdinand;m;1
5;Georg;m;1
5;Hannes;m;1
5;Hanno;m;1
5;Ibrahim;m;1
5;Jakub;m;1
5;Joel;m;1
5;Johan;m;1
5;Jonte;m;1
5;Kai;m;1
5;Kian;m;1
5;Leandro;m;1
5;Lenn;m;1
5;Levin;m;1
5;Lion;m;1
5;Luke;m;1
5;Michael;m;1
5;Mustafa;m;1
5;Neo;m;1
5;Nils;m;1
5;Pepe;m;1
5;Peter;m;1
5;Philip;m;1
5;Rayan;m;1
5;Sam;m;1
5;Tristan;m;1
5;William;m;1
5;Youssef;m;1
4;Alexander;m;3
4;Alva;w;2
4;Amelie;w;2
4;Anastasia;w;2
4;Dorothea;w;2
4;Elin;w;2
4;Emily;w;2
4;Emma;w;2
4;Friederike;w;2
4;Julie;w;2
4;Lotte;w;2
4;Michaela;w;2
4;Rosa;w;2
4;Su;w;2
4;Adrian;m;2
4;Albert;m;2
4;Armin;m;2
4;Carl;m;2
4;Daniel;m;2
4;Georg;m;2
4;Hans;m;2
4;Heinrich;m;2
4;Henry;m;2
4;Jacob;m;2
4;Joachim;m;2
4;Joshua;m;2
4;Justus;m;2
4;Konstantin;m;2
4;Leander;m;2
4;Manuel;m;2
4;Maxim;m;2
4;Moritz;m;2
4;Richard;m;2
4;Ryan;m;2
4;Tobias;m;2
4;Valentino;m;2
4;Vincent;m;2
4;Aliya;w;1
4;Amalia;w;1
4;Ana;w;1
4;Arina;w;1
4;Aurelia;w;1
4;Avesta;w;1
4;Celine;w;1
4;Edda;w;1
4;Fatima;w;1
4;Felina;w;1
4;Flora;w;1
4;Hana;w;1
4;Josefine;w;1
4;Josephine;w;1
4;Laila;w;1
4;Leila;w;1
4;Linda;w;1
4;Livia;w;1
4;Malia;w;1
4;Mariam;w;1
4;Melek;w;1
4;Melissa;w;1
4;Meryem;w;1
4;Nayla;w;1
4;Nela;w;1
4;Nika;w;1
4;Nina;w;1
4;Rosa;w;1
4;Sofie;w;1
4;Stella;w;1
4;Tessa;w;1
4;Theresa;w;1
4;Valerie;w;1
4;Abdullah;m;1
4;Yasmin;w;1
4;Alan;m;1
4;Alessio;m;1
4;Artur;m;1
4;Bela;m;1
4;Carl;m;1
4;Christian;m;1
4;Deniz;m;1
4;Diego;m;1
4;Dominik;m;1
4;Emilian;m;1
4;Emir;m;1
4;Ensar;m;1
4;Fabio;m;1
4;Friedrich;m;1
4;Gero;m;1
4;Henning;m;1
4;Jannes;m;1
4;Jannik;m;1
4;Jasper;m;1
4;Jayden;m;1
4;Joris;m;1
4;Josef;m;1
4;Lennard;m;1
4;Lennart;m;1
4;Lio;m;1
4;Ludwig;m;1
4;Mahdi;m;1
4;Malek;m;1
4;Manuel;m;1
4;Martin;m;1
4;Matti;m;1
4;Nael;m;1
4;Piet;m;1
4;Sami;m;1
4;Samu;m;1
4;Sebastian;m;1
4;Thiago;m;1
4;Thore;m;1
4;Toni;m;1
3;Karl;m;3
3;Michael;m;3
3;Luise;w;3
3;Mohammed;m;3
3;Nikolaus;m;3
3;Alexandra;w;2
3;Amalia;w;2
3;Anni;w;2
3;Anouk;w;2
3;Aylin;w;2
3;Carolina;w;2
3;Christin;w;2
3;Claudia;w;2
3;Elif;w;2
3;Eva;w;2
3;Greta;w;2
3;Henriette;w;2
3;Ida;w;2
3;Ioana;w;2
3;Isabell;w;2
3;Isabelle;w;2
3;Johanne;w;2
3;Jolie;w;2
3;Laura;w;2
3;Lea;w;2
3;Lena;w;2
3;Leonie;w;2
3;Louise;w;2
3;Maja;w;2
3;Malin;w;2
3;Malou;w;2
3;Margarete;w;2
3;Marlen;w;2
3;Melina;w;2
3;Adam;m;2
3;Monika;w;2
3;Alfred;m;2
3;Nur;w;2
3;Antonius;m;2
3;Patricia;w;2
3;Arthur;m;2
3;Regina;w;2
3;August;m;2
3;Yuna;w;2
3;Caspar;m;2
3;Clemens;m;2
3;Constantin;m;2
3;Emilian;m;2
3;Emmanuel;m;2
3;Gustav;m;2
3;Harald;m;2
3;Immanuel;m;2
3;Jens;m;2
3;John;m;2
3;Jonah;m;2
3;Julian;m;2
3;Kaspar;m;2
3;Kilian;m;2
3;Levi;m;2
3;Luis;m;2
3;Magnus;m;2
3;Markus;m;2
3;Marlon;m;2
3;Matteo;m;2
3;Nicolas;m;2
3;Noé;m;2
3;Oliver;m;2
3;Oskar;m;2
3;Otto;m;2
3;Raphael;m;2
3;Said;m;2
3;Uwe;m;2
3;Willi;m;2
3;Adriana;w;1
3;Alena;w;1
3;Alexandra;w;1
3;Alia;w;1
3;Aliyah;w;1
3;Amal;w;1
3;Amanda;w;1
3;Amara;w;1
3;Amilia;w;1
3;Annie;w;1
3;Asiya;w;1
3;Chiara;w;1
3;Dalia;w;1
3;Eleonora;w;1
3;Elissa;w;1
3;Ema;w;1
3;Emilie;w;1
3;Feline;w;1
3;Fenja;w;1
3;Friederike;w;1
3;Heidi;w;1
3;Helen;w;1
3;Isabel;w;1
3;Isabell;w;1
3;Janna;w;1
3;Juliana;w;1
3;Karina;w;1
3;Kira;w;1
3;Larissa;w;1
3;Laya;w;1
3;Leah;w;1
3;Leia;w;1
3;Lenia;w;1
3;Lenya;w;1
3;Leona;w;1
3;Lucia;w;1
3;Lucy;w;1
3;Mathilde;w;1
3;Mayla;w;1
3;Anas;m;1
3;Melanie;w;1
3;Aras;m;1
3;Mia-Sophie;w;1
3;Arved;m;1
3;Nala;w;1
3;Darius;m;1
3;Nour;w;1
3;Diar;m;1
3;Rabea;w;1
3;Elia;m;1
3;Rosalie;w;1
3;Eliah;m;1
3;Samira;w;1
3;Elijah;m;1
3;Selina;w;1
3;Eymen;m;1
3;Sila;w;1
3;Frederick;m;1
3;Sina;w;1
3;Gereon;m;1
3;Smilla;w;1
3;Hendrik;m;1
3;Susanna;w;1
3;Henrik;m;1
3;Tamina;w;1
3;Ian;m;1
3;Tara;w;1
3;Ilay;m;1
3;Vera;w;1
3;Ismail;m;1
3;Yara;w;1
3;Jesse;m;1
3;Zehra;w;1
3;John;m;1
3;Zoey;w;1
3;Kaan;m;1
3;Zoé;w;1
3;Kalle;m;1
3;Kenan;m;1
3;Konrad;m;1
3;Leonardo;m;1
3;Leonhard;m;1
3;Lionel;m;1
3;Mahmoud;m;1
3;Malik;m;1
3;Marc;m;1
3;Marvin;m;1
3;Matheo;m;1
3;Mathis;m;1
3;Mehmet;m;1
3;Mert;m;1
3;Mohamad;m;1
3;Nikita;m;1
3;Nikola;m;1
3;Nikolai;m;1
3;Noel;m;1
3;Omar;m;1
3;Poyraz;m;1
3;Richard;m;1
3;Rohan;m;1
3;Salim;m;1
3;Sandro;m;1
3;Sulaiman;m;1
3;Taim;m;1
3;Teodor;m;1
3;Thilo;m;1
3;Tyler;m;1
3;Valerian;m;1
3;Yakup;m;1
3;Yannik;m;1
3;Younis;m;1
3;Zakariya;m;1
2;Anna;w;4
2;Maria;w;4
2;Andrea;w;3
2;Anh;w;3
2;Aaron;m;3
2;Eleonore;w;3
2;Albert;m;3
2;Frieda;w;3
2;Ali;m;3
2;Helene;w;3
2;Andreas;m;3
2;Irene;w;3
2;Christian;m;3
2;Katharina;w;3
2;Erich;m;3
2;Margot;w;3
2;Ferdinand;m;3
2;Marianne;w;3
2;Friedrich;m;3
2;Marlene;w;3
2;Heinrich;m;3
2;Mohamed;w;3
2;Joachim;m;3
2;Pauline;w;3
2;Johannes;m;3
2;qizi;w;3
2;Josef;m;3
2;Rose;w;3
2;Martin;m;3
2;Sophia;w;3
2;Maximilian;m;3
2;Noah;m;3
2;Paul;m;3
2;Peter;m;3
2;Rainer;m;3
2;Rolf;m;3
2;Ahmed;w;2
2;Alea;w;2
2;Aleksandrova;w;2
2;Annabelle;w;2
2;Anne;w;2
2;Aurelia;w;2
2;Carlotta;w;2
2;Catarina;w;2
2;Christina;w;2
2;Christine;w;2
2;Constanze;w;2
2;Cornelia;w;2
2;Daniela;w;2
2;Diana;w;2
2;Dilara;w;2
2;Elena;w;2
2;Eleni;w;2
2;Elizabeth;w;2
2;Fiona;w;2
2;Frederike;w;2
2;Frieda;w;2
2;Gabriela;w;2
2;Gabriella;w;2
2;Grace;w;2
2;Helga;w;2
2;Ingrid;w;2
2;Jane;w;2
2;Jasmin;w;2
2;Jaël;w;2
2;Abdulsalam;m;2
2;Jerlly;w;2
2;Alejandro;m;2
2;Judith;w;2
2;Alin;m;2
2;Juna;w;2
2;Alp;m;2
2;Katarina;w;2
2;Aras;m;2
2;Kaur;w;2
2;Arian;m;2
2;Kiara;w;2
2;Asaf;m;2
2;Lara;w;2
2;Bernhard;m;2
2;Laureen;w;2
2;Brian;m;2
2;Lilly;w;2
2;Bruno;m;2
2;Liyana;w;2
2;Carlos;m;2
2;Lorena;w;2
2;Christoph;m;2
2;Lou;w;2
2;Conrad;m;2
2;Lynn;w;2
2;Cornelius;m;2
2;Mae;w;2
2;Damian;m;2
2;Mariam;w;2
2;Darius;m;2
2;Marianne;w;2
2;Dominik;m;2
2;Martha;w;2
2;Elia;m;2
2;Matilda;w;2
2;Eliah;m;2
2;May;w;2
2;Elian;m;2
2;Maya;w;2
2;Emir;m;2
2;Nele;w;2
2;Erich;m;2
2;Nicole;w;2
2;Ernst;m;2
2;Nina;w;2
2;Fiete;m;2
2;Noelle;w;2
2;Filip;m;2
2;Nour;w;2
2;Finn;m;2
2;Nova;w;2
2;Francesco;m;2
2;Paula;w;2
2;Frank;m;2
2;Rebecca;w;2
2;Franziskus;m;2
2;Rita;w;2
2;Frederick;m;2
2;Salome;w;2
2;Friedemann;m;2
2;Susanna;w;2
2;Fritz;m;2
2;Sylvia;w;2
2;Gregor;m;2
2;Therese;w;2
2;Heinz;m;2
2;Valerie;w;2
2;Hugo;m;2
2;Vida;w;2
2;Ilay;m;2
2;Zhang;w;2
2;James;m;2
2;Jannis;m;2
2;Jayden;m;2
2;Jean;m;2
2;Johan;m;2
2;Kai;m;2
2;Kasimir;m;2
2;Kerim;m;2
2;Kian;m;2
2;Klemens;m;2
2;Kurt;m;2
2;Leonhard;m;2
2;Lias;m;2
2;Linus;m;2
2;Lucas;m;2
2;Léon;m;2
2;Malte;m;2
2;Manfred;m;2
2;Marcel;m;2
2;Marco;m;2
2;Marian;m;2
2;Mathias;m;2
2;Mattis;m;2
2;Miguel;m;2
2;Muhammed;m;2
2;Navid;m;2
2;Niklas;m;2
2;Ole;m;2
2;Oscar;m;2
2;Patrick;m;2
2;Phillip;m;2
2;Prince;m;2
2;Rene;m;2
2;René;m;2
2;Rolf;m;2
2;Salim;m;2
2;Stefan;m;2
2;Tarek;m;2
2;Theodor;m;2
2;Tim;m;2
2;Titus;m;2
2;Torben;m;2
2;Volker;m;2
2;Willem;m;2
2;Wolfgang;m;2
2;Yasin;m;2
2;Youssef;m;2
2;Étienne;m;2
2;Ada;w;1
2;Alara;w;1
2;Alea;w;1
2;Aleen;w;1
2;Alisa;w;1
2;Alisha;w;1
2;Alya;w;1
2;Amani;w;1
2;Amila;w;1
2;Amine;w;1
2;Amy;w;1
2;Anastasia;w;1
2;Anisa;w;1
2;Anne;w;1
2;Annelie;w;1
2;Arin;w;1
2;Arwa;w;1
2;Aurora;w;1
2;Aya;w;1
2;Ayla;w;1
2;Aylin;w;1
2;Carolina;w;1
2;Caroline;w;1
2;Charlotta;w;1
2;Claire;w;1
2;Cleo;w;1
2;Dania;w;1
2;Daria;w;1
2;Defne;w;1
2;Delia;w;1
2;Eleni;w;1
2;Elenor;w;1
2;Eleonore;w;1
2;Elsa;w;1
2;Emilia-Sophie;w;1
2;Abdo;m;1
2;Emina;w;1
2;Abdurrahman;m;1
2;Enisa;w;1
2;Ahmed;m;1
2;Enna;w;1
2;Albert;m;1
2;Enya;w;1
2;Alejandro;m;1
2;Esila;w;1
2;Alessandro;m;1
2;Esma;w;1
2;Alex;m;1
2;Esra;w;1
2;Alexandros;m;1
2;Evin;w;1
2;Alvin;m;1
2;Fatimah;w;1
2;Amos;m;1
2;Franka;w;1
2;Andrej;m;1
2;Giulia;w;1
2;Anes;m;1
2;Gloria;w;1
2;Antonio;m;1
2;Grace;w;1
2;Arda;m;1
2;Henrike;w;1
2;Ariyan;m;1
2;Hira;w;1
2;Arnold;m;1
2;Ilayda;w;1
2;Artemij;m;1
2;Ina;w;1
2;Artjom;m;1
2;Ines;w;1
2;Ayan;m;1
2;Iwinosa;w;1
2;Ayman;m;1
2;Jannat;w;1
2;Aymen;m;1
2;Janne;w;1
2;Benedict;m;1
2;Jolie;w;1
2;Benno;m;1
2;Jonna;w;1
2;Bo;m;1
2;Julina;w;1
2;Carlos;m;1
2;Kaja;w;1
2;Caspar;m;1
2;Karolin;w;1
2;Casper;m;1
2;Karolina;w;1
2;Cem;m;1
2;Khadija;w;1
2;Charlie;m;1
2;Kiara;w;1
2;Clemens;m;1
2;Lale;w;1
2;Colin;m;1
2;Lamar;w;1
2;Danyal;m;1
2;Larin;w;1
2;Dean;m;1
2;Layla;w;1
2;Dennis;m;1
2;Leana;w;1
2;Devin;m;1
2;Leandra;w;1
2;Dion;m;1
2;Lenja;w;1
2;Eddie;m;1
2;Leticia;w;1
2;Ediz;m;1
2;Lilav;w;1
2;Eduard;m;1
2;Lilian;w;1
2;Emanuel;m;1
2;Liliane;w;1
2;Emre;m;1
2;Linn;w;1
2;Eren;m;1
2;Lola;w;1
2;Erion;m;1
2;Lorin;w;1
2;F?rat;m;1
2;Lou;w;1
2;Fouad;m;1
2;Louise;w;1
2;Franz;m;1
2;Lucie;w;1
2;Giuseppe;m;1
2;Lucía;w;1
2;Hamdan;m;1
2;Lynn;w;1
2;Hassan;m;1
2;Léa;w;1
2;Hazar;m;1
2;Maila;w;1
2;Heinrich;m;1
2;Malak;w;1
2;Ilan;m;1
2;Malena;w;1
2;Ilias;m;1
2;Malin;w;1
2;Ilja;m;1
2;Mariella;w;1
2;Ilyan;m;1
2;Marta;w;1
2;Issam;m;1
2;Marwa;w;1
2;Jad;m;1
2;Mascha;w;1
2;Jamal;m;1
2;Mathea;w;1
2;Janis;m;1
2;Mavie;w;1
2;Janne;m;1
2;Milla;w;1
2;Jano;m;1
2;Naomi;w;1
2;Jarik;m;1
2;Natalia;w;1
2;Jarle;m;1
2;Natalie;w;1
2;Jivan;m;1
2;Nia;w;1
2;Joah;m;1
2;Noura;w;1
2;Josha;m;1
2;Pelin;w;1
2;Julien;m;1
2;Philine;w;1
2;Junes;m;1
2;Pina;w;1
2;Junis;m;1
2;Rahel;w;1
2;Kadir;m;1
2;Rebecca;w;1
2;Kaspar;m;1
2;Rebekka;w;1
2;Khalil;m;1
2;Reeva;w;1
2;Kinan;m;1
2;Ria;w;1
2;Konstantinos;m;1
2;Rosalin;w;1
2;Kuzey;m;1
2;Rukaya;w;1
2;Leano;m;1
2;Runa;w;1
2;Len;m;1
2;Ruth;w;1
2;Lennox;m;1
2;Safia;w;1
2;Lenny;m;1
2;Salma;w;1
2;Lewis;m;1
2;Sanja;w;1
2;Logan;m;1
2;Selma;w;1
2;Maksim;m;1
2;Shilan;w;1
2;Marco;m;1
2;Talia;w;1
2;Mario;m;1
2;Talin;w;1
2;Markus;m;1
2;Tanja;w;1
2;Massimo;m;1
2;Tasnim;w;1
2;Merlin;m;1
2;Thora;w;1
2;Mihajlo;m;1
2;Vaiana;w;1
2;Miko;m;1
2;Valentina;w;1
2;Milo;m;1
2;Vasiliki;w;1
2;Mio;m;1
2;Viola;w;1
2;Mirac;m;1
2;Viviana;w;1
2;Miraç;m;1
2;Vivien;w;1
2;Moussa;m;1
2;Xenia;w;1
2;Nassim;m;1
2;Zahra;w;1
2;Nicholas;m;1
2;Zainab;w;1
2;Nicolas;m;1
2;Zohra;w;1
2;Nikolas;m;1
2;Zora;w;1
2;Noa;m;1
2;Noël;m;1
2;Pablo;m;1
2;Raman;m;1
2;Recep;m;1
2;Ricardo;m;1
2;Riccardo;m;1
2;Roland;m;1
2;Ruben;m;1
2;Rudi;m;1
2;Said;m;1
2;Salvatore;m;1
2;Selim;m;1
2;Severin;m;1
2;Seyfullah;m;1
2;Soufian;m;1
2;Suleyman;m;1
2;Taha;m;1
2;Tahir;m;1
2;Talha;m;1
2;Tamim;m;1
2;Tarik;m;1
2;Tayler;m;1
2;Thor;m;1
2;Tilo;m;1
2;Vasilije;m;1
2;Viktor;m;1
2;Vladimir;m;1
2;Vladislav;m;1
2;Walid;m;1
2;Wanja;m;1
2;Yaman;m;1
2;Yanis;m;1
2;Yannick;m;1
2;Yunus;m;1
1;Monika;w;6
1;Christel;w;5
1;Omar;w;5
1;Adilio;m;4
1;Ahmed;m;4
1;Carl;m;4
1;Carlotta;w;4
1;Christoph;m;4
1;Jana;w;4
1;Heinz;m;4
1;Kaur;w;4
1;Karlheinz;m;4
1;Mei;w;4
1;Kaspar;m;4
1;Mohammad;w;4
1;Klaus;m;4
1;Nadine;w;4
1;Leonhard;m;4
1;Olympia;w;4
1;Loukianos;m;4
1;Saeed;w;4
1;Manuel;m;4
1;Prinz;m;4
1;Rudolf;m;4
1;Teoh;m;4
1;Youssef;m;4
1;Abigael;w;3
1;Adriana;w;3
1;Alexandra;w;3
1;Amalia;w;3
1;Amalie;w;3
1;Amelie;w;3
1;Abdellatef;m;3
1;Amy;w;3
1;Adreus;m;3
1;Anaďs;w;3
1;Aeneas;m;3
1;Angelina;w;3
1;Ahmad;m;3
1;Anna;w;3
1;Ahmet;m;3
1;Annelie;w;3
1;Alfons;m;3
1;Aurelie;w;3
1;Andrei;m;3
1;Beatrice;w;3
1;Anton;m;3
1;Beatrix;w;3
1;Antonio;m;3
1;Benjamina;w;3
1;Armin;m;3
1;Bianca;w;3
1;Aurelio;m;3
1;Boampong;w;3
1;Baiao;m;3
1;Brigitte;w;3
1;Brioni;m;3
1;Cara;w;3
1;Carl;m;3
1;Christine;w;3
1;Cem;m;3
1;Claudia;w;3
1;Chibueze;m;3
1;Cristina;w;3
1;Claus;m;3
1;Dorothea;w;3
1;Constantin;m;3
1;Eleanor;w;3
1;Dante;m;3
1;Elena;w;3
1;Dennis;m;3
1;Eleonora;w;3
1;Detlef;m;3
1;Ellen;w;3
1;Egon;m;3
1;Elora;w;3
1;Elian;m;3
1;Erika;w;3
1;Emanuel;m;3
1;Ernestine;w;3
1;Emil;m;3
1;Eugénie;w;3
1;Engelbert;m;3
1;Eva;w;3
1;Eugen;m;3
1;Farah;w;3
1;Francis;m;3
1;Gabriele;w;3
1;Franck;m;3
1;Gerda;w;3
1;Frank;m;3
1;gizi;w;3
1;Franz;m;3
1;Gudrun;w;3
1;Friedhelm;m;3
1;Hedwig;w;3
1;Fritz;m;3
1;Hemley;w;3
1;Gabriel;m;3
1;Henrike;w;3
1;Georg;m;3
1;Hildegard;w;3
1;Gerd;m;3
1;Hope;w;3
1;Gerhard;m;3
1;Ilaria;w;3
1;Gregorij;m;3
1;Johanna;w;3
1;Hamad;m;3
1;Jolie;w;3
1;Hardy;m;3
1;Josephine;w;3
1;Heimo;m;3
1;Jördis;w;3
1;Heinz;m;3
1;Karolin;w;3
1;Hermann;m;3
1;Kebetat;w;3
1;Hinrich;m;3
1;Khayalami;w;3
1;Hubert;m;3
1;Khayelihle;w;3
1;Hubertus;m;3
1;Kodah;w;3
1;Hugo;m;3
1;Laura;w;3
1;Ian;m;3
1;Laurance;w;3
1;Jabbar;m;3
1;Lene;w;3
1;Jakob;m;3
1;Leopoldine;w;3
1;Jochen;m;3
1;Liane;w;3
1;Joel;m;3
1;Liara;w;3
1;Kassem;m;3
1;Lina;w;3
1;Khelef;m;3
1;Long;w;3
1;Kilian;m;3
1;Louise;w;3
1;King;m;3
1;Luisa;w;3
1;Klaus;m;3
1;Mareike;w;3
1;Kondwani;m;3
1;Matia;w;3
1;Lakota;m;3
1;Mańana;w;3
1;Lennart;m;3
1;Mechthild;w;3
1;Leon;m;3
1;Melody;w;3
1;Leonhard;m;3
1;Metta;w;3
1;Leyian;m;3
1;Meztlie;w;3
1;Louis;m;3
1;Mia;w;3
1;Manfred;m;3
1;Modesta;w;3
1;Marcel;m;3
1;Monika;w;3
1;Marco;m;3
1;Nadine;w;3
1;Mari;m;3
1;Naira;w;3
1;Marten;m;3
1;Naomi;w;3
1;Mason;m;3
1;Nayeli;w;3
1;Mathéo;m;3
1;Nhi;w;3
1;Matthieu;m;3
1;Oona;w;3
1;Maurice;m;3
1;Philine;w;3
1;Maxim;m;3
1;Qadir;w;3
1;Maximus;m;3
1;Rachel;w;3
1;Miguel;m;3
1;Ragnarsdottir;w;3
1;Mikail;m;3
1;Râ;w;3
1;Minh;m;3
1;Sabrina;w;3
1;Muhyadin;m;3
1;Sibilla;w;3
1;Murtajiz;m;3
1;Sofie;w;3
1;Nkashama;m;3
1;Sophie;w;3
1;Obiajulu;m;3
1;Stephanie;w;3
1;Otto;m;3
1;Stéphanie;w;3
1;Paulinus;m;3
1;Sultan;w;3
1;Philippe;m;3
1;Thalia;w;3
1;Pio;m;3
1;Therese;w;3
1;Rafael;m;3
1;Valentina;w;3
1;Raphael;m;3
1;Valeria;w;3
1;Reinhard;m;3
1;Viktoria;w;3
1;Reza;m;3
1;Vivien;w;3
1;Ricci;m;3
1;Ylenia;w;3
1;Rina;m;3
1;Rudolf;m;3
1;Sameh;m;3
1;Sayed;m;3
1;Shahram;m;3
1;Sikander;m;3
1;Stefan;m;3
1;Tama;m;3
1;Tayo;m;3
1;Tiberius;m;3
1;Tommy;m;3
1;Ulrich;m;3
1;Valentin;m;3
1;Veselinov;m;3
1;Viktor;m;3
1;Wilfried;m;3
1;Wilhelm;m;3
1;Willem;m;3
1;William;m;3
1;Xi;m;3
1;Yusupha;m;3
1;Abeni;w;2
1;Adriana;w;2
1;Adrina;w;2
1;Aeryn;w;2
1;Agata;w;2
1;Agatha;w;2
1;Agnes;w;2
1;Agnieszka;w;2
1;Aikaterini;w;2
1;Aileen;w;2
1;Ailin;w;2
1;Aimée;w;2
1;Aisosa;w;2
1;Akacia;w;2
1;Alba;w;2
1;Alena;w;2
1;Alesha;w;2
1;Alexa;w;2
1;Alexia;w;2
1;Alia;w;2
1;Aliça;w;2
1;Alma;w;2
1;Amal;w;2
1;Amalia-Isabel;w;2
1;Amalie;w;2
1;Amanda;w;2
1;Amani;w;2
1;Amber;w;2
1;Amelia;w;2
1;Amena;w;2
1;Amila;w;2
1;Amilia;w;2
1;Amina;w;2
1;Amélie;w;2
1;Ananda;w;2
1;Andjelija;w;2
1;Andrea;w;2
1;Anisa;w;2
1;Anjali;w;2
1;Ann;w;2
1;Anna-Marie;w;2
1;Annaelle;w;2
1;Annalina;w;2
1;Annamaria;w;2
1;Annelie;w;2
1;Annemarie;w;2
1;Annett;w;2
1;Annika;w;2
1;Aaron;m;2
1;Antonella;w;2
1;Abbakar;m;2
1;Antonovna;w;2
1;Abbas;m;2
1;Arturi;w;2
1;Ace;m;2
1;Asya;w;2
1;Adan;m;2
1;Augusta;w;2
1;Adeboye;m;2
1;Aurora;w;2
1;Adem;m;2
1;Avesta;w;2
1;Adrien;m;2
1;Avina;w;2
1;Agajanovich;m;2
1;Ayah;w;2
1;Ahmad;m;2
1;Ayla;w;2
1;Ahmet;m;2
1;Ayleen;w;2
1;Aidan;m;2
1;Ayse;w;2
1;Aineas;m;2
1;Ayuma;w;2
1;Ajmal;m;2
1;Azzurra;w;2
1;Akif;m;2
1;Aélis;w;2
1;Aldin;m;2
1;Bahia;w;2
1;Alessandro;m;2
1;Baihu;w;2
1;Alex;m;2
1;Baqiya;w;2
1;Alexej;m;2
1;Beke;w;2
1;Alexis;m;2
1;Berfin;w;2
1;Alfons;m;2
1;Betül;w;2
1;Alois;m;2
1;Bilginova;w;2
1;Alper;m;2
1;Birago;w;2
1;Alptekin;m;2
1;Birgit;w;2
1;Alwar;m;2
1;Blanche;w;2
1;Amadeus;m;2
1;Bo;w;2
1;Amos;m;2
1;Borisova;w;2
1;Andrei;m;2
1;Britta;w;2
1;Andrej;m;2
1;Béla;w;2
1;Andrésson;m;2
1;Callirrhoë;w;2
1;Angel;m;2
1;Camila;w;2
1;Anthony;m;2
1;Caroline;w;2
1;Antonin;m;2
1;Cataleya;w;2
1;Antonovi?;m;2
1;Caterina;w;2
1;Anwar;m;2
1;Cecile;w;2
1;Anzhi;m;2
1;Charlize;w;2
1;Aram;m;2
1;Charlotta;w;2
1;Aramis;m;2
1;Chavdarova;w;2
1;Ares;m;2
1;Cheng;w;2
1;Ari;m;2
1;Chiao-Hsin;w;2
1;Arne;m;2
1;Chiara;w;2
1;Arnold;m;2
1;Chloé;w;2
1;Artemius;m;2
1;Chong;w;2
1;Artur;m;2
1;Christa;w;2
1;Ashvin;m;2
1;Chéri;w;2
1;Aurelius;m;2
1;Ciara;w;2
1;Axel;m;2
1;Cinthia;w;2
1;Ayaan;m;2
1;Claire;w;2
1;Ayaz;m;2
1;Connie;w;2
1;Ayub;m;2
1;Constanzia;w;2
1;Azael;m;2
1;Célestine;w;2
1;Bartholomäus;m;2
1;Céline;w;2
1;Bastian;m;2
1;Dafina;w;2
1;Basunga;m;2
1;Delia;w;2
1;Bawer;m;2
1;Dhouha;w;2
1;Bayani;m;2
1;Dilana;w;2
1;Bendian;m;2
1;Dima;w;2
1;Benedict;m;2
1;Dimitra;w;2
1;Benedikt;m;2
1;Donlha;w;2
1;Bennet;m;2
1;Dorle;w;2
1;Benno;m;2
1;Doro;w;2
1;Bent;m;2
1;Dorota;w;2
1;Bernd;m;2
1;Dream;w;2
1;Bertini;m;2
1;Dua;w;2
1;Bilal;m;2
1;Dóra;w;2
1;Bjřrn;m;2
1;Ebba;w;2
1;Boris;m;2
1;Ebrar;w;2
1;Borisov;m;2
1;Editha;w;2
1;Bosko;m;2
1;Ela;w;2
1;Brighton;m;2
1;Elana;w;2
1;Brooks;m;2
1;Elea;w;2
1;Brun;m;2
1;Eleftheria;w;2
1;Burak;m;2
1;Eleonora;w;2
1;Bünyamin;m;2
1;Elfriede;w;2
1;Caleb;m;2
1;Elina;w;2
1;Cassius;m;2
1;Elinor;w;2
1;Celeste;m;2
1;Elissa;w;2
1;Cem;m;2
1;Elke;w;2
1;Charles;m;2
1;Ella;w;2
1;Chenhan;m;2
1;Elodie;w;2
1;Chidera;m;2
1;Eloise;w;2
1;Chigozie;m;2
1;Elora;w;2
1;Christopher;m;2
1;Eloďse;w;2
1;Chukwuyem;m;2
1;Ema;w;2
1;Cilian;m;2
1;Emely;w;2
1;Clark;m;2
1;Emilly;w;2
1;Cloris;m;2
1;Erin;w;2
1;Collin;m;2
1;Esenia;w;2
1;Conan;m;2
1;Esma;w;2
1;Cornel;m;2
1;Estelle;w;2
1;Corvin;m;2
1;Ester;w;2
1;Cosmin;m;2
1;Esther;w;2
1;Cyrus;m;2
1;Eugénie;w;2
1;Dahir;m;2
1;Eularie;w;2
1;Damon;m;2
1;Evalina;w;2
1;Darel;m;2
1;Evan;w;2
1;Darioush;m;2
1;Evelyn;w;2
1;Deniz;m;2
1;Evgeni'evna;w;2
1;Dennis;m;2
1;Fanta;w;2
1;Deran;m;2
1;Fardin;w;2
1;Dervis;m;2
1;Farima;w;2
1;Dieter;m;2
1;Fatoumata;w;2
1;Dimitrinov;m;2
1;Fe;w;2
1;Drago?;m;2
1;Fee;w;2
1;Driton;m;2
1;Felice;w;2
1;Dylan;m;2
1;Felicia;w;2
1;Doharovi?;m;2
1;Filiz;w;2
1;Easten;m;2
1;Finja;w;2
1;Eckhard;m;2
1;Flora;w;2
1;Eddin;m;2
1;Florence;w;2
1;Eddy;m;2
1;Florentine;w;2
1;Eduardo;m;2
1;Florina;w;2
1;Edward;m;2
1;Freya;w;2
1;Efe;m;2
1;Frida;w;2
1;Egon;m;2
1;Friederieke;w;2
1;Ekke;m;2
1;Fęmi;w;2
1;Ekkehard;m;2
1;Gabriele;w;2
1;Eleano;m;2
1;Gaby;w;2
1;Elija;m;2
1;Germaine;w;2
1;Elimar;m;2
1;Ghislaine;w;2
1;Elino;m;2
1;Giang;w;2
1;Elio;m;2
1;Gioia;w;2
1;Elisas;m;2
1;Giulia;w;2
1;Elliott;m;2
1;Grete;w;2
1;Elmar;m;2
1;Gwendolynn;w;2
1;Eloy;m;2
1;Gyemfuah;w;2
1;Emanuel;m;2
1;Hafsa;w;2
1;Emanuele;m;2
1;Hajra;w;2
1;Emin;m;2
1;Halima;w;2
1;Ender;m;2
1;Hannah;w;2
1;Enes;m;2
1;Hasko;w;2
1;Enno;m;2
1;Hawra;w;2
1;Ephraim;m;2
1;Hayat;w;2
1;Eren;m;2
1;Haza;w;2
1;Ergin;m;2
1;Heike;w;2
1;Ergyunov;m;2
1;Helen;w;2
1;Erkan;m;2
1;Helena;w;2
1;Eromosele;m;2
1;Heloisa;w;2
1;Essam;m;2
1;Henny;w;2
1;Ethan;m;2
1;Henrietta;w;2
1;Eugene;m;2
1;Hildegard;w;2
1;Excel;m;2
1;Hięú;w;2
1;Eyubi;m;2
1;Hossam;w;2
1;Fabian;m;2
1;Idil;w;2
1;Fabio;m;2
1;Igorevna;w;2
1;Fadil;m;2
1;Ilayda;w;2
1;Faruk;m;2
1;Ilse;w;2
1;Feri;m;2
1;Ilvy;w;2
1;Fernando;m;2
1;Ilya;w;2
1;Filipe;m;2
1;Imandi;w;2
1;Filomeno;m;2
1;Ineke;w;2
1;Fin;m;2
1;Inkeri;w;2
1;Findus;m;2
1;?oana;w;2
1;Finjas;m;2
1;Ira;w;2
1;Francesko;m;2
1;Irbekovna;w;2
1;Franciszek;m;2
1;Ismailovna;w;2
1;Fridolin;m;2
1;Iva;w;2
1;Friedhelm;m;2
1;Iwona;w;2
1;Furkan;m;2
1;Jael;w;2
1;Fynn;m;2
1;Jani;w;2
1;Ga-Jun;m;2
1;Janine;w;2
1;Gael;m;2
1;Joleen;w;2
1;Gaetano;m;2
1;Jordi;w;2
1;Galileo;m;2
1;Josefa;w;2
1;Gavriel;m;2
1;Joséphine;w;2
1;Gazi;m;2
1;Joy;w;2
1;Gereon;m;2
1;Jule;w;2
1;Gerhard;m;2
1;Juli;w;2
1;Geronimo;m;2
1;Juliane;w;2
1;Getulio;m;2
1;June;w;2
1;Giulian;m;2
1;J?rat?;w;2
1;Guillaume;m;2
1;Kaleen;w;2
1;Günter;m;2
1;Kamila;w;2
1;Hagen;m;2
1;Karin;w;2
1;Halim;m;2
1;Karina;w;2
1;Hamazasp;m;2
1;Karlotta;w;2
1;Hamid;m;2
1;Karola;w;2
1;Hamza;m;2
1;Karolina;w;2
1;Hamzeh;m;2
1;Katara;w;2
1;Hannes;m;2
1;Kathleen;w;2
1;Hardy;m;2
1;Kenza;w;2
1;Harold;m;2
1;Kibadi;w;2
1;Harun;m;2
1;Kira;w;2
1;Hasa;m;2
1;Kiyomi;w;2
1;Heavenly;m;2
1;Klaartje;w;2
1;Hektor;m;2
1;Klara;w;2
1;Helge;m;2
1;Kristin;w;2
1;Helmut;m;2
1;Kristina;w;2
1;Hendrik;m;2
1;Ksenia;w;2
1;Henk;m;2
1;Laetitia;w;2
1;Henner;m;2
1;Laila;w;2
1;Hennrik;m;2
1;Lanea;w;2
1;Henrik;m;2
1;Larissa;w;2
1;Hermann;m;2
1;Laysa;w;2
1;Hesham;m;2
1;Leah;w;2
1;Hilarius;m;2
1;Lee;w;2
1;Hong;m;2
1;Leia;w;2
1;Husain;m;2
1;Leila;w;2
1;Hüseyin;m;2
1;Leona;w;2
1;Ian;m;2
1;Leonore;w;2
1;Ibrahim;m;2
1;Letizia;w;2
1;Ilhan;m;2
1;Leyla;w;2
1;Ilias;m;2
1;Leyli;w;2
1;Ilija;m;2
1;Lia;w;2
1;Illyrian;m;2
1;Lian;w;2
1;Ilyas;m;2
1;Lieke;w;2
1;Imrahil;m;2
1;Lieselotte;w;2
1;Imran;m;2
1;Lilia;w;2
1;Ingmar;m;2
1;Liliana;w;2
1;Ioan;m;2
1;Lilien;w;2
1;Irakli;m;2
1;Lilli;w;2
1;Irmin;m;2
1;Linda;w;2
1;Isa;m;2
1;Line;w;2
1;Isak;m;2
1;Linnéa;w;2
1;Ismail;m;2
1;Lis;w;2
1;Jabir;m;2
1;Lisanna;w;2
1;Jaden;m;2
1;Liv;w;2
1;Jamie;m;2
1;Livia;w;2
1;Janne;m;2
1;Liya;w;2
1;Jarik;m;2
1;Liyah;w;2
1;Jarne;m;2
1;Lone;w;2
1;Jaro;m;2
1;Lore;w;2
1;Jasin;m;2
1;Loulou;w;2
1;Jason;m;2
1;Lovis;w;2
1;Jasper;m;2
1;Lu;w;2
1;Jaycob;m;2
1;Lucie;w;2
1;Jerzy;m;2
1;Lucía;w;2
1;Jesuel;m;2
1;Luna;w;2
1;Jo;m;2
1;Lysanne;w;2
1;Joannis;m;2
1;Lâm;w;2
1;Joe;m;2
1;Maartje;w;2
1;Jona;m;2
1;Madeleine;w;2
1;Jonte;m;2
1;Madlien;w;2
1;Jordan;m;2
1;Maeve;w;2
1;Jore;m;2
1;Magdalene;w;2
1;Joseph;m;2
1;Mahadevi;w;2
1;Josha;m;2
1;Mai;w;2
1;José;m;2
1;Majed;w;2
1;Jules;m;2
1;Malaika;w;2
1;Julien;m;2
1;Malea;w;2
1;Jure;m;2
1;Malena;w;2
1;Jörg;m;2
1;Mali;w;2
1;Jürgen;m;2
1;Malina;w;2
1;Kalian;m;2
1;Manessa;w;2
1;Kalle;m;2
1;Manuel;w;2
1;Karl-Theo;m;2
1;Mara;w;2
1;Karlo;m;2
1;Maren;w;2
1;Kedus;m;2
1;Margarethe;w;2
1;Keivan;m;2
1;Margret;w;2
1;Kerem;m;2
1;Mariarosa;w;2
1;Khabir;m;2
1;Marieke;w;2
1;Khossrow;m;2
1;Marielis;w;2
1;Kimeu;m;2
1;Marita;w;2
1;King;m;2
1;Mariyam;w;2
1;Kjell;m;2
1;Marja;w;2
1;Kolja;m;2
1;Marlia;w;2
1;Konrad;m;2
1;Marlén;w;2
1;Kudjo;m;2
1;Martine;w;2
1;Lachezarov;m;2
1;Mary;w;2
1;Langran;m;2
1;Maryam;w;2
1;Larry;m;2
1;Mar?elina;w;2
1;Lars;m;2
1;Mathilde;w;2
1;Lasse;m;2
1;Maximiliane;w;2
1;Lauri;m;2
1;Mayla;w;2
1;Laurin;m;2
1;Maëlle;w;2
1;Lazar;m;2
1;Medinah;w;2
1;Lean;m;2
1;Mehmed;w;2
1;Leif;m;2
1;Mehmedova;w;2
1;Lemer;m;2
1;Melis;w;2
1;Len;m;2
1;Melody;w;2
1;Lenn;m;2
1;Menami;w;2
1;Lennart;m;2
1;Merle;w;2
1;Leonardo;m;2
1;Mieke;w;2
1;Leonas;m;2
1;Mihaela;w;2
1;Leto;m;2
1;Milet;w;2
1;Lewis;m;2
1;Milla;w;2
1;Leys;m;2
1;Milou;w;2
1;León;m;2
1;Mina;w;2
1;Li;m;2
1;Minou;w;2
1;Lingbo;m;2
1;Miral;w;2
1;Lingyang;m;2
1;Miriam;w;2
1;Lino;m;2
1;Mona;w;2
1;Long;m;2
1;Morthon;w;2
1;Lothar;m;2
1;Mrumunter;w;2
1;Loďc;m;2
1;Nadir;w;2
1;Ludger;m;2
1;Nadira;w;2
1;Ludvig;m;2
1;Naeem;w;2
1;Lyam;m;2
1;Naoko;w;2
1;László;m;2
1;Natali;w;2
1;Mahmoud;m;2
1;Natalie;w;2
1;Maiky;m;2
1;Naz;w;2
1;Malek;m;2
1;Naďma;w;2
1;Malik;m;2
1;Neema;w;2
1;Mandume;m;2
1;Nelli;w;2
1;Manolo;m;2
1;Nepe;w;2
1;Marcello;m;2
1;Nessa;w;2
1;Marcus;m;2
1;Nhyira;w;2
1;Marek;m;2
1;Nicoleta;w;2
1;Marin;m;2
1;Nike;w;2
1;Mario;m;2
1;Nikitovna;w;2
1;Marius;m;2
1;Nikolaeva;w;2
1;Maro;m;2
1;Nisa;w;2
1;Marvin;m;2
1;Nora;w;2
1;Mateo;m;2
1;Noua;w;2
1;Mateusz;m;2
1;Noémia;w;2
1;Matheo;m;2
1;Nuria;w;2
1;Mats;m;2
1;Nurten;w;2
1;Mattanja;m;2
1;Odelia;w;2
1;Mattheo;m;2
1;Ohemaa;w;2
1;Matthäus;m;2
1;Olivia;w;2
1;Mattia;m;2
1;Omoehi;w;2
1;Mawin;m;2
1;Oumaina;w;2
1;Max;m;2
1;Peach;w;2
1;Maximillian;m;2
1;Penélope;w;2
1;Mehmet;m;2
1;Philine;w;2
1;Mehë;m;2
1;Philippa;w;2
1;Michal;m;2
1;Philippina;w;2
1;Michel;m;2
1;Qu?nh;w;2
1;Mido;m;2
1;Rachida;w;2
1;Mika;m;2
1;Raphaela;w;2
1;Mike;m;2
1;Raul;w;2
1;Milo;m;2
1;Ravza;w;2
1;Minas;m;2
1;Rebekka;w;2
1;Miraz;m;2
1;Rene;w;2
1;Mitkov;m;2
1;Renée;w;2
1;Mohamed;m;2
1;Ria;w;2
1;Mohammed;m;2
1;Rima;w;2
1;Mohanned;m;2
1;Romi;w;2
1;Momodou;m;2
1;Ronja;w;2
1;Moses;m;2
1;Rosalie;w;2
1;Mostafa;m;2
1;Rosi;w;2
1;Muhamed;m;2
1;Rosina;w;2
1;Muharrem;m;2
1;Roxana;w;2
1;Muntasser;m;2
1;Rukiyye;w;2
1;Mustafa;m;2
1;Sabrina;w;2
1;Nadir;m;2
1;Saliha;w;2
1;Nahuel;m;2
1;Salomé;w;2
1;Nam;m;2
1;Samad;w;2
1;Nasan;m;2
1;Samet;w;2
1;Nathan;m;2
1;Samira;w;2
1;Nathanael;m;2
1;Sandra;w;2
1;Naďm;m;2
1;Sara;w;2
1;Nectarie;m;2
1;Sarah;w;2
1;Nedim;m;2
1;Saul?;w;2
1;Nedoro;m;2
1;Scarlet;w;2
1;Neo;m;2
1;Scarlett;w;2
1;Nepomuk;m;2
1;Selena;w;2
1;Nguyen;m;2
1;Sena;w;2
1;Nianda;m;2
1;Shakhboz;w;2
1;Nicklas;m;2
1;Sherin;w;2
1;Nico;m;2
1;Sheryl;w;2
1;Nicolai;m;2
1;Sita;w;2
1;Nidal;m;2
1;Siyu;w;2
1;Nikita;m;2
1;Sochi;w;2
1;Niko;m;2
1;Sofia;w;2
1;Nizar;m;2
1;Solveig;w;2
1;Njonge-Bama;m;2
1;Sonja;w;2
1;Nola;m;2
1;Soraya;w;2
1;Nouri;m;2
1;Soudad;w;2
1;Noél;m;2
1;Stanimirova;w;2
1;Nsimba;m;2
1;Stefanie;w;2
1;Nurlan;m;2
1;Stella;w;2
1;Nzuzi;m;2
1;Suhaila;w;2
1;Olamiposi;m;2
1;Suheyla;w;2
1;Olegov;m;2
1;Sunny;w;2
1;Omar;m;2
1;Susana;w;2
1;Osamah;m;2
1;Susanita;w;2
1;Osaze;m;2
1;Susann;w;2
1;Pawel;m;2
1;Susanne;w;2
1;Phileas;m;2
1;Suyana;w;2
1;Pierre;m;2
1;Svenja;w;2
1;Piet;m;2
1;Sylvie;w;2
1;Pietro;m;2
1;Tabala;w;2
1;Qasim;m;2
1;Tabea;w;2
1;Qing;m;2
1;Talia;w;2
1;Raban;m;2
1;Talitha;w;2
1;Ragnar;m;2
1;Tamia;w;2
1;Rahmon;m;2
1;Tara;w;2
1;Raimund;m;2
1;Tayyibah;w;2
1;Ramadan;m;2
1;Tchila;w;2
1;Ramin;m;2
1;Tea;w;2
1;Raphaël;m;2
1;Temitayo;w;2
1;Rasmus;m;2
1;Thea;w;2
1;Rateb;m;2
1;Theodora-Roy;w;2
1;Ravan;m;2
1;Theresia;w;2
1;Raychev;m;2
1;Tinotenda;w;2
1;Ren;m;2
1;Toni;w;2
1;Rico;m;2
1;Trudemarie;w;2
1;Riley;m;2
1;Tuulia;w;2
1;Rimba;m;2
1;Tu?;w;2
1;Roberti;m;2
1;Ulrike;w;2
1;Rocco;m;2
1;Ursula;w;2
1;Rodrigo;m;2
1;Ute;w;2
1;Rohith;m;2
1;Vahida;w;2
1;Roman;m;2
1;Vaishnavi;w;2
1;Romano;m;2
1;Vanessa;w;2
1;Romeo;m;2
1;Vera;w;2
1;Ronald;m;2
1;Veronika;w;2
1;Rumen;m;2
1;Viktória;w;2
1;Rüdiger;m;2
1;Vita;w;2
1;Saeed;m;2
1;Vitória;w;2
1;Sakaria;m;2
1;Vivien;w;2
1;Saleh;m;2
1;Vladimirova;w;2
1;Salvador;m;2
1;Vorname;w;2
1;Sanchez;m;2
1;Vy;w;2
1;Sander;m;2
1;Wanda;w;2
1;Santiago;m;2
1;Xiang;w;2
1;Santo;m;2
1;Yaren;w;2
1;Sascha;m;2
1;Yas;w;2
1;Seedy;m;2
1;Yasmina;w;2
1;Selahattin;m;2
1;Yasmine;w;2
1;Selim;m;2
1;Yimo;w;2
1;Shahab;m;2
1;Ysée;w;2
1;Shaheryar;m;2
1;Yui;w;2
1;Shahmeer;m;2
1;Yukiko;w;2
1;Shehin;m;2
1;Yusein;w;2
1;Siddhartha;m;2
1;Yusif;w;2
1;Silas;m;2
1;Zakiya;w;2
1;Simeon;m;2
1;Zoe;w;2
1;Singh;m;2
1;Zohra;w;2
1;Siraj;m;2
1;Zora;w;2
1;Sirat;m;2
1;Élodie;w;2
1;Sky;m;2
1;Skye;m;2
1;Soul;m;2
1;Stephan;m;2
1;Steve;m;2
1;Suren;m;2
1;Taavi;m;2
1;Tadeusz;m;2
1;Taro;m;2
1;Teodor;m;2
1;Terence;m;2
1;Tesfu;m;2
1;Thees;m;2
1;Theo;m;2
1;Theodoro;m;2
1;Theophil;m;2
1;Till;m;2
1;Timoteo;m;2
1;Timothy;m;2
1;Tinus;m;2
1;Tomke;m;2
1;Tommy;m;2
1;Tomov;m;2
1;Tomte;m;2
1;Toto;m;2
1;Tristan;m;2
1;Tugrul;m;2
1;Tuo;m;2
1;Tu?n;m;2
1;Tyler;m;2
1;Udo;m;2
1;Ugo;m;2
1;Uli;m;2
1;Ulrich;m;2
1;Umar;m;2
1;Uraz;m;2
1;Valerian;m;2
1;Victor;m;2
1;Viggo;m;2
1;Viktor;m;2
1;Vin;m;2
1;Vincenzo;m;2
1;Vuk;m;2
1;Walter;m;2
1;Wei;m;2
1;Werner;m;2
1;Wilfried;m;2
1;Willard;m;2
1;Williams;m;2
1;Wotan;m;2
1;Xaver;m;2
1;Xavier;m;2
1;Yahya;m;2
1;Yang;m;2
1;Yann;m;2
1;Yannick;m;2
1;Yasser;m;2
1;Yeng;m;2
1;Yevgeny;m;2
1;Yohannes;m;2
1;Yue;m;2
1;Yunis;m;2
1;Yusof;m;2
1;Yusuf;m;2
1;Zain;m;2
1;Zalaan;m;2
1;Zefxippos;m;2
1;Ziam;m;2
1;Zidane;m;2
1;?tefan;m;2
1;Aaisha;w;1
1;Aaliah;w;1
1;Aaliya;w;1
1;Aaliyah;w;1
1;Ableen;w;1
1;Adanna;w;1
1;Adele;w;1
1;Adelheid;w;1
1;Adila;w;1
1;Adin;w;1
1;Adrienne;w;1
1;Agnes;w;1
1;Aicha;w;1
1;Aikaterini;w;1
1;Ailin;w;1
1;Ainara;w;1
1;Aischa;w;1
1;Aischa-Aya;w;1
1;Aizeyosabo;w;1
1;Ajna;w;1
1;Alaa;w;1
1;Alana;w;1
1;Alannah;w;1
1;Alanoud;w;1
1;Alba;w;1
1;Aleece;w;1
1;Alela;w;1
1;Alesja;w;1
1;Alessia;w;1
1;Aleyna;w;1
1;Alice;w;1
1;Alida;w;1
1;Alies;w;1
1;Aliki;w;1
1;Alin;w;1
1;Aadel;m;1
1;Allison;w;1
1;Aaran;m;1
1;Almas;w;1
1;Aaren;m;1
1;Alton;w;1
1;Aari;m;1
1;Alvina;w;1
1;Aashvik;m;1
1;Alwina;w;1
1;Abbas;m;1
1;Alyssa;w;1
1;Abdalltif;m;1
1;Amaka;w;1
1;Abdalrahman;m;1
1;Amalia-Elena;w;1
1;Abdelkarim;m;1
1;Amanah;w;1
1;Abderrahman;m;1
1;Amber;w;1
1;Abdsalam;m;1
1;Amelie-Sophie;w;1
1;Abdul-Rahmon;m;1
1;Amera;w;1
1;Abdulhadi;m;1
1;Ammara;w;1
1;Abdulrahman;m;1
1;Ammy;w;1
1;Abdurahim;m;1
1;Amrei;w;1
1;Abhiraaj;m;1
1;Amélie;w;1
1;Abiyel;m;1
1;An;w;1
1;Abolfazl;m;1
1;Anab;w;1
1;Abraham;m;1
1;Anaëlle;w;1
1;Ace;m;1
1;Anaďs;w;1
1;Adel;m;1
1;Andrada-Maria;w;1
1;Adem;m;1
1;Anea;w;1
1;Aden;m;1
1;Angel-Lee;w;1
1;Adian;m;1
1;Angelika;w;1
1;Adis;m;1
1;Angelina;w;1
1;Adnan;m;1
1;Anita;w;1
1;Agamveer;m;1
1;Anja;w;1
1;Aggelos;m;1
1;Anjuli;w;1
1;Aiden;m;1
1;Anna-Maria;w;1
1;Ajay;m;1
1;Annabell;w;1
1;Alberto;m;1
1;Annabella;w;1
1;Albion;m;1
1;Anne-Sophie;w;1
1;Aleandro;m;1
1;Anoek;w;1
1;Alem;m;1
1;Anouk;w;1
1;Alexandru;m;1
1;Anu;w;1
1;Alexandru-Nicolas;m;1
1;Anvee;w;1
1;Alexis;m;1
1;Anya;w;1
1;Ali-Asaf;m;1
1;Ardita;w;1
1;Aliyar;m;1
1;Ariana-Johanna;w;1
1;Almas;m;1
1;Ariane;w;1
1;Alois;m;1
1;Arianna-Maria;w;1
1;Alparslan;m;1
1;Arij;w;1
1;Alperen;m;1
1;Aris;w;1
1;Amani;m;1
1;Armani;w;1
1;Amar;m;1
1;Arsema;w;1
1;Amil;m;1
1;Artina;w;1
1;Amine;m;1
1;Arya;w;1
1;An-Max;m;1
1;Asal;w;1
1;Andjelo;m;1
1;Asja;w;1
1;Andreas;m;1
1;Asli;w;1
1;Andrey;m;1
1;Asmara;w;1
1;Andrias;m;1
1;Asrin;w;1
1;Andrčs;m;1
1;Assil;w;1
1;Andrés;m;1
1;Assiminu;w;1
1;Angelos;m;1
1;Assinat;w;1
1;Anis;m;1
1;Assiya;w;1
1;Ansgar;m;1
1;Asya;w;1
1;Ansoumane;m;1
1;Aulona;w;1
1;Antoni;m;1
1;Aurore;w;1
1;Antonino;m;1
1;Aveline;w;1
1;Antonius;m;1
1;Avin;w;1
1;Antonjo;m;1
1;Avsin;w;1
1;Anush;m;1
1;Awesta;w;1
1;Arad;m;1
1;Awin;w;1
1;Aram;m;1
1;Ayah;w;1
1;Aran;m;1
1;Ayleen;w;1
1;Arel;m;1
1;Aymira;w;1
1;Aren;m;1
1;Aysun;w;1
1;Ari;m;1
1;Ay?e-Asya;w;1
1;Aric;m;1
1;Aziza;w;1
1;Arijan;m;1
1;Bana;w;1
1;Arik;m;1
1;Bartu;w;1
1;Arin;m;1
1;Bayan;w;1
1;Arman;m;1
1;Beatrice;w;1
1;Armin;m;1
1;Bejna;w;1
1;Aron;m;1
1;Bella;w;1
1;Arsenij;m;1
1;Bellatrix;w;1
1;Artin;m;1
1;Bengü;w;1
1;Arvo;m;1
1;Benita;w;1
1;Asaf;m;1
1;Bente;w;1
1;Asef;m;1
1;Beren;w;1
1;Asher;m;1
1;Beritan;w;1
1;Atilla;m;1
1;Berry;w;1
1;Aulon;m;1
1;Beya;w;1
1;Aurelio;m;1
1;Bianca;w;1
1;Avan;m;1
1;Bisan;w;1
1;Avidan;m;1
1;Bjelle;w;1
1;Awan;m;1
1;Briana;w;1
1;Awf;m;1
1;Brianna;w;1
1;Axel;m;1
1;Brittany;w;1
1;Ayaz;m;1
1;Buschra;w;1
1;Ayden;m;1
1;B?o;w;1
1;Aydin;m;1
1;Callista;w;1
1;Ayyub;m;1
1;Carina;w;1
1;Badruun;m;1
1;Cassandra;w;1
1;Bahoz;m;1
1;Catharina;w;1
1;Bai;m;1
1;Catherina;w;1
1;Bajram;m;1
1;Celia;w;1
1;Balduin;m;1
1;Celin;w;1
1;Basile;m;1
1;Cemre;w;1
1;Bastian;m;1
1;Cennet;w;1
1;Ben-Leon;m;1
1;Cerina;w;1
1;Ben-Luca;m;1
1;Chloé;w;1
1;Ben-Milow;m;1
1;Christina;w;1
1;Benaja;m;1
1;Christine;w;1
1;Bengt;m;1
1;Cilia-Maria;w;1
1;Benito;m;1
1;Cilliana;w;1
1;Bennet;m;1
1;Cora;w;1
1;Bennett;m;1
1;Cyrah;w;1
1;Bente;m;1
1;Cäcilia;w;1
1;Benthe;m;1
1;Cécile-Charlott;w;1
1;Berat;m;1
1;Dahlia;w;1
1;Berdan;m;1
1;Dalila;w;1
1;Bernhard;m;1
1;Damla;w;1
1;Bertram;m;1
1;Dana;w;1
1;Binyad;m;1
1;Danuscha;w;1
1;Biswom;m;1
1;Danya;w;1
1;Boris;m;1
1;Darin;w;1
1;Bozhou;m;1
1;Dayami;w;1
1;Brian;m;1
1;Daylin;w;1
1;Bryan;m;1
1;Delicia;w;1
1;Buhari;m;1
1;Deljan;w;1
1;Caesar;m;1
1;Delssa;w;1
1;Camillo;m;1
1;Delva;w;1
1;Carl-Philip;m;1
1;Delvin;w;1
1;Casian;m;1
1;Denisa;w;1
1;Cassian;m;1
1;Devisa;w;1
1;Cassius;m;1
1;Diara;w;1
1;Caylen;m;1
1;Dicle;w;1
1;Cezar;m;1
1;Dilara;w;1
1;Chenhuanxi;m;1
1;Dilava;w;1
1;Christopher;m;1
1;Diljan;w;1
1;Christos;m;1
1;Dina;w;1
1;Christvie;m;1
1;Diona;w;1
1;Chrysovalantis;m;1
1;Diontan;w;1
1;Cihan;m;1
1;Diçle;w;1
1;Claas;m;1
1;Doaa;w;1
1;Connor;m;1
1;Dominika;w;1
1;Corvin;m;1
1;Dorssa;w;1
1;Cyrill;m;1
1;Dounia;w;1
1;Daaron;m;1
1;Drita;w;1
1;Damian-Luca;m;1
1;Duana;w;1
1;Damien;m;1
1;Dunia;w;1
1;Damjan;m;1
1;Durdana;w;1
1;Danny;m;1
1;Duygu;w;1
1;Dante;m;1
1;Dária;w;1
1;Darel;m;1
1;Ebrar;w;1
1;Darian;m;1
1;Ecaterina;w;1
1;Dario;m;1
1;Ecrin-Nuray;w;1
1;Daud;m;1
1;Eden;w;1
1;David-Bela;m;1
1;Edith;w;1
1;Davud;m;1
1;Elara;w;1
1;Davy;m;1
1;Elea;w;1
1;Dawid;m;1
1;Eleen;w;1
1;Delian;m;1
1;Elektra;w;1
1;Delsher;m;1
1;Eleonor;w;1
1;Demhat;m;1
1;Eleyna;w;1
1;Demian;m;1
1;Eleysa;w;1
1;Denis;m;1
1;Eliana;w;1
1;Dersim;m;1
1;Eline;w;1
1;Devan;m;1
1;Eliza;w;1
1;Devran;m;1
1;Eljana;w;1
1;Dhia;m;1
1;Eljesa;w;1
1;Dilschir;m;1
1;Ella-Sophie;w;1
1;Diomansy;m;1
1;Elli-Giuliana;w;1
1;Dior;m;1
1;Ellie;w;1
1;Djamal;m;1
1;Elly;w;1
1;Domenico;m;1
1;Elly-Paulina;w;1
1;Domenik;m;1
1;Elmdina;w;1
1;Duy;m;1
1;Elmedina;w;1
1;Dwayne;m;1
1;Eloise;w;1
1;Dŕvid;m;1
1;Elsie;w;1
1;Edin;m;1
1;Elva;w;1
1;Edris;m;1
1;Elvana;w;1
1;Efraim;m;1
1;Elvin;w;1
1;Egor;m;1
1;Emelie;w;1
1;Ekber;m;1
1;Emiliana;w;1
1;Elay;m;1
1;Emira;w;1
1;Eleonzo;m;1
1;Emma-Bitten;w;1
1;Elhan;m;1
1;Emma-Julie;w;1
1;Eli;m;1
1;Emma-Malia;w;1
1;Elinam;m;1
1;Emmanuella;w;1
1;Elion;m;1
1;Emmi;w;1
1;Eliyas;m;1
1;Emmilou;w;1
1;Elliott;m;1
1;Emmy;w;1
1;Elman-Kamal;m;1
1;Eni;w;1
1;Elon;m;1
1;Enie;w;1
1;Elrik;m;1
1;Enissa;w;1
1;Elyesa;m;1
1;Era;w;1
1;Emanuele;m;1
1;Erika;w;1
1;Emile;m;1
1;Erita;w;1
1;Emilio-Giovanni;m;1
1;Erva;w;1
1;Emillio;m;1
1;Esin;w;1
1;Emin;m;1
1;Esmanur;w;1
1;Emmo;m;1
1;Estelle;w;1
1;Emrullah;m;1
1;Esther;w;1
1;Endrit;m;1
1;Esvi;w;1
1;Enes;m;1
1;Evelin;w;1
1;Engel;m;1
1;Evelina;w;1
1;Enrico;m;1
1;Evje;w;1
1;Erdon;m;1
1;Ewelina;w;1
1;Eridon;m;1
1;Ezmira;w;1
1;Ernst;m;1
1;Fabienne;w;1
1;Eron;m;1
1;Fahisa;w;1
1;Ersan;m;1
1;Fatimata;w;1
1;Ertu?rul;m;1
1;Fatoumata;w;1
1;Etnik;m;1
1;Felia;w;1
1;Eyaz;m;1
1;Felicia;w;1
1;Eyobel;m;1
1;Fernanda;w;1
1;Eyüp;m;1
1;Fine;w;1
1;Fahd;m;1
1;Fjara;w;1
1;Falko;m;1
1;Fjona;w;1
1;Fanelle;m;1
1;Florentine;w;1
1;Farhan;m;1
1;Frederike;w;1
1;Farin;m;1
1;Freya;w;1
1;Faris;m;1
1;Fria;w;1
1;Feliks;m;1
1;Gabina;w;1
1;Felipe;m;1
1;Gabriella;w;1
1;Felix-Alexander;m;1
1;Genna-Sophie;w;1
1;Fernando;m;1
1;Gerti;w;1
1;Fiete;m;1
1;Ghalia;w;1
1;Filip;m;1
1;Gisélle;w;1
1;Filippo;m;1
1;Glafira;w;1
1;Fin;m;1
1;Golda;w;1
1;Finje;m;1
1;Gwen;w;1
1;Finn-Liam;m;1
1;Gwendolin;w;1
1;Florens;m;1
1;Göksu;w;1
1;Florentin;m;1
1;Gülcan;w;1
1;Frank;m;1
1;Gülsen;w;1
1;Fred;m;1
1;Habiba;w;1
1;Frederic;m;1
1;Hadassa;w;1
1;Fritz;m;1
1;Hadil;w;1
1;Furkan;m;1
1;Hadjira;w;1
1;Gabriele;m;1
1;Hafrin;w;1
1;Gakuhi;m;1
1;Haifa;w;1
1;Gaspard;m;1
1;Hailey;w;1
1;Georgi;m;1
1;Halima;w;1
1;Georgios;m;1
1;Halina;w;1
1;Ghali;m;1
1;Hamna;w;1
1;Gianluca;m;1
1;Hamsika;w;1
1;Gioele;m;1
1;Hanaa;w;1
1;Giovanni;m;1
1;Hanay;w;1
1;Giuliano;m;1
1;Hani;w;1
1;Gracjan;m;1
1;Hanifa;w;1
1;Gregor;m;1
1;Harmonie;w;1
1;Guruteerdh;m;1
1;Hasna;w;1
1;Gustav;m;1
1;Hasret;w;1
1;Gökay;m;1
1;Hassanatou;w;1
1;Gökmen;m;1
1;Hatidja;w;1
1;Hagen;m;1
1;Haya;w;1
1;Hakeem;m;1
1;Hazal;w;1
1;Hamad;m;1
1;Hazalnur;w;1
1;Hamid;m;1
1;Hedi;w;1
1;Hamody;m;1
1;Heike;w;1
1;Hamsa;m;1
1;Helan;w;1
1;Hani;m;1
1;Helene;w;1
1;Hank;m;1
1;Helia;w;1
1;Hans;m;1
1;Helin;w;1
1;Harvey;m;1
1;Henriette;w;1
1;Hasan;m;1
1;Hewan;w;1
1;Haydar;m;1
1;Hiba;w;1
1;Hayder;m;1
1;Hila;w;1
1;Haytham;m;1
1;Hilda;w;1
1;Heinz;m;1
1;Hinav;w;1
1;Hermes;m;1
1;Hind;w;1
1;Hiro;m;1
1;Honya;w;1
1;Hivan;m;1
1;Hope;w;1
1;Hoŕng;m;1
1;Humeyra;w;1
1;Hussein;m;1
1;Hyab;w;1
1;Huzaifa;m;1
1;Hüma;w;1
1;?brahim;m;1
1;Hümeyra;w;1
1;Iggy;m;1
1;Ibtissam;w;1
1;Ikechi;m;1
1;Ilaria;w;1
1;Ilai;m;1
1;?layda;w;1
1;Iliano-Biagio;m;1
1;Ilda;w;1
1;Ilkay;m;1
1;Ileyna;w;1
1;Ilya;m;1
1;Ilvy;w;1
1;Ilyas-Noel;m;1
1;Imade;w;1
1;Imad;m;1
1;Iman;w;1
1;Imran;m;1
1;Imane;w;1
1;Inas;m;1
1;Imen;w;1
1;Ioannis;m;1
1;Ina-Marie;w;1
1;Isa;m;1
1;Inessa;w;1
1;Isaf;m;1
1;Inga;w;1
1;Isaiah;m;1
1;Ingird;w;1
1;Isey;m;1
1;Insa;w;1
1;Ishak;m;1
1;Intissar;w;1
1;Ismael;m;1
1;Ioanna-Lydia;w;1
1;Issa;m;1
1;Ipek;w;1
1;Issak;m;1
1;Ira;w;1
1;Iwinosa;m;1
1;Irati;w;1
1;Iyad;m;1
1;Irina;w;1
1;Jaafar;m;1
1;Iris;w;1
1;Jace;m;1
1;Irshaad;w;1
1;Jakov;m;1
1;Isa;w;1
1;Jamie-Noel;m;1
1;Isar;w;1
1;Jamil;m;1
1;Israa;w;1
1;Jamin;m;1
1;Itzia;w;1
1;Jamy;m;1
1;Iva-Amilia;w;1
1;Jan-Magnus;m;1
1;Ivana;w;1
1;Jari;m;1
1;Izabela;w;1
1;Jaris;m;1
1;Jacklyn;w;1
1;Jaro;m;1
1;Jadora;w;1
1;Jascha;m;1
1;Jaklin;w;1
1;Jasin;m;1
1;Jalila;w;1
1;Jaspar;m;1
1;Jamyla;w;1
1;Jasraj;m;1
1;Janica;w;1
1;Jaydon;m;1
1;Janie;w;1
1;Jenik;m;1
1;Jara;w;1
1;Jeremiah;m;1
1;Jarah;w;1
1;Jerome;m;1
1;Jasmin-Bella;w;1
1;Jesaya;m;1
1;Jasmina;w;1
1;Jim;m;1
1;Jayne;w;1
1;Jioar;m;1
1;Jazzman;w;1
1;Jirka;m;1
1;Jeannele;w;1
1;Jiyan;m;1
1;Jenna;w;1
1;Joan;m;1
1;Jette;w;1
1;Johann-Lew;m;1
1;Jewa;w;1
1;Jonael;m;1
1;Jinda;w;1
1;Jonart;m;1
1;Joana;w;1
1;Jonne;m;1
1;Joanetta;w;1
1;Jonnes;m;1
1;Johann;w;1
1;Jordan;m;1
1;Jola;w;1
1;Joschua;m;1
1;Joleen;w;1
1;Joseph;m;1
1;Jolene;w;1
1;Josua;m;1
1;Jolina;w;1
1;Josuel;m;1
1;Jolina-Marie;w;1
1;Jouni;m;1
1;Joline;w;1
1;Jovan;m;1
1;Jouri;w;1
1;Joăo;m;1
1;Joy;w;1
1;Jud;m;1
1;Judith;w;1
1;Julaybib;m;1
1;Juersa;w;1
1;Julen;m;1
1;Juliane;w;1
1;Juri;m;1
1;Julianna;w;1
1;Justas;m;1
1;Juliette;w;1
1;Kaj;m;1
1;Julika;w;1
1;Kalil;m;1
1;Julin;w;1
1;Kanish;m;1
1;Julyanna;w;1
1;Karim;m;1
1;Juventina;w;1
1;Karlo;m;1
1;Kailey;w;1
1;Karol;m;1
1;Kalea;w;1
1;Kasimir;m;1
1;Kalypso;w;1
1;Kasper;m;1
1;Kamilia;w;1
1;Kaya;m;1
1;Kaoutar;w;1
1;Kazem;m;1
1;Kara;w;1
1;Keno;m;1
1;Karline;w;1
1;Kentaro;m;1
1;Karlotta;w;1
1;Kerem;m;1
1;Katarina;w;1
1;Kerim;m;1
1;Kate;w;1
1;Kevin-Gabriel;m;1
1;Kauser;w;1
1;Keyawash;m;1
1;Kayla;w;1
1;Keylan;m;1
1;Keyli;w;1
1;Keylian-Elias;m;1
1;Khaula;w;1
1;Khattab;m;1
1;Khawla;w;1
1;Khojah;m;1
1;Kiana;w;1
1;Klaas;m;1
1;Kim;w;1
1;Klaus;m;1
1;Kimia;w;1
1;Kodjo;m;1
1;Kirat;w;1
1;Kolja;m;1
1;Klarissa;w;1
1;Krisztian;m;1
1;Ksenia;w;1
1;Kurt;m;1
1;Kumsal;w;1
1;Kyhlam;m;1
1;Kuramter;w;1
1;Lauan;m;1
1;Kutsal;w;1
1;Laues;m;1
1;Laetitia;w;1
1;Laurin;m;1
1;Lalita;w;1
1;Lean;m;1
1;Langa;w;1
1;Lear;m;1
1;Lani;w;1
1;Leart;m;1
1;Lania;w;1
1;Lenox;m;1
1;Lanya;w;1
1;Leonas;m;1
1;Lavin;w;1
1;Leonid;m;1
1;Lavin-Elif;w;1
1;Leonis;m;1
1;Lavinia;w;1
1;Leopold;m;1
1;Lavita;w;1
1;Leslie;m;1
1;Lawa;w;1
1;Levan;m;1
1;Lawin;w;1
1;Levent;m;1
1;Layan;w;1
1;Levian;m;1
1;Lea-Madlen;w;1
1;Leviathan;m;1
1;Lea-Sophie;w;1
1;Lewin;m;1
1;Leandrra;w;1
1;Leyth;m;1
1;Lejla;w;1
1;Liam-Pete;m;1
1;Leonora;w;1
1;Liano;m;1
1;Leonore;w;1
1;Lijon;m;1
1;Lesedi;w;1
1;Lino;m;1
1;Letizia;w;1
1;Lionell-Mica;m;1
1;Leviana;w;1
1;Lisandro;m;1
1;Levina;w;1
1;Liyan;m;1
1;Levke;w;1
1;Loan;m;1
1;Lewa;w;1
1;Lorenz;m;1
1;Lexa;w;1
1;Lorian;m;1
1;Leya;w;1
1;Lorik;m;1
1;Leyan;w;1
1;Lou;m;1
1;Lia-Clara;w;1
1;Louan;m;1
1;Lia-Michelle;w;1
1;Louay;m;1
1;Liah;w;1
1;Louie;m;1
1;Liah-Sabrina;w;1
1;Lovis;m;1
1;Lianne;w;1
1;Luan-Emilian;m;1
1;Lila;w;1
1;Luay;m;1
1;Lilia;w;1
1;Luc;m;1
1;Liljana;w;1
1;Lui;m;1
1;Lillian;w;1
1;Lyas;m;1
1;Lilliana;w;1
1;Lyes;m;1
1;Lilo;w;1
1;Léo;m;1
1;Lilou;w;1
1;Mabishan;m;1
1;Lina-Rose;w;1
1;Macario;m;1
1;Line;w;1
1;Macid;m;1
1;Linette;w;1
1;Mads;m;1
1;Lisbeth;w;1
1;Mael;m;1
1;Liv-Marlene;w;1
1;Mafzan;m;1
1;Lolia;w;1
1;Magdi;m;1
1;Lorina;w;1
1;Magnus;m;1
1;Lorisa;w;1
1;Mago;m;1
1;Lovisa;w;1
1;Mahan;m;1
1;Luba;w;1
1;Maher;m;1
1;Lucienne;w;1
1;Mahir;m;1
1;Luiza;w;1
1;Maikel;m;1
1;Lujain;w;1
1;Mailo;m;1
1;Lulu;w;1
1;Makib;m;1
1;Lumi;w;1
1;Malaz;m;1
1;Luzia;w;1
1;Manraj;m;1
1;Luzie;w;1
1;Marcel;m;1
1;Lía;w;1
1;Marian;m;1
1;Maari;w;1
1;Marius;m;1
1;Madeleine;w;1
1;Mark;m;1
1;Madison;w;1
1;Marlo;m;1
1;Mahbouba;w;1
1;Maro;m;1
1;Mahi;w;1
1;Marten;m;1
1;Mahoor;w;1
1;Marty;m;1
1;Maia;w;1
1;Marwin;m;1
1;Maike;w;1
1;Mason;m;1
1;Maira;w;1
1;Mateusz;m;1
1;Majla;w;1
1;Matiar;m;1
1;Malaak;w;1
1;Matin;m;1
1;Malaya;w;1
1;Mats-Hendrik;m;1
1;Malayah;w;1
1;Matthew;m;1
1;Maleen;w;1
1;Matties;m;1
1;Malikah;w;1
1;Maxime;m;1
1;Malinalli;w;1
1;Maximilian-Leander;m;1
1;Malou;w;1
1;Maximilianus;m;1
1;Malu;w;1
1;Mayar;m;1
1;Manja;w;1
1;Medin;m;1
1;Marella;w;1
1;Meliodas;m;1
1;Margareta;w;1
1;Melvin;m;1
1;Maria-Luisa;w;1
1;Mervan;m;1
1;Mariah;w;1
1;Mete;m;1
1;Marie-Anne;w;1
1;Metehan;m;1
1;Marie-Sophie;w;1
1;Mevlüd;m;1
1;Marieke;w;1
1;Michel;m;1
1;Mariem;w;1
1;Miguel;m;1
1;Marietta;w;1
1;Mihail;m;1
1;Marija;w;1
1;Mik;m;1
1;Mariko;w;1
1;Mike;m;1
1;Marina;w;1
1;Mikele;m;1
1;Marissa;w;1
1;Mikka;m;1
1;Marleen;w;1
1;Mikko;m;1
1;Marlen;w;1
1;Milad;m;1
1;Marlya;w;1
1;Milas;m;1
1;Marva;w;1
1;Million;m;1
1;Marylin;w;1
1;Milon;m;1
1;Massa;w;1
1;Milos;m;1
1;Matassi;w;1
1;Miral;m;1
1;Matilde;w;1
1;Mirkan;m;1
1;Mattea;w;1
1;Miro;m;1
1;Mavi;w;1
1;Miroslav;m;1
1;Mayasin;w;1
1;Mirza;m;1
1;Maylin;w;1
1;Moaied;m;1
1;Mayssa;w;1
1;Molla;m;1
1;Medea;w;1
1;Mosavar;m;1
1;Medina;w;1
1;Motasem;m;1
1;Meena;w;1
1;Mounir;m;1
1;Meg;w;1
1;Muhamed;m;1
1;Megi;w;1
1;Murat;m;1
1;Meike;w;1
1;Musa;m;1
1;Meira;w;1
1;Mutazem;m;1
1;Mela;w;1
1;Muusa;m;1
1;Melda;w;1
1;Myron;m;1
1;Meldina;w;1
1;Mîro;m;1
1;Melia;w;1
1;Nabil-Khalifa;m;1
1;Meliha;w;1
1;Naeem;m;1
1;Melin;w;1
1;Naeim;m;1
1;Melina-Celine;w;1
1;Nantwig;m;1
1;Melinay;w;1
1;Naohiro;m;1
1;Meliya;w;1
1;Nasreddine;m;1
1;Mella;w;1
1;Natan;m;1
1;Melyna;w;1
1;Nathanael;m;1
1;Menessa;w;1
1;Nathaniel;m;1
1;Mercedes;w;1
1;Naujuan;m;1
1;Merdi;w;1
1;Naven;m;1
1;Meri;w;1
1;Nawid;m;1
1;Meryam;w;1
1;Nazmi;m;1
1;Meryem-Maya;w;1
1;Nebi;m;1
1;Meryem-Nisa;w;1
1;Nelio;m;1
1;Meta;w;1
1;Nepomuk;m;1
1;Meyra;w;1
1;Nerwan;m;1
1;Mia-Joline;w;1
1;Nevio;m;1
1;Mian;w;1
1;Niam;m;1
1;Michaela;w;1
1;Nic;m;1
1;Michalina;w;1
1;Nicolás;m;1
1;Michelle;w;1
1;Niels;m;1
1;Mihrimah;w;1
1;Niilo;m;1
1;Mihrinur;w;1
1;Nikolaos;m;1
1;Milara;w;1
1;Nil;m;1
1;Milia;w;1
1;Nilan;m;1
1;Mimi;w;1
1;Nilo;m;1
1;Minna;w;1
1;Nils-Evans;m;1
1;Mirella;w;1
1;Nima;m;1
1;Mitchell;w;1
1;Noah-Eli;m;1
1;Mizki;w;1
1;Noar;m;1
1;Moayad;w;1
1;Noh;m;1
1;Morea;w;1
1;Nouri;m;1
1;Muna;w;1
1;Noyan;m;1
1;Muskan;w;1
1;Nuh;m;1
1;Naara;w;1
1;Nur;m;1
1;Nabila;w;1
1;Nurdjan;m;1
1;Nada;w;1
1;Nuri;m;1
1;Nadia;w;1
1;Odin;m;1
1;Nadira;w;1
1;Oguz;m;1
1;Nadja;w;1
1;Olivier;m;1
1;Naemi;w;1
1;Om;m;1
1;Nafas;w;1
1;Omed;m;1
1;Nahla;w;1
1;Orazio;m;1
1;Naira;w;1
1;Otis;m;1
1;Narimene;w;1
1;Oumar;m;1
1;Narin;w;1
1;Ove;m;1
1;Naslar;w;1
1;Ozohwmgie;m;1
1;Natalija;w;1
1;Pa;m;1
1;Natasha;w;1
1;Panagiotis;m;1
1;Naya;w;1
1;Parker;m;1
1;Neele;w;1
1;Pasquale;m;1
1;Neelia;w;1
1;Percy;m;1
1;Nella;w;1
1;Petros;m;1
1;Nellie;w;1
1;Philean;m;1
1;Nelly;w;1
1;Phileas;m;1
1;Neslihan;w;1
1;Philippos;m;1
1;Nian;w;1
1;Phillip;m;1
1;Nicole;w;1
1;Pim;m;1
1;Nila;w;1
1;Pius;m;1
1;Nilla;w;1
1;Pranit;m;1
1;Ninia;w;1
1;Qasim;m;1
1;Nino;w;1
1;Raduan;m;1
1;Nisanur;w;1
1;Raed-Mahmoud;m;1
1;Noelie;w;1
1;Ragnar;m;1
1;Noemi;w;1
1;Rahel;m;1
1;Norah;w;1
1;Raiden;m;1
1;Novalie;w;1
1;Raik;m;1
1;Noélie;w;1
1;Ramal;m;1
1;Noëmi;w;1
1;Rashid;m;1
1;Nsunda;w;1
1;Ratmir;m;1
1;Nyla;w;1
1;Rawan;m;1
1;Odilia;w;1
1;Rawej;m;1
1;Ofilia;w;1
1;Rayen;m;1
1;ohne;w;1
1;Redan;m;1
1;Olga;w;1
1;Rejan;m;1
1;Ophelia;w;1
1;Renas;m;1
1;Orla;w;1
1;Renes;m;1
1;Oumy;w;1
1;Reoan;m;1
1;Palina;w;1
1;Re?at;m;1
1;Paloma;w;1
1;Rhenus;m;1
1;Patrizia;w;1
1;Rian;m;1
1;Patrycia;w;1
1;Rion;m;1
1;Pela;w;1
1;Rivaldo;m;1
1;Penelope;w;1
1;Rocco;m;1
1;Perla;w;1
1;Roel;m;1
1;Pheline;w;1
1;Rojan;m;1
1;Phillis;w;1
1;Rojhat;m;1
1;Polina;w;1
1;Rojvan;m;1
1;Priscilla;w;1
1;Rolan;m;1
1;Queency;w;1
1;Roman;m;1
1;Quince;w;1
1;Romeo;m;1
1;Rachida;w;1
1;Ronan;m;1
1;Rafif;w;1
1;Ronyar;m;1
1;Rahma;w;1
1;Rosch;m;1
1;Rana;w;1
1;Roshan;m;1
1;Rangin;w;1
1;Rufus;m;1
1;Rania;w;1
1;Ryan;m;1
1;Ranisa;w;1
1;Ryan-Zane;m;1
1;Ranya;w;1
1;Réza;m;1
1;Rayan;w;1
1;Rüzgar;m;1
1;Rayhana;w;1
1;Saad;m;1
1;Rea;w;1
1;Sabawoon;m;1
1;Rebeca;w;1
1;Sabri;m;1
1;Reem;w;1
1;Safa;m;1
1;Renesmee;w;1
1;Sahal;m;1
1;Resi;w;1
1;Sahand;m;1
1;Retal;w;1
1;Salah;m;1
1;Rewa;w;1
1;Salem;m;1
1;Rew?an;w;1
1;Salih;m;1
1;Riana;w;1
1;Salman;m;1
1;Ricarda;w;1
1;Salym;m;1
1;Rieke;w;1
1;Samed;m;1
1;Rijona;w;1
1;Samet;m;1
1;Rika;w;1
1;Samir;m;1
1;Rim;w;1
1;Sammy;m;1
1;Riwa;w;1
1;Samson;m;1
1;Roaa;w;1
1;Samuel-Christian;m;1
1;Robin;w;1
1;Sandji;m;1
1;Rojana;w;1
1;Sardar;m;1
1;Rojiana;w;1
1;Savvas;m;1
1;Rojina;w;1
1;Sebastian-Taliz;m;1
1;Rolęda;w;1
1;Sekou;m;1
1;Romina;w;1
1;Selahaddin;m;1
1;Rosel;w;1
1;Sergej;m;1
1;Roslin;w;1
1;Serhard;m;1
1;Rosmarie;w;1
1;Seyit;m;1
1;Roswilder;w;1
1;Sezcan;m;1
1;Rougiatou;w;1
1;Shaháb;m;1
1;Roxana;w;1
1;Shiar;m;1
1;Roxani;w;1
1;Shinemore;m;1
1;Roya;w;1
1;Shiron;m;1
1;Rufaydah;w;1
1;Shivan;m;1
1;Safaa;w;1
1;Shoaib;m;1
1;Saffa;w;1
1;Shuajb;m;1
1;Saffiyah;w;1
1;Shunjay-Aaron;m;1
1;Safiya;w;1
1;Siar;m;1
1;Sahibzadi;w;1
1;Silas-Eliah;m;1
1;Saida;w;1
1;Silvan;m;1
1;Sakia;w;1
1;Silvio;m;1
1;Salome;w;1
1;Sima;m;1
1;Samah;w;1
1;Sinan;m;1
1;Samantha;w;1
1;Siraj;m;1
1;Samia;w;1
1;Sivarishi;m;1
1;Samma;w;1
1;Sky;m;1
1;Samsam;w;1
1;Sofian;m;1
1;Sana;w;1
1;Soheil;m;1
1;Sanneke;w;1
1;Sorin;m;1
1;Sansa;w;1
1;Souhaib;m;1
1;Saphira;w;1
1;Souren;m;1
1;Sare;w;1
1;Spyridon;m;1
1;Saria;w;1
1;Stamatis;m;1
1;Saya;w;1
1;Stefan;m;1
1;Scarlett;w;1
1;Stoyan;m;1
1;Sebile;w;1
1;Sudeys;m;1
1;Sefdi;w;1
1;Sulayman;m;1
1;Seinab;w;1
1;Sunyo;m;1
1;Selena;w;1
1;Swarn;m;1
1;Selin;w;1
1;Syed;m;1
1;Sema;w;1
1;Szymon;m;1
1;Serafina;w;1
1;Taavi;m;1
1;Seraphin;w;1
1;Taj;m;1
1;Sereen;w;1
1;Tamino;m;1
1;Seyda;w;1
1;Taro;m;1
1;Shadi;w;1
1;Teon;m;1
1;Shaheeda;w;1
1;Thaddäus;m;1
1;Shanzey;w;1
1;Theon;m;1
1;Shayla;w;1
1;Thorben;m;1
1;Shevin;w;1
1;Thorian;m;1
1;Shirin;w;1
1;Thorin;m;1
1;Shyhrete;w;1
1;Théo;m;1
1;Sidra;w;1
1;Tian;m;1
1;Siena;w;1
1;Tilian;m;1
1;Siham;w;1
1;Tilmann;m;1
1;Sima;w;1
1;Timm;m;1
1;Simona;w;1
1;Timothy;m;1
1;Sinem;w;1
1;Timur;m;1
1;Sira;w;1
1;Tio;m;1
1;Sirat;w;1
1;Titus;m;1
1;Sitare;w;1
1;Tius;m;1
1;Sitra;w;1
1;Tjade;m;1
1;Siya;w;1
1;Tjure;m;1
1;Skadi;w;1
1;Toby;m;1
1;Sofia-Elisabeth;w;1
1;Todor;m;1
1;Sofia-Masoumeh;w;1
1;Tolunay;m;1
1;Sojoud;w;1
1;Tommy;m;1
1;Solea;w;1
1;Tomte;m;1
1;Solin;w;1
1;Tonio;m;1
1;Sonila;w;1
1;Toshino;m;1
1;Sophie-Charlotte;w;1
1;Travis;m;1
1;Sophie-Marie;w;1
1;Tudor;m;1
1;Soraia;w;1
1;Tymon;m;1
1;Soz;w;1
1;Ubay;m;1
1;Styliani;w;1
1;Ufuk;m;1
1;Subaya;w;1
1;Umar;m;1
1;Suhejla;w;1
1;Umut;m;1
1;Suleyah;w;1
1;Uwais;m;1
1;Sulin;w;1
1;Velimir;m;1
1;Sumayya;w;1
1;Victor;m;1
1;Suri;w;1
1;Vido;m;1
1;Sylvia;w;1
1;Vincenzo;m;1
1;Sümeyye;w;1
1;Vinesh;m;1
1;Tabarak;w;1
1;Vinzent;m;1
1;Taja;w;1
1;Vito;m;1
1;Tala;w;1
1;Vitus;m;1
1;Talea;w;1
1;Waiss;m;1
1;Tamara;w;1
1;Wassim;m;1
1;Tamara-Zoe;w;1
1;Weiming;m;1
1;Tamia;w;1
1;Willem;m;1
1;Tasfiya;w;1
1;Willi;m;1
1;Tasnia;w;1
1;Willliam;m;1
1;Tassnim;w;1
1;Willy;m;1
1;Taylor;w;1
1;Wim;m;1
1;Tenzin;w;1
1;Wodan;m;1
1;Teresa;w;1
1;Wuzhou;m;1
1;Tessnim;w;1
1;Xaver;m;1
1;Thaia;w;1
1;Yacoub;m;1
1;Thalia;w;1
1;Yafet;m;1
1;Thalia-Sophia;w;1
1;Yahya;m;1
1;Thalya;w;1
1;Yakob;m;1
1;Theresia;w;1
1;Yannis;m;1
1;Tia;w;1
1;Yaqub;m;1
1;Tiahna;w;1
1;Yaron;m;1
1;Tiana;w;1
1;Yasir;m;1
1;Tiayla;w;1
1;Yassine;m;1
1;Toni;w;1
1;Ya??z;m;1
1;Torvi;w;1
1;Yifei;m;1
1;Tove;w;1
1;Yi?it;m;1
1;Téa;w;1
1;Yi?it-Ali;m;1
1;Uljana;w;1
1;Yi?itcan;m;1
1;Ulyana;w;1
1;Yoel;m;1
1;Vaiana-Peyton-Ashley;w;1
1;Yoshua;m;1
1;Valerija;w;1
1;Youness;m;1
1;Valérie;w;1
1;Yousef;m;1
1;Vanessa;w;1
1;Youssuf;m;1
1;Velina;w;1
1;Yu;m;1
1;Velisa;w;1
1;Yussuf;m;1
1;Veronika;w;1
1;Yuto;m;1
1;Virsavia;w;1
1;Yuvaan;m;1
1;Wagma;w;1
1;Yuxiang;m;1
1;Wilhelmine;w;1
1;Yuzarsif;m;1
1;Winta;w;1
1;Zaid;m;1
1;Xinyi;w;1
1;Zain;m;1
1;Yana;w;1
1;Zakaria;m;1
1;Yaren;w;1
1;Zakariyah;m;1
1;Yaroslava;w;1
1;Zarhan;m;1
1;Yasmeen;w;1
1;Zayan;m;1
1;Yasmina;w;1
1;Zayed;m;1
1;Yasmine;w;1
1;Zayn;m;1
1;Yeganeh;w;1
1;Zekerija;m;1
1;Ylvi;w;1
1;Zeki;m;1
1;Yolanda;w;1
1;Ziyad;m;1
1;Yolandi;w;1
1;Zubair;m;1
1;Yousra;w;1
1;Ça?atay;m;1
1;Yuho;w;1
1;Zaina;w;1
1;Zara;w;1
1;Zayla;w;1
1;Zaynab;w;1
1;Zeina;w;1
1;Zejnepe;w;1
1;Zelal;w;1
1;Zena;w;1
1;Zerya;w;1
1;Zeyneb;w;1
1;Ziva;w;1
1;Zoey-Skylar;w;1
1;Zoi;w;1
1;Zoé-Kathleen;w;1
1;Zyion;w;1
1;Zélie;w;1
1;Zümra;w;1
1;Zümra-Elisa;w;1
1;Élodie;w;1
1;Érika;w;1
1;Öykü;w;1
1;?irin;w;1
