vorname;anzahl;geschlecht;position
Sophie;83;w;2
Marie;69;w;2
Maria;55;w;2
Felix;47;m;1
Marie;46;w;1
Mia;46;w;1
Lina;43;w;1
Noah;43;m;1
Emilia;41;w;1
Jakob;38;m;1
Leo;38;m;1
Mila;37;w;1
Alexander;37;m;2
Clara;36;w;1
Emil;36;m;1
Emma;35;w;1
Ella;34;w;1
Leonie;34;w;1
Elias;34;m;1
Finn;33;m;1
Liam;33;m;1
Paul;33;m;1
Anton;29;m;1
Max;29;m;1
Lea;28;w;1
Adam;28;m;1
Jonathan;28;m;1
Theo;28;m;1
Maximilian;28;m;2
Anna;27;w;1
David;27;m;1
Jonas;27;m;1
Levi;27;m;1
Emilia;27;w;2
Sophie;26;w;1
Maximilian;26;m;1
Oskar;26;m;1
Leon;25;m;1
Lukas;25;m;1
Leni;24;w;1
Lio;24;m;1
Luca;24;m;1
Charlotte;23;w;1
Elisa;23;w;1
Hanna;23;w;1
Sophia;23;w;1
Ben;23;m;1
Jonah;23;m;1
Louis;23;m;1
Lilly;22;w;1
Alexander;22;m;1
Charlotte;22;w;2
Katharina;22;w;2
Luna;21;w;1
Mira;21;w;1
Paula;21;w;1
Sophia;21;w;2
Emily;20;w;1
Ida;20;w;1
Lena;20;w;1
Lia;20;w;1
Benjamin;20;m;1
Matteo;20;m;1
Milan;20;m;1
Antonia;19;w;1
Lara;19;w;1
Luisa;19;w;1
Henri;19;m;1
Milo;19;m;1
Luise;19;w;2
Elias;19;m;2
Johanna;18;w;1
Henry;18;m;1
Leonard;18;m;1
Anton;18;m;2
Amelie;17;w;1
Nele;17;w;1
Nora;17;w;1
Tilda;17;w;1
Emilio;17;m;1
Julian;17;m;1
Mats;17;m;1
Johannes;17;m;2
Isabella;16;w;1
Julia;16;w;1
Malia;16;w;1
Maria;16;w;1
Amir;16;m;1
Toni;16;m;1
Elisa;16;w;2
Mathilda;15;w;1
Merle;15;w;1
Moritz;15;m;1
Elisabeth;15;w;2
Karl;15;m;2
Paul;15;m;2
Helena;14;w;1
Olivia;14;w;1
Pauline;14;w;1
Ronja;14;w;1
Julius;14;m;1
Luis;14;m;1
Ole;14;m;1
Tim;14;m;1
Valentin;14;m;1
Johanna;14;w;2
Hannah;13;w;1
Louisa;13;w;1
Marlene;13;w;1
Sofia;13;w;1
Jan;13;m;1
Jona;13;m;1
Malik;13;m;1
Samuel;13;m;1
Tom;13;m;1
Gabriel;13;m;2
Amara;12;w;1
Fiona;12;w;1
Juna;12;w;1
Laura;12;w;1
Mina;12;w;1
Thea;12;w;1
Ilyas;12;m;1
Jannis;12;m;1
Johann;12;m;1
Mattis;12;m;1
Mika;12;m;1
Nils;12;m;1
Louise;12;w;2
Leonard;12;m;2
Matthias;12;m;2
Eva;11;w;1
Frieda;11;w;1
Jana;11;w;1
Lilli;11;w;1
Livia;11;w;1
Lotta;11;w;1
Paulina;11;w;1
Sara;11;w;1
Zoe;11;w;1
Aaron;11;m;1
Aras;11;m;1
Fynn;11;m;1
Joshua;11;m;1
Mateo;11;m;1
Niklas;11;m;1
Oliver;11;m;1
Simon;11;m;1
Ida;11;w;2
Josefine;11;w;2
Ali;11;m;2
Jakob;11;m;2
Johann;11;m;2
Luca;11;m;2
Alma;10;w;1
Mara;10;w;1
Matilda;10;w;1
Maya;10;w;1
Romy;10;w;1
Sarah;10;w;1
Victoria;10;w;1
Ali;10;m;1
Carlo;10;m;1
Daniel;10;m;1
Gabriel;10;m;1
Miran;10;m;1
Lou;10;w;2
Marlene;10;w;2
Rose;10;w;2
Felix;10;m;2
Friedrich;10;m;2
Levi;10;m;2
Ayla;9;w;1
Carla;9;w;1
Frida;9;w;1
Josephine;9;w;1
Karla;9;w;1
Linda;9;w;1
Lisa;9;w;1
Maja;9;w;1
Carl;9;m;1
Hamza;9;m;1
Karl;9;m;1
Kilian;9;m;1
Levin;9;m;1
Matheo;9;m;1
Maxim;9;m;1
Nicolas;9;m;1
Robin;9;m;1
Vincent;9;m;1
Luisa;9;w;2
Peter;9;m;2
Thomas;9;m;2
Aleyna;8;w;1
Amira;8;w;1
Anastasia;8;w;1
Carlotta;8;w;1
Dua;8;w;1
Liv;8;w;1
Lotte;8;w;1
Luise;8;w;1
Rosa;8;w;1
Bruno;8;m;1
Erik;8;m;1
Fabian;8;m;1
Fiete;8;m;1
Florian;8;m;1
Hannes;8;m;1
Jasper;8;m;1
Leander;8;m;1
Lian;8;m;1
Linus;8;m;1
Lion;8;m;1
Luan;8;m;1
Lucas;8;m;1
Luka;8;m;1
Marlon;8;m;1
Raphael;8;m;1
Sam;8;m;1
Theodor;8;m;1
Zayn;8;m;1
Anna;8;w;2
Valentina;8;w;2
Victoria;8;w;2
Christian;8;m;2
David;8;m;2
Georg;8;m;2
Alina;7;w;1
Aurelia;7;w;1
Ava;7;w;1
Aylin;7;w;1
Diana;7;w;1
Ela;7;w;1
Eliana;7;w;1
Katharina;7;w;1
Liana;7;w;1
Liya;7;w;1
Marla;7;w;1
Melina;7;w;1
Adrian;7;m;1
Janosch;7;m;1
Justus;7;m;1
Konrad;7;m;1
Malte;7;m;1
Martin;7;m;1
Nael;7;m;1
Nico;7;m;1
Omar;7;m;1
Philipp;7;m;1
Till;7;m;1
Yunus;7;m;1
Christine;7;w;2
Helene;7;w;2
Lucia;7;w;2
Marleen;7;w;2
Benjamin;7;m;2
Can;7;m;2
Emil;7;m;2
Frederik;7;m;2
Henry;7;m;2
Michael;7;m;2
Richard;7;m;2
Wilhelm;7;m;2
Marie;7;w;3
Ada;6;w;1
Alea;6;w;1
Amalia;6;w;1
Amelia;6;w;1
Amina;6;w;1
Elena;6;w;1
Elina;6;w;1
Isabel;6;w;1
Lou;6;w;1
Maila;6;w;1
Melisa;6;w;1
Melissa;6;w;1
Milena;6;w;1
Mona;6;w;1
Noemi;6;w;1
Pia;6;w;1
Stella;6;w;1
Valentina;6;w;1
Arian;6;m;1
Aron;6;m;1
Baran;6;m;1
Benedikt;6;m;1
Benno;6;m;1
Damian;6;m;1
Enno;6;m;1
Friedrich;6;m;1
Jacob;6;m;1
Jannik;6;m;1
Johannes;6;m;1
Kian;6;m;1
Leano;6;m;1
Lino;6;m;1
Mohamed;6;m;1
Mohammad;6;m;1
Mohammed;6;m;1
Musa;6;m;1
Nathan;6;m;1
Pepe;6;m;1
Rayan;6;m;1
Yasin;6;m;1
Yusuf;6;m;1
Amelia;6;w;2
Aurelia;6;w;2
Josephine;6;w;2
Liya;6;w;2
Nur;6;w;2
Pauline;6;w;2
Sofie;6;w;2
Franz;6;m;2
Jan;6;m;2
Jonathan;6;m;2
Josef;6;m;2
Julius;6;m;2
Konrad;6;m;2
Leander;6;m;2
Max;6;m;2
Noah;6;m;2
Valentin;6;m;2
Aaliyah;5;w;1
Alessia;5;w;1
Aliya;5;w;1
Amaya;5;w;1
Anni;5;w;1
Cleo;5;w;1
Edda;5;w;1
Fatima;5;w;1
Hafsa;5;w;1
Josefine;5;w;1
Kiara;5;w;1
Klara;5;w;1
Leyla;5;w;1
Liah;5;w;1
Lynn;5;w;1
Malea;5;w;1
Malou;5;w;1
Mariam;5;w;1
Mayla;5;w;1
Nika;5;w;1
Nina;5;w;1
Zeynep;5;w;1
Amar;5;m;1
Ayaz;5;m;1
Charlie;5;m;1
Elia;5;m;1
Elian;5;m;1
Emilian;5;m;1
Frederik;5;m;1
Fritz;5;m;1
Henrik;5;m;1
Johan;5;m;1
Josef;5;m;1
Lars;5;m;1
Lasse;5;m;1
Lean;5;m;1
Lenn;5;m;1
Mikael;5;m;1
Nick;5;m;1
Thilo;5;m;1
Titus;5;m;1
Tobias;5;m;1
Victor;5;m;1
Ömer;5;m;1
Alexandra;5;w;2
Antonia;5;w;2
Carlotta;5;w;2
Elise;5;w;2
Felicitas;5;w;2
Helga;5;w;2
Isabella;5;w;2
Lena;5;w;2
Leni;5;w;2
Louisa;5;w;2
Paulina;5;w;2
Viktoria;5;w;2
Ben;5;m;2
Carl;5;m;2
Colin;5;m;2
Constantin;5;m;2
Ferdinand;5;m;2
Finn;5;m;2
Heinrich;5;m;2
Henri;5;m;2
Leo;5;m;2
Liam;5;m;2
Luis;5;m;2
Malte;5;m;2
Martin;5;m;2
Matteo;5;m;2
Maxim;5;m;2
Noel;5;m;2
Philipp;5;m;2
Adelina;4;w;1
Alice;4;w;1
Alva;4;w;1
Amélie;4;w;1
Annika;4;w;1
Aria;4;w;1
Aurora;4;w;1
Celine;4;w;1
Chiara;4;w;1
Dina;4;w;1
Finja;4;w;1
Flora;4;w;1
Greta;4;w;1
Helene;4;w;1
Hope;4;w;1
Isabell;4;w;1
Jasmin;4;w;1
Jonna;4;w;1
Karlotta;4;w;1
Kira;4;w;1
Layan;4;w;1
Lilia;4;w;1
Lily;4;w;1
Liyah;4;w;1
Liyana;4;w;1
Luana;4;w;1
Lucia;4;w;1
Magdalena;4;w;1
Maryam;4;w;1
Mathilde;4;w;1
Milla;4;w;1
Nala;4;w;1
Nisa;4;w;1
Selin;4;w;1
Selina;4;w;1
Talia;4;w;1
Theresa;4;w;1
Valerie;4;w;1
Viola;4;w;1
Wilma;4;w;1
Yara;4;w;1
Yuna;4;w;1
Ahmad;4;m;1
Alessandro;4;m;1
Antonio;4;m;1
Arthur;4;m;1
Aryan;4;m;1
Caspar;4;m;1
Constantin;4;m;1
Dario;4;m;1
Fabio;4;m;1
Hagen;4;m;1
Idris;4;m;1
Isa;4;m;1
Ismael;4;m;1
Issa;4;m;1
James;4;m;1
Jayden;4;m;1
John;4;m;1
Jonte;4;m;1
Joris;4;m;1
Kalle;4;m;1
Lennard;4;m;1
Leonardo;4;m;1
Leopold;4;m;1
Lionel;4;m;1
Manuel;4;m;1
Marlo;4;m;1
Matti;4;m;1
Neo;4;m;1
Nikita;4;m;1
Nikolas;4;m;1
Nino;4;m;1
Noel;4;m;1
Oscar;4;m;1
Piet;4;m;1
Rafael;4;m;1
Ruben;4;m;1
Younes;4;m;1
Grace;4;w;2
Henriette;4;w;2
Inge;4;w;2
Jolie;4;w;2
Joy;4;w;2
Lina;4;w;2
Liv;4;w;2
Luzia;4;w;2
Malou;4;w;2
Monika;4;w;2
Ruth;4;w;2
Aaron;4;m;2
Antonio;4;m;2
Bernhard;4;m;2
Christopher;4;m;2
Erich;4;m;2
Fritz;4;m;2
Jasper;4;m;2
Leon;4;m;2
Magnus;4;m;2
Matheo;4;m;2
Mika;4;m;2
Robin;4;m;2
Sebastian;4;m;2
Elisabeth;4;w;3
Maria;4;w;3
Adea;3;w;1
Alena;3;w;1
Alisha;3;w;1
Alissa;3;w;1
Aliyah;3;w;1
Ariana;3;w;1
Arina;3;w;1
Azra;3;w;1
Dalia;3;w;1
Derya;3;w;1
Elea;3;w;1
Eleni;3;w;1
Elisabeth;3;w;1
Elli;3;w;1
Elly;3;w;1
Elsa;3;w;1
Fabienne;3;w;1
Firdaus;3;w;1
Franziska;3;w;1
Freya;3;w;1
Hailey;3;w;1
Hana;3;w;1
Hidaya;3;w;1
Ina;3;w;1
Inaaya;3;w;1
Isabelle;3;w;1
Jannah;3;w;1
Jannat;3;w;1
Janne;3;w;1
Jette;3;w;1
Joana;3;w;1
Jule;3;w;1
Kaja;3;w;1
Lavin;3;w;1
Lene;3;w;1
Lola;3;w;1
Malina;3;w;1
Mariella;3;w;1
Marleen;3;w;1
Martha;3;w;1
Medina;3;w;1
Milou;3;w;1
Minel;3;w;1
Miriam;3;w;1
Nadia;3;w;1
Naemi;3;w;1
Neele;3;w;1
Nour;3;w;1
Ophelia;3;w;1
Rebecca;3;w;1
Reem;3;w;1
Tessa;3;w;1
Valeria;3;w;1
Viktoria;3;w;1
Yasmin;3;w;1
Zahra;3;w;1
Zoey;3;w;1
Zoé;3;w;1
Abdelmalik;3;m;1
Abdul;3;m;1
Ahmed;3;m;1
Albert;3;m;1
Alex;3;m;1
Alparslan;3;m;1
Amin;3;m;1
Arda;3;m;1
Arne;3;m;1
Aslan;3;m;1
Aurelio;3;m;1
Ayden;3;m;1
Ayman;3;m;1
Ayub;3;m;1
Azad;3;m;1
Aziz;3;m;1
Bastian;3;m;1
Can;3;m;1
Diar;3;m;1
Dion;3;m;1
Dominik;3;m;1
Dorian;3;m;1
Edgar;3;m;1
Emin;3;m;1
Emir;3;m;1
Eren;3;m;1
Eric;3;m;1
Eymen;3;m;1
Ezra;3;m;1
Gustav;3;m;1
Harun;3;m;1
Ibrahim;3;m;1
Ilay;3;m;1
Ilian;3;m;1
Imran;3;m;1
Ivan;3;m;1
Jarno;3;m;1
Jaro;3;m;1
Joscha;3;m;1
Juri;3;m;1
Konstantin;3;m;1
Laurin;3;m;1
Lennart;3;m;1
Lias;3;m;1
Mads;3;m;1
Magnus;3;m;1
Matthias;3;m;1
Mehmed;3;m;1
Metehan;3;m;1
Michael;3;m;1
Miguel;3;m;1
Mio;3;m;1
Muhammed;3;m;1
Neil;3;m;1
Nilo;3;m;1
Otto;3;m;1
Phil;3;m;1
Roman;3;m;1
Salim;3;m;1
Sami;3;m;1
Taavi;3;m;1
Thore;3;m;1
Thorin;3;m;1
Alice;3;w;2
Amalia;3;w;2
Amaya;3;w;2
Amira;3;w;2
Ava;3;w;2
Clara;3;w;2
Helena;3;w;2
Hope;3;w;2
Jane;3;w;2
Lara;3;w;2
Lilly;3;w;2
Livia;3;w;2
Luna;3;w;2
Lydia;3;w;2
Malea;3;w;2
Mathea;3;w;2
Mathilda;3;w;2
Milou;3;w;2
Rosa;3;w;2
Rosalie;3;w;2
Therese;3;w;2
Theresia;3;w;2
Vera;3;w;2
Amar;3;m;2
Amir;3;m;2
Bo;3;m;2
Bruno;3;m;2
Caspar;3;m;2
Daniel;3;m;2
Elia;3;m;2
Elian;3;m;2
Emanuel;3;m;2
Emilian;3;m;2
Emilio;3;m;2
Erik;3;m;2
Ismail;3;m;2
Joel;3;m;2
Jona;3;m;2
Jonas;3;m;2
Joris;3;m;2
Joseph;3;m;2
Joshua;3;m;2
Julian;3;m;2
Jürgen;3;m;2
Laurin;3;m;2
Leandro;3;m;2
Leopold;3;m;2
Manfred;3;m;2
Mehmet;3;m;2
Mio;3;m;2
Mirza;3;m;2
Nils;3;m;2
Oliver;3;m;2
Oskar;3;m;2
Ragnar;3;m;2
Samuel;3;m;2
Stefan;3;m;2
Theo;3;m;2
Thore;3;m;2
Toni;3;m;2
Dorothea;3;w;3
Gisela;3;w;3
Katharina;3;w;3
Ruth;3;w;3
Sophie;3;w;3
Ali;3;m;3
Bruno;3;m;3
Walter;3;m;3
Aaditri;2;w;1
Ajla;2;w;1
Alba;2;w;1
Alexis;2;w;1
Alia;2;w;1
Alica;2;w;1
Alin;2;w;1
Almina;2;w;1
Almira;2;w;1
Alya;2;w;1
Amal;2;w;1
Amilia;2;w;1
Amine;2;w;1
Amy;2;w;1
Ana;2;w;1
Anisa;2;w;1
Anissa;2;w;1
Annalena;2;w;1
Annelie;2;w;1
Anouk;2;w;1
Ariane;2;w;1
Arya;2;w;1
Ashley;2;w;1
Asya;2;w;1
Aya;2;w;1
Ayana;2;w;1
Ayliz;2;w;1
Carolin;2;w;1
Cataleya;2;w;1
Celia;2;w;1
Charlie;2;w;1
Chloe;2;w;1
Cosima;2;w;1
Dahlia;2;w;1
Dalin;2;w;1
Dana;2;w;1
Dania;2;w;1
Daria;2;w;1
Dila;2;w;1
Dilara;2;w;1
Dunya;2;w;1
Eleen;2;w;1
Eleonora;2;w;1
Elif;2;w;1
Elin;2;w;1
Eliz;2;w;1
Eliza;2;w;1
Elizabeth;2;w;1
Ellen;2;w;1
Elsie;2;w;1
Emilie;2;w;1
Erva;2;w;1
Evelyn;2;w;1
Felia;2;w;1
Felina;2;w;1
Fenja;2;w;1
Fine;2;w;1
Florentina;2;w;1
Franca;2;w;1
Freja;2;w;1
Fria;2;w;1
Friederike;2;w;1
Gloria;2;w;1
Grace;2;w;1
Havin;2;w;1
Hedi;2;w;1
Hiba;2;w;1
Inaya;2;w;1
Inayah;2;w;1
Inga;2;w;1
Insa;2;w;1
Irma;2;w;1
Janna;2;w;1
Jara;2;w;1
Johanne;2;w;1
Juli;2;w;1
Kayla;2;w;1
Kimberly;2;w;1
Klea;2;w;1
Lale;2;w;1
Larin;2;w;1
Leandra;2;w;1
Leen;2;w;1
Lema;2;w;1
Leonora;2;w;1
Leticia;2;w;1
Liara;2;w;1
Lieselotte;2;w;1
Lijana;2;w;1
Liliana;2;w;1
Lilya;2;w;1
Linn;2;w;1
Linnea;2;w;1
Livi;2;w;1
Loreen;2;w;1
Lorin;2;w;1
Lotti;2;w;1
Louise;2;w;1
Lucy;2;w;1
Lumi;2;w;1
Madlen;2;w;1
Majvi;2;w;1
Malena;2;w;1
Malie;2;w;1
Maliya;2;w;1
Maram;2;w;1
Marina;2;w;1
Mathea;2;w;1
Mavi;2;w;1
Mavie;2;w;1
Meliya;2;w;1
Melody;2;w;1
Meryem;2;w;1
Miray;2;w;1
Misk;2;w;1
Muna;2;w;1
Munira;2;w;1
Naomi;2;w;1
Nefeli;2;w;1
Nelly;2;w;1
Neva;2;w;1
Neyla;2;w;1
Nia;2;w;1
Nicole;2;w;1
Nila;2;w;1
Norah;2;w;1
Paloma;2;w;1
Pina;2;w;1
Priya;2;w;1
Raphaela;2;w;1
Romi;2;w;1
Rosalie;2;w;1
Ruby;2;w;1
Safaa;2;w;1
Safia;2;w;1
Safiya;2;w;1
Salma;2;w;1
Samira;2;w;1
Sandra;2;w;1
Sanna;2;w;1
Sola;2;w;1
Svea;2;w;1
Tala;2;w;1
Tasnim;2;w;1
Tatjana;2;w;1
Teresa;2;w;1
Tuana;2;w;1
Valeska;2;w;1
Violetta;2;w;1
Vivien;2;w;1
Zehra;2;w;1
Zoya;2;w;1
Zümra;2;w;1
Abdullah;2;m;1
Ahmet;2;m;1
Alan;2;m;1
Aleksandar;2;m;1
Aleksander;2;m;1
Alexandros;2;m;1
Andi;2;m;1
Araz;2;m;1
Art;2;m;1
Artjom;2;m;1
Ayan;2;m;1
Bassam;2;m;1
Batu;2;m;1
Bela;2;m;1
Bilal;2;m;1
Björn;2;m;1
Boris;2;m;1
Bosse;2;m;1
Casper;2;m;1
Christian;2;m;1
Christoph;2;m;1
Clemens;2;m;1
Connor;2;m;1
Deon;2;m;1
Diyan;2;m;1
Eddie;2;m;1
Eduard;2;m;1
Edwin;2;m;1
Efe;2;m;1
Eliah;2;m;1
Elio;2;m;1
Emiliano;2;m;1
Ferdinand;2;m;1
Filip;2;m;1
Fineas;2;m;1
Fridolin;2;m;1
Gero;2;m;1
Giovanni;2;m;1
Giuseppe;2;m;1
Göktuğ;2;m;1
Hassan;2;m;1
Hendrik;2;m;1
Hugo;2;m;1
Hussein;2;m;1
Ilhan;2;m;1
Ilias;2;m;1
Isaiah;2;m;1
Ivar;2;m;1
Jamal;2;m;1
Janne;2;m;1
Jannes;2;m;1
Jannick;2;m;1
Jari;2;m;1
Jarne;2;m;1
Jason;2;m;1
Jerome;2;m;1
Jesper;2;m;1
Jibril;2;m;1
Jordan;2;m;1
Joseph;2;m;1
Josua;2;m;1
Junes;2;m;1
Karam;2;m;1
Karan;2;m;1
Kaspar;2;m;1
Kayden;2;m;1
Keno;2;m;1
Kiyan;2;m;1
Laurenz;2;m;1
Lawand;2;m;1
Lazar;2;m;1
Leandro;2;m;1
Lennox;2;m;1
Leonas;2;m;1
Leonel;2;m;1
Leonik;2;m;1
Lev;2;m;1
Lou;2;m;1
Louay;2;m;1
Louie;2;m;1
Lucian;2;m;1
Lucien;2;m;1
Ludwig;2;m;1
Mahir;2;m;1
Mahmoud;2;m;1
Mailo;2;m;1
Malek;2;m;1
Malio;2;m;1
Marco;2;m;1
Marius;2;m;1
Mark;2;m;1
Marvin;2;m;1
Mathis;2;m;1
Mayar;2;m;1
Mehmet;2;m;1
Michel;2;m;1
Mikail;2;m;1
Milad;2;m;1
Miron;2;m;1
Mirza;2;m;1
Mohamad;2;m;1
Moses;2;m;1
Muhammad;2;m;1
Murat;2;m;1
Mustafa;2;m;1
Nathaniel;2;m;1
Nelio;2;m;1
Niko;2;m;1
Nikolai;2;m;1
Noar;2;m;1
Noh;2;m;1
Nuri;2;m;1
Omed;2;m;1
Omid;2;m;1
Osman;2;m;1
Paolo;2;m;1
Philip;2;m;1
Poyraz;2;m;1
Raffael;2;m;1
Rashid;2;m;1
Remo;2;m;1
Richard;2;m;1
Roni;2;m;1
Said;2;m;1
Samir;2;m;1
Sascha;2;m;1
Sebastian;2;m;1
Selim;2;m;1
Silas;2;m;1
Taha;2;m;1
Tammo;2;m;1
Thiago;2;m;1
Thomas;2;m;1
Tiago;2;m;1
Tilmann;2;m;1
Timo;2;m;1
Tony;2;m;1
Tristan;2;m;1
Tyler;2;m;1
Viktor;2;m;1
Wilhelm;2;m;1
William;2;m;1
Wim;2;m;1
Yamen;2;m;1
Yannik;2;m;1
Yaqub;2;m;1
Yassin;2;m;1
Yousef;2;m;1
Youssef;2;m;1
Yunis;2;m;1
Zakaria;2;m;1
Adele;2;w;2
Adelheid;2;w;2
Alva;2;w;2
Anastasia;2;w;2
Andrea;2;w;2
Apollonia;2;w;2
Aylin;2;w;2
Barbara;2;w;2
Bella;2;w;2
Belén;2;w;2
Carmen;2;w;2
Catalina;2;w;2
Edita;2;w;2
Edith;2;w;2
Elena;2;w;2
Elif;2;w;2
Elina;2;w;2
Elvira;2;w;2
Emilie;2;w;2
Emily;2;w;2
Emmi;2;w;2
Fee;2;w;2
Franziska;2;w;2
Freya;2;w;2
Frida;2;w;2
Fritzi;2;w;2
Hafsa;2;w;2
Hava;2;w;2
Hedwig;2;w;2
Heidi;2;w;2
Helen;2;w;2
Imani;2;w;2
Ioana;2;w;2
Isabel;2;w;2
Ivy;2;w;2
Jael;2;w;2
Judith;2;w;2
Kaur;2;w;2
Klara;2;w;2
Laura;2;w;2
Leona;2;w;2
Liara;2;w;2
Lotta;2;w;2
Lynn;2;w;2
Madita;2;w;2
Magdalena;2;w;2
Malaya;2;w;2
Malina;2;w;2
Mari;2;w;2
Mariella;2;w;2
Marta;2;w;2
Martha;2;w;2
Marzena;2;w;2
Mathilde;2;w;2
Medina;2;w;2
Melina;2;w;2
Merle;2;w;2
Mia;2;w;2
Michelle;2;w;2
Mila;2;w;2
Nina;2;w;2
Nour;2;w;2
Oleksandrivna;2;w;2
Olivia;2;w;2
Ophelia;2;w;2
Paula;2;w;2
Rahel;2;w;2
Rashed;2;w;2
Rosi;2;w;2
Solea;2;w;2
Su;2;w;2
Susanna;2;w;2
Viktorivna;2;w;2
Viola;2;w;2
Wilhelmine;2;w;2
Zahra;2;w;2
Zoe;2;w;2
Zoé;2;w;2
Adam;2;m;2
Adrian;2;m;2
Aleksander;2;m;2
Amos;2;m;2
Andreas;2;m;2
Angelo;2;m;2
Antonius;2;m;2
Arthur;2;m;2
Arvid;2;m;2
Asad;2;m;2
Asaf;2;m;2
August;2;m;2
Azim;2;m;2
Bela;2;m;2
Bene;2;m;2
Benedikt;2;m;2
Clemens;2;m;2
Daniele;2;m;2
Darian;2;m;2
Deniz;2;m;2
Dieter;2;m;2
Dominik;2;m;2
Emmanuel;2;m;2
Emre;2;m;2
Etienne;2;m;2
Falk;2;m;2
Fernando;2;m;2
Florin;2;m;2
Francis;2;m;2
Francisco;2;m;2
Gustav;2;m;2
Hannes;2;m;2
Hans;2;m;2
Harry;2;m;2
Ian;2;m;2
Isa;2;m;2
Jibril;2;m;2
Joachim;2;m;2
Johan;2;m;2
John;2;m;2
Kaan;2;m;2
Kilian;2;m;2
Klaus;2;m;2
Konstantin;2;m;2
Kurt;2;m;2
Kwabena;2;m;2
Leano;2;m;2
Leonhard;2;m;2
Leonidas;2;m;2
Louis;2;m;2
Ludwig;2;m;2
Manuel;2;m;2
Marc;2;m;2
Maria;2;m;2
Markus;2;m;2
Marten;2;m;2
Mateo;2;m;2
Matti;2;m;2
Milan;2;m;2
Milo;2;m;2
Minh;2;m;2
Mohamed;2;m;2
Nelio;2;m;2
Niklas;2;m;2
Ole;2;m;2
Oscar;2;m;2
Phineas;2;m;2
Raphael;2;m;2
Rio;2;m;2
Rolf;2;m;2
Salvatore;2;m;2
Santiago;2;m;2
Sven;2;m;2
Theodor;2;m;2
Tim;2;m;2
Timur;2;m;2
Titus;2;m;2
Ulrich;2;m;2
Vincent;2;m;2
Vito;2;m;2
Werner;2;m;2
Willem;2;m;2
Willi;2;m;2
Anouk;2;w;3
Ellen;2;w;3
Helene;2;w;3
Helga;2;w;3
Isabell;2;w;3
Julie;2;w;3
Luise;2;w;3
Mansoor;2;w;3
Frederik;2;m;3
Friedrich;2;m;3
Heinrich;2;m;3
Joseph;2;m;3
Karl;2;m;3
Khamees;2;m;3
Maria;2;m;3
Wolfgang;2;m;3
Josef;2;m;4
Aarany;1;w;1
Aarika;1;w;1
Aasiyah;1;w;1
Abbygail;1;w;1
Achia;1;w;1
Adalie;1;w;1
Adama;1;w;1
Adele;1;w;1
Adelia;1;w;1
Adelya-Su;1;w;1
Adelya;1;w;1
Adia;1;w;1
Adira;1;w;1
Adriana-Lydia;1;w;1
Adriana;1;w;1
Adrienne;1;w;1
Adélie;1;w;1
Aelirenn;1;w;1
Afrin;1;w;1
Agnes;1;w;1
Agnieszka;1;w;1
Aiana;1;w;1
Aila;1;w;1
Aimee;1;w;1
Aimée;1;w;1
Ainoa;1;w;1
Aischa;1;w;1
Aisha;1;w;1
Aiyana;1;w;1
Ajna;1;w;1
Al;1;w;1
Aleha;1;w;1
Aleksandrina;1;w;1
Alexandra;1;w;1
Alicja;1;w;1
Aline;1;w;1
Alisa;1;w;1
Alisia;1;w;1
Alissia;1;w;1
Aliz;1;w;1
Aliza;1;w;1
Aljona;1;w;1
Almas;1;w;1
Altea;1;w;1
Alyssa;1;w;1
Amable;1;w;1
Amaliya;1;w;1
Ambla;1;w;1
Ambár;1;w;1
Amelie-Sohie;1;w;1
Amely;1;w;1
Amenah;1;w;1
Amia;1;w;1
Amla;1;w;1
Amália;1;w;1
Anays;1;w;1
Anaë;1;w;1
Andela;1;w;1
Angela;1;w;1
Angelina;1;w;1
Aniela;1;w;1
Anika;1;w;1
Anisa-Nour;1;w;1
Anna-Amalia;1;w;1
Anna-Lena;1;w;1
Anna-Solea;1;w;1
Annabel;1;w;1
Annabell;1;w;1
Annabella;1;w;1
Annabelle;1;w;1
Annaheidi;1;w;1
Annais;1;w;1
Anne;1;w;1
Anneli;1;w;1
Annemarie;1;w;1
Annie;1;w;1
Annik;1;w;1
Annisa;1;w;1
Antjana;1;w;1
Antonella;1;w;1
Anya;1;w;1
Apolline;1;w;1
Arba;1;w;1
Argiro;1;w;1
Ariana-Mia;1;w;1
Ariel;1;w;1
Arilena;1;w;1
Arinas;1;w;1
Ariola;1;w;1
Ariona;1;w;1
Arla;1;w;1
Asal;1;w;1
Asel;1;w;1
Ashwaaq;1;w;1
Asil;1;w;1
Asiya;1;w;1
Asma;1;w;1
Asmin;1;w;1
Assinat;1;w;1
Astrid;1;w;1
Athena;1;w;1
Athina-Souzi;1;w;1
Atika;1;w;1
Atrin;1;w;1
Austėja;1;w;1
Avesta;1;w;1
Aviana;1;w;1
Avigael;1;w;1
Avin;1;w;1
Avleen;1;w;1
Awin;1;w;1
Ayca;1;w;1
Ayleen;1;w;1
Ayumi;1;w;1
Azelya;1;w;1
Azra-Nur;1;w;1
Bahar;1;w;1
Barbara;1;w;1
Basma;1;w;1
Bassma;1;w;1
Bayan;1;w;1
Beatrice;1;w;1
Belinay;1;w;1
Bella;1;w;1
Belén;1;w;1
Benita;1;w;1
Berfin;1;w;1
Bernice;1;w;1
Bonita;1;w;1
Buna;1;w;1
Calea;1;w;1
Calita;1;w;1
Camila;1;w;1
Camilla;1;w;1
Cantiliana;1;w;1
Cara;1;w;1
Carli;1;w;1
Carlie;1;w;1
Caroline;1;w;1
Cassandra;1;w;1
Catalina;1;w;1
Celin;1;w;1
Celiné;1;w;1
Cennet;1;w;1
Chadul;1;w;1
Ciana;1;w;1
Ciara;1;w;1
Cindy;1;w;1
Claire;1;w;1
Clea;1;w;1
Clio;1;w;1
Cloé;1;w;1
Cléo;1;w;1
Constantin;1;w;1
Cora;1;w;1
Cornelia;1;w;1
Cyrine;1;w;1
Céleste;1;w;1
Daila;1;w;1
Daisy;1;w;1
Dalal;1;w;1
Daminika;1;w;1
Danica;1;w;1
Darina;1;w;1
Dayana;1;w;1
Debra;1;w;1
Delal;1;w;1
Delana;1;w;1
Delia-Elena;1;w;1
Delia;1;w;1
Delila;1;w;1
Deljin;1;w;1
Delvin;1;w;1
Diala;1;w;1
Diara-Asti;1;w;1
Diba;1;w;1
Dilay;1;w;1
Dilda;1;w;1
Dilya;1;w;1
Divine;1;w;1
Djamilatou;1;w;1
Doha;1;w;1
Dominika;1;w;1
Dorothea;1;w;1
Dounya;1;w;1
Dragana;1;w;1
Duha;1;w;1
Dunja;1;w;1
Ebba;1;w;1
Ecmel;1;w;1
Eda;1;w;1
Edijona;1;w;1
Ediona;1;w;1
Effi;1;w;1
Efsun;1;w;1
Eila;1;w;1
Eileen;1;w;1
Eillen;1;w;1
Eira;1;w;1
Ekhlas;1;w;1
Elana;1;w;1
Elara;1;w;1
Elayne;1;w;1
Eleanor;1;w;1
Elef;1;w;1
Elenie;1;w;1
Elenya;1;w;1
Eleonore;1;w;1
Elfie;1;w;1
Eliajood;1;w;1
Elim;1;w;1
Elinor;1;w;1
Elisa-Jana;1;w;1
Elisa-Marie;1;w;1
Elissa;1;w;1
Ellie;1;w;1
Eloise;1;w;1
Elyana;1;w;1
Emelie;1;w;1
Emilia-Marie;1;w;1
Emiliana;1;w;1
Emine;1;w;1
Emma-Marie;1;w;1
Emmi;1;w;1
Emna;1;w;1
Enea;1;w;1
Enissa;1;w;1
Enja;1;w;1
Enora;1;w;1
Erasmia;1;w;1
Esila;1;w;1
Esra;1;w;1
Esraa;1;w;1
Estelle-Marie;1;w;1
Ester;1;w;1
Esther;1;w;1
Eva-Maria;1;w;1
Evelin;1;w;1
Evelina-Ioana;1;w;1
Everlin;1;w;1
Ewurakua;1;w;1
Eyla;1;w;1
Eylül;1;w;1
Eyoram;1;w;1
Ezana;1;w;1
Ezmira;1;w;1
Faina;1;w;1
Federica;1;w;1
Feelina;1;w;1
Feeline;1;w;1
Fenu;1;w;1
Fiene;1;w;1
Fijona;1;w;1
Finya;1;w;1
Fjell;1;w;1
Florentine;1;w;1
Franka;1;w;1
Freda;1;w;1
Freyja;1;w;1
Fritza;1;w;1
Ganeh;1;w;1
Gasala;1;w;1
Georgina;1;w;1
Gesa;1;w;1
Gioia;1;w;1
Giulia-Mihaela;1;w;1
Giulia;1;w;1
Greatness;1;w;1
Guerila;1;w;1
Gwendolin;1;w;1
Gökçe;1;w;1
Gülsima;1;w;1
Hajar;1;w;1
Hala;1;w;1
Haley;1;w;1
Halima;1;w;1
Haly;1;w;1
Hanel;1;w;1
Hannes;1;w;1
Hanni;1;w;1
Hatice;1;w;1
Hatixhe;1;w;1
Hauraa;1;w;1
Havana;1;w;1
Hawa;1;w;1
Hayat;1;w;1
Hazal;1;w;1
Heba;1;w;1
Heela;1;w;1
Heidi;1;w;1
Helen;1;w;1
Helin;1;w;1
Hella;1;w;1
Henny;1;w;1
Henriette;1;w;1
Hermine;1;w;1
Hevin;1;w;1
Hewin;1;w;1
Hilah;1;w;1
Hilal;1;w;1
Hilda;1;w;1
Hilde;1;w;1
Hilla;1;w;1
Hira;1;w;1
Holly;1;w;1
Hortencia;1;w;1
Hoton;1;w;1
Houssna;1;w;1
Ida-Juna;1;w;1
Ida-Marie;1;w;1
Ikra;1;w;1
Ikram;1;w;1
Ikranur;1;w;1
Ilaria;1;w;1
Ilav;1;w;1
Ilayda;1;w;1
Iliana;1;w;1
Imaan;1;w;1
Imaani;1;w;1
Imani;1;w;1
Imelda;1;w;1
Inasse;1;w;1
Inès;1;w;1
Ipek;1;w;1
Irina;1;w;1
Irmak;1;w;1
Isabela;1;w;1
Isalie;1;w;1
Isra;1;w;1
Israa;1;w;1
Iséis;1;w;1
Iva;1;w;1
Ivy;1;w;1
İltifat;1;w;1
İnci;1;w;1
Jade;1;w;1
Jaimey;1;w;1
Jale;1;w;1
Jamie-Amy;1;w;1
Jamila;1;w;1
Janaya;1;w;1
Jasmina;1;w;1
Jemima;1;w;1
Jessica;1;w;1
Jeva;1;w;1
Jiza;1;w;1
Joanna;1;w;1
Joel;1;w;1
Joelle;1;w;1
Jolanda;1;w;1
Joleen;1;w;1
Jolene;1;w;1
Joliana;1;w;1
Joline;1;w;1
Josefin;1;w;1
Josi;1;w;1
Josina;1;w;1
Judy;1;w;1
Jula;1;w;1
Juliane;1;w;1
Julika;1;w;1
Juno;1;w;1
Kaia;1;w;1
Kajaana;1;w;1
Kaoutar;1;w;1
Kaouthar;1;w;1
Karina;1;w;1
Karinsalam;1;w;1
Karoline;1;w;1
Katalea;1;w;1
Katalia;1;w;1
Katalina;1;w;1
Kate;1;w;1
Kati;1;w;1
Kawtar;1;w;1
Kaya;1;w;1
Kayra;1;w;1
Kea;1;w;1
Keira;1;w;1
Keithlyn;1;w;1
Keltie;1;w;1
Ketan;1;w;1
Khadija;1;w;1
Kiana;1;w;1
Kirpan;1;w;1
Krystell;1;w;1
Kyra;1;w;1
Laila;1;w;1
Lana;1;w;1
Lani;1;w;1
Larrin;1;w;1
Latifa;1;w;1
Latyn;1;w;1
Laurelin;1;w;1
Lawania;1;w;1
Layana;1;w;1
Layell;1;w;1
Layla;1;w;1
Lea-Sophie;1;w;1
Leah;1;w;1
Leana;1;w;1
Leanna;1;w;1
Lehli;1;w;1
Leia-Johanna;1;w;1
Leilani;1;w;1
Lenia;1;w;1
Lenja;1;w;1
Lenora;1;w;1
Lenya;1;w;1
Leona;1;w;1
Letisia;1;w;1
Leya;1;w;1
Leyana;1;w;1
Leyna;1;w;1
Lia-Sophie;1;w;1
Lian;1;w;1
Libi;1;w;1
Lica;1;w;1
Lieke;1;w;1
Lielle;1;w;1
Lila;1;w;1
Lile;1;w;1
Lilian;1;w;1
Liliane;1;w;1
Lilija;1;w;1
Lilith;1;w;1
Lilja;1;w;1
Lillian;1;w;1
Lilliana;1;w;1
Lilly-Sophie;1;w;1
Lilou;1;w;1
Lily-Rose;1;w;1
Lima;1;w;1
Lina-Amira;1;w;1
Lina-Nour;1;w;1
Line;1;w;1
Lise;1;w;1
Lisha;1;w;1
Livie;1;w;1
Lizzy;1;w;1
Lmarina;1;w;1
Lodie;1;w;1
Loja;1;w;1
Loki;1;w;1
Loreley;1;w;1
Lorelie;1;w;1
Lorena;1;w;1
Lucinda;1;w;1
Lucía;1;w;1
Lujain;1;w;1
Lydia;1;w;1
Lylwen-Mai;1;w;1
Léanne-Alica;1;w;1
Mabel;1;w;1
Madeleine;1;w;1
Madina;1;w;1
Madison;1;w;1
Madita;1;w;1
Madou;1;w;1
Magdalene;1;w;1
Mahtot;1;w;1
Maida;1;w;1
Maike;1;w;1
Maila-Felicia;1;w;1
Maileen;1;w;1
Mailie;1;w;1
Maimuna;1;w;1
Maira;1;w;1
Maisie;1;w;1
Maivi;1;w;1
Maja-Sophie;1;w;1
Majda;1;w;1
Majlinda;1;w;1
Makaiah;1;w;1
Mala;1;w;1
Malaika;1;w;1
Malak;1;w;1
Maleen;1;w;1
Mali;1;w;1
Malia-Lynn;1;w;1
Maliah;1;w;1
Malika;1;w;1
Malon;1;w;1
Malvina;1;w;1
Malía;1;w;1
Mana;1;w;1
Manessa;1;w;1
Manissa;1;w;1
Manjot;1;w;1
Manuela;1;w;1
Marah;1;w;1
Mardiah;1;w;1
Margalita;1;w;1
Maria-Ariana;1;w;1
Maria-Theresa;1;w;1
Marianna;1;w;1
Marie-Chloé;1;w;1
Marieke;1;w;1
Marilyn;1;w;1
Marisa;1;w;1
Mariya;1;w;1
Mariyam;1;w;1
Marlena;1;w;1
Marly;1;w;1
Maroua;1;w;1
Marron;1;w;1
Marta;1;w;1
Martha-Friederike;1;w;1
Marwa;1;w;1
Mary;1;w;1
Masal;1;w;1
Matthea;1;w;1
Mauadda;1;w;1
Maude;1;w;1
Maui;1;w;1
Maxima;1;w;1
May;1;w;1
Maymuna;1;w;1
Medeea;1;w;1
Mei;1;w;1
Melena;1;w;1
Melike;1;w;1
Melin;1;w;1
Melinay;1;w;1
Melis;1;w;1
Melisa-Teodora;1;w;1
Mencia;1;w;1
Menissa;1;w;1
Mercan;1;w;1
Merle-Lou;1;w;1
Merna;1;w;1
Meva;1;w;1
Mey;1;w;1
Meyra;1;w;1
Mezgin;1;w;1
Mia-Luana;1;w;1
Mia-Virginia;1;w;1
Michelle-Leonie;1;w;1
Michelle;1;w;1
Mihra;1;w;1
Mihrimah;1;w;1
Mika;1;w;1
Mila-Mavie;1;w;1
Milay;1;w;1
Milda;1;w;1
Milica;1;w;1
Militsa;1;w;1
Milly;1;w;1
Milya;1;w;1
Mimi;1;w;1
Minea;1;w;1
Minela;1;w;1
Minha;1;w;1
Minissah;1;w;1
Minou;1;w;1
Mirabel;1;w;1
Mirabella;1;w;1
Mirabelle;1;w;1
Mirha;1;w;1
Miriyam;1;w;1
Mirna;1;w;1
Mitra;1;w;1
Mjalta;1;w;1
Moana-Soleya;1;w;1
Mobina;1;w;1
Momo;1;w;1
Mona-Lou;1;w;1
Musa;1;w;1
Muskan;1;w;1
Myra;1;w;1
Myroslava;1;w;1
Na'ilah;1;w;1
Naba;1;w;1
Nabha;1;w;1
Nadin;1;w;1
Naila;1;w;1
Nailien;1;w;1
Nakkhotriki;1;w;1
Nana;1;w;1
Nane;1;w;1
Narien;1;w;1
Narin;1;w;1
Nathalia;1;w;1
Naya;1;w;1
Nayla;1;w;1
Nazira;1;w;1
Naznin;1;w;1
Nazwa;1;w;1
Nea;1;w;1
Nefes;1;w;1
Nehaish;1;w;1
Nehir;1;w;1
Nela;1;w;1
Nelia;1;w;1
Neliah;1;w;1
Nella;1;w;1
Nephthys;1;w;1
Nergjivane;1;w;1
Ngoune;1;w;1
Nigina;1;w;1
Nikalina;1;w;1
Nike;1;w;1
Nil;1;w;1
Nilah;1;w;1
Ninette;1;w;1
Nièl;1;w;1
Noa;1;w;1
Noelia;1;w;1
Nola;1;w;1
Norelle;1;w;1
Noura;1;w;1
Noursine;1;w;1
Nourtahj;1;w;1
Nout;1;w;1
Nsaba;1;w;1
Nupelda;1;w;1
Nur;1;w;1
Nuri;1;w;1
Nursin;1;w;1
Nyla;1;w;1
Oboshie;1;w;1
Odine;1;w;1
Oghogho;1;w;1
Orla;1;w;1
Osariemen;1;w;1
Otilia;1;w;1
Paavni;1;w;1
Palina;1;w;1
Pallha;1;w;1
Paola;1;w;1
Parajsa;1;w;1
Parid;1;w;1
Paula-Noren;1;w;1
Penelope;1;w;1
Perihan;1;w;1
Philine;1;w;1
Philippa;1;w;1
Pippa;1;w;1
Pola;1;w;1
Polli;1;w;1
Quinn;1;w;1
Rafaela;1;w;1
Rahaf;1;w;1
Rahma;1;w;1
Raia;1;w;1
Raisa;1;w;1
Rajna;1;w;1
Rajnandini;1;w;1
Rasha;1;w;1
Ravza;1;w;1
Rawassi;1;w;1
Razzal;1;w;1
Reema;1;w;1
Reka;1;w;1
Remi;1;w;1
Resa;1;w;1
Retan;1;w;1
Reyna;1;w;1
Reyyan;1;w;1
Rhea;1;w;1
Ria;1;w;1
Rieke;1;w;1
Rihab;1;w;1
Rihanna;1;w;1
Rita;1;w;1
Rivana;1;w;1
Riyaan;1;w;1
Riyah;1;w;1
Robin;1;w;1
Robyn;1;w;1
Roena;1;w;1
Roeya;1;w;1
Rofia;1;w;1
Romaysa;1;w;1
Romina;1;w;1
Rona;1;w;1
Ronahi;1;w;1
Ronida;1;w;1
Rosa-Sophie;1;w;1
Rosaline;1;w;1
Roya;1;w;1
Roza;1;w;1
Rozalia;1;w;1
Rukaya;1;w;1
Rumaysa;1;w;1
Sabiha;1;w;1
Sabrina;1;w;1
Sadia;1;w;1
Sadije;1;w;1
Safinaz;1;w;1
Sagal;1;w;1
Sainab;1;w;1
Saisha;1;w;1
Saja;1;w;1
Saliha;1;w;1
Sally;1;w;1
Salome;1;w;1
Saly;1;w;1
Sama;1;w;1
Samantha;1;w;1
Sarahmariam;1;w;1
Sarina;1;w;1
Saveliia;1;w;1
Saveria;1;w;1
Schadia;1;w;1
Schahi;1;w;1
Sehar;1;w;1
Selena;1;w;1
Selma;1;w;1
Sena;1;w;1
Sephora;1;w;1
Sevdi;1;w;1
Sevdiye;1;w;1
Shahi;1;w;1
Shalom;1;w;1
Shams;1;w;1
Shanvi;1;w;1
Sharanya;1;w;1
Sherina;1;w;1
Shiloh;1;w;1
Siara;1;w;1
Sidra;1;w;1
Sila;1;w;1
Silvana;1;w;1
Simaf;1;w;1
Simay;1;w;1
Simona;1;w;1
Sinin;1;w;1
Sirine;1;w;1
Skadi;1;w;1
Smilla;1;w;1
Sofie;1;w;1
Sofja;1;w;1
Soha;1;w;1
Soliana;1;w;1
Solène;1;w;1
Sora;1;w;1
Soraya;1;w;1
Soulin;1;w;1
Souraya;1;w;1
Stefania;1;w;1
Stefanie;1;w;1
Stefaniia;1;w;1
Suheila;1;w;1
Suki;1;w;1
Sulamita;1;w;1
Susana;1;w;1
Susanne;1;w;1
Suyana;1;w;1
Sveva;1;w;1
Swantje;1;w;1
Sóley;1;w;1
Talea;1;w;1
Talin;1;w;1
Talitha;1;w;1
Talvi;1;w;1
Tamara;1;w;1
Tamina;1;w;1
Tasnima;1;w;1
Teodora;1;w;1
Teona;1;w;1
Tesnim;1;w;1
Teutë;1;w;1
Theda;1;w;1
Theodora;1;w;1
Theona;1;w;1
Theres;1;w;1
Theresa-Marie;1;w;1
Thiana;1;w;1
Thilda;1;w;1
Thorvi;1;w;1
Tiara;1;w;1
Tinashe;1;w;1
Tolin;1;w;1
Tova;1;w;1
Trudi;1;w;1
Una;1;w;1
Valea;1;w;1
Veda;1;w;1
Venecia;1;w;1
Vera;1;w;1
Veronika;1;w;1
Via;1;w;1
Vida;1;w;1
Violeta;1;w;1
Vitalina;1;w;1
Viviana;1;w;1
Vivienne;1;w;1
Volana;1;w;1
Wanda;1;w;1
Waten;1;w;1
Wiebke;1;w;1
Winia;1;w;1
Wissal;1;w;1
Xenia;1;w;1
Yarha;1;w;1
Yasmina;1;w;1
Yasmine;1;w;1
Yaël;1;w;1
Yekaterina;1;w;1
Yixi;1;w;1
Ylenia;1;w;1
Ylvi;1;w;1
Yousra;1;w;1
Yusra;1;w;1
Yva;1;w;1
Zainab;1;w;1
Zara;1;w;1
Zaynab;1;w;1
Zenat;1;w;1
Zerya;1;w;1
Zeynab;1;w;1
Zinachimdi;1;w;1
Zinat;1;w;1
Zine;1;w;1
Zisoula;1;w;1
Ziyana;1;w;1
Zlata;1;w;1
Zohal;1;w;1
Zoja;1;w;1
Zophja;1;w;1
Züleyha;1;w;1
Élise;1;w;1
Öykü;1;w;1
Şevin;1;w;1
Aaaron;1;m;1
Aadhvik;1;m;1
Aarón;1;m;1
Abdelwahab;1;m;1
Abdirahman;1;m;1
Abobaker;1;m;1
Abu;1;m;1
Adel;1;m;1
Admir;1;m;1
Adnan;1;m;1
Adriano;1;m;1
Adrien;1;m;1
Advaith;1;m;1
Afrim;1;m;1
Agaran;1;m;1
Agon;1;m;1
Ahaan;1;m;1
Aidan;1;m;1
Aimo;1;m;1
Aitor;1;m;1
Akef;1;m;1
Akil;1;m;1
Akito;1;m;1
Al-Najashi;1;m;1
Alamir;1;m;1
Aland;1;m;1
Alaz;1;m;1
Alehandro;1;m;1
Alen;1;m;1
Alend;1;m;1
Aleo;1;m;1
Alessio;1;m;1
Alexandro;1;m;1
Alexandru;1;m;1
Alexis;1;m;1
Ali-Han;1;m;1
Alican;1;m;1
Alkev;1;m;1
Alnois;1;m;1
Alois;1;m;1
Alp;1;m;1
Alparslan-Bulut;1;m;1
Alvar;1;m;1
Alvaro;1;m;1
Alvin;1;m;1
Aman;1;m;1
Amanti;1;m;1
Amari;1;m;1
Ameljo;1;m;1
Anay;1;m;1
Andreas;1;m;1
Andrzej;1;m;1
Anel;1;m;1
Anestis;1;m;1
Ange;1;m;1
Angel;1;m;1
Angelos-Marios;1;m;1
Anid;1;m;1
Anno;1;m;1
Anthony;1;m;1
Antonino;1;m;1
Aous;1;m;1
Aram;1;m;1
Aran;1;m;1
Arben;1;m;1
Ardit;1;m;1
Aref;1;m;1
Arel;1;m;1
Ari;1;m;1
Arif;1;m;1
Arijan;1;m;1
Arik;1;m;1
Arin;1;m;1
Ario;1;m;1
Ariol;1;m;1
Aris;1;m;1
Aristeas;1;m;1
Arj;1;m;1
Arjun;1;m;1
Arn;1;m;1
Arnfynn;1;m;1
Arno;1;m;1
Arnold;1;m;1
Arsenii;1;m;1
Arsèn;1;m;1
Artur;1;m;1
Arvid;1;m;1
Asher;1;m;1
Ashraf;1;m;1
Assem;1;m;1
Atahan;1;m;1
Ateş-Hüseyin;1;m;1
Atharv;1;m;1
Atlas;1;m;1
Atreju;1;m;1
August;1;m;1
Augustas;1;m;1
Austin;1;m;1
Ayaan;1;m;1
Ayhan;1;m;1
Aymen;1;m;1
Ayo;1;m;1
Ayoub;1;m;1
Azlan;1;m;1
Bagdan;1;m;1
Bakr;1;m;1
Baraa;1;m;1
Baris;1;m;1
Basel;1;m;1
Bashir;1;m;1
Bassel;1;m;1
Batuhan;1;m;1
Behzad;1;m;1
Ben-Matteo;1;m;1
Ben-Ole;1;m;1
Benedict;1;m;1
Bennet;1;m;1
Bennett;1;m;1
Bent;1;m;1
Bente;1;m;1
Benyamin;1;m;1
Berat;1;m;1
Blerim;1;m;1
Bo;1;m;1
Bogdan;1;m;1
Boran;1;m;1
Borna;1;m;1
Brandon;1;m;1
Brois;1;m;1
Bryan-Leonhard;1;m;1
Buhejs;1;m;1
Bulut;1;m;1
Béla;1;m;1
Cajus;1;m;1
Casian-Ionuţ;1;m;1
Cassian;1;m;1
Cassiel;1;m;1
Cemil;1;m;1
Cesare;1;m;1
Charles;1;m;1
Chimy;1;m;1
Christiano;1;m;1
Christos;1;m;1
Cian;1;m;1
Claas;1;m;1
Colin;1;m;1
Conan;1;m;1
Conner;1;m;1
Cornelius;1;m;1
Cristiano;1;m;1
Damien;1;m;1
Damir;1;m;1
Danial;1;m;1
Danielius;1;m;1
Daniil;1;m;1
Danny;1;m;1
Danyel;1;m;1
Darin;1;m;1
Darius;1;m;1
Dastin;1;m;1
Davi;1;m;1
Davide;1;m;1
Dean;1;m;1
Deandre;1;m;1
Deivi;1;m;1
Deivid;1;m;1
Delcan;1;m;1
Demian;1;m;1
Denis;1;m;1
Deniz;1;m;1
Dennis;1;m;1
Denys;1;m;1
Derman;1;m;1
Devin;1;m;1
Dhruv;1;m;1
Dian;1;m;1
Diego;1;m;1
Dielli;1;m;1
Dijan;1;m;1
Diko;1;m;1
Dilyan;1;m;1
Dimitrios;1;m;1
Dionys;1;m;1
Diyabllo;1;m;1
Diyako;1;m;1
Djibril;1;m;1
Dmitrij;1;m;1
Doan;1;m;1
Dominic;1;m;1
Dominick;1;m;1
Doruk;1;m;1
Dren;1;m;1
Ebubekir;1;m;1
Eden;1;m;1
Edin;1;m;1
Edion;1;m;1
Ediz;1;m;1
Edvin;1;m;1
Edward;1;m;1
Efrem;1;m;1
Eli;1;m;1
Eliakim;1;m;1
Elias-Noel;1;m;1
Elija;1;m;1
Elijah;1;m;1
Elmo;1;m;1
Elton;1;m;1
Elvin;1;m;1
Elyas;1;m;1
Elyasa;1;m;1
Elyes;1;m;1
Eman;1;m;1
Emilijan;1;m;1
Emirhan;1;m;1
Emmanuel;1;m;1
Emmerich;1;m;1
Enar;1;m;1
Eneas;1;m;1
Enes;1;m;1
Engin;1;m;1
Enli;1;m;1
Enoa;1;m;1
Ensar;1;m;1
Enzo;1;m;1
Eray;1;m;1
Ercan;1;m;1
Eric-Matei;1;m;1
Ernesto;1;m;1
Esay;1;m;1
Evan;1;m;1
Eyas;1;m;1
Eyaz;1;m;1
Eyyub;1;m;1
Ezekiel;1;m;1
Ezel;1;m;1
Fabijan;1;m;1
Fabius;1;m;1
Fabrice;1;m;1
Fahad;1;m;1
Falk;1;m;1
Faolân;1;m;1
Farag;1;m;1
Faris;1;m;1
Farzad;1;m;1
Fatehveer;1;m;1
Fayaz;1;m;1
Felician;1;m;1
Fenris;1;m;1
Fidelis;1;m;1
Filippos;1;m;1
Filius;1;m;1
Finjas;1;m;1
Flinn;1;m;1
Flynn;1;m;1
Franz;1;m;1
Fred;1;m;1
Fridtjof;1;m;1
Friedemann;1;m;1
Frieder;1;m;1
Félisc;1;m;1
Gabrijel;1;m;1
Gent;1;m;1
Gentian;1;m;1
Georg;1;m;1
Georgios;1;m;1
Gerd;1;m;1
Gergő-József;1;m;1
Ghaith;1;m;1
Gideon;1;m;1
Gino;1;m;1
Giorgio;1;m;1
Girinatha;1;m;1
Giuliano;1;m;1
Glauk;1;m;1
Gregor;1;m;1
Gökdeniz;1;m;1
Güney;1;m;1
Hadson;1;m;1
Hafsa;1;m;1
Hajo;1;m;1
Hakan;1;m;1
Halid-Nazar;1;m;1
Hamid;1;m;1
Hamo;1;m;1
Harry;1;m;1
Hector;1;m;1
Helge;1;m;1
Henni;1;m;1
Hisham;1;m;1
Hudhayfah;1;m;1
Humam;1;m;1
Hunter;1;m;1
Husein;1;m;1
Hüseyin;1;m;1
Hızır;1;m;1
Ian;1;m;1
Ignacio;1;m;1
Ihsan;1;m;1
Ijaad;1;m;1
Iliyas;1;m;1
Ilya;1;m;1
Ilyan;1;m;1
Imad;1;m;1
Imran-Houd;1;m;1
Ioachim;1;m;1
Ionas;1;m;1
Isaac;1;m;1
Ishak;1;m;1
Ismail;1;m;1
Iulius;1;m;1
Ivan-Emanuel;1;m;1
Ivo;1;m;1
İlhan;1;m;1
İsa;1;m;1
Jabal;1;m;1
Jackson;1;m;1
Jad;1;m;1
Jadon;1;m;1
Jair;1;m;1
Jakoub;1;m;1
Jakub;1;m;1
Jamie;1;m;1
Jan-Ferdinand;1;m;1
Jana;1;m;1
Janis;1;m;1
Jann;1;m;1
Jarema;1;m;1
Jarle;1;m;1
Jarmo;1;m;1
Jaron;1;m;1
Jasin;1;m;1
Jawad;1;m;1
Jayden-Eliam;1;m;1
Jegor;1;m;1
Jens;1;m;1
Jesaja;1;m;1
Jesse;1;m;1
Jim;1;m;1
Jimmy;1;m;1
Jiyan;1;m;1
Joao;1;m;1
Joar;1;m;1
Jonar;1;m;1
Jonne;1;m;1
Joost;1;m;1
Jordi;1;m;1
Jori;1;m;1
Jorik;1;m;1
Joschka;1;m;1
Joschua;1;m;1
Josh;1;m;1
Josha;1;m;1
Joshua-Nathan;1;m;1
Josué;1;m;1
Jovan;1;m;1
Jud;1;m;1
Jude;1;m;1
Judy;1;m;1
Jukka;1;m;1
Julien;1;m;1
Julio;1;m;1
Junaid;1;m;1
Junius;1;m;1
Jupp;1;m;1
Jörg;1;m;1
Jürgen;1;m;1
Kaacem;1;m;1
Kai;1;m;1
Kais;1;m;1
Kaito;1;m;1
Kaleb;1;m;1
Kamal;1;m;1
Kamil;1;m;1
Karim;1;m;1
Karlo;1;m;1
Kasim;1;m;1
Kasimir;1;m;1
Kasvara;1;m;1
Kava;1;m;1
Keanu;1;m;1
Kejan;1;m;1
Kejsan;1;m;1
Keleti;1;m;1
Kemal;1;m;1
Kenan;1;m;1
Kerem;1;m;1
Keyan;1;m;1
Khalid;1;m;1
Khalil;1;m;1
Khelil;1;m;1
Kiam;1;m;1
Kiano;1;m;1
Kiart;1;m;1
Kigen;1;m;1
Killian;1;m;1
Kiyamehr;1;m;1
Kjell;1;m;1
Koa;1;m;1
Konstantinos;1;m;1
Konstanty;1;m;1
Kostja;1;m;1
Kris;1;m;1
Krishna;1;m;1
Kristan;1;m;1
Kubilay;1;m;1
Kurt;1;m;1
Kusai;1;m;1
Kyan;1;m;1
Kyanos;1;m;1
Kylian;1;m;1
Laith;1;m;1
Lalo;1;m;1
Lamar;1;m;1
Lat-Dior;1;m;1
Latif;1;m;1
Leandro-Marcel;1;m;1
Leandros;1;m;1
Leevi;1;m;1
Leif;1;m;1
Lenard;1;m;1
Lenas;1;m;1
Lennert;1;m;1
Lenni;1;m;1
Lenny;1;m;1
Leon-Vladimir;1;m;1
Leonardo-Fabrizio;1;m;1
Leonidas;1;m;1
Levent;1;m;1
Levi-Matteo;1;m;1
Levi-Noel;1;m;1
Lewi;1;m;1
Leyan-Eren;1;m;1
Leyv;1;m;1
Liam-Esat;1;m;1
Lian-Christian;1;m;1
Limar;1;m;1
Lirian;1;m;1
Liyan;1;m;1
Loffe;1;m;1
Logan;1;m;1
Lohan;1;m;1
Lorans;1;m;1
Lorenzo;1;m;1
Lorik;1;m;1
Louin;1;m;1
Lounis;1;m;1
Loïs;1;m;1
Luan-Dean;1;m;1
Luc;1;m;1
Lucio;1;m;1
Lugan;1;m;1
Luis-Mike;1;m;1
Lukasz;1;m;1
Luke;1;m;1
Luqman;1;m;1
Lutz;1;m;1
Lyonel;1;m;1
Léo;1;m;1
Lúcio;1;m;1
Maceo;1;m;1
Mahdi;1;m;1
Mahir-Sufi;1;m;1
Mahmut;1;m;1
Maik;1;m;1
Maikel;1;m;1
Majd;1;m;1
Maksim;1;m;1
Mal;1;m;1
Maleo;1;m;1
Malih;1;m;1
Malo-Filian;1;m;1
Malu;1;m;1
Mamadou;1;m;1
Mamdouh;1;m;1
Mando;1;m;1
Marcus;1;m;1
Marek;1;m;1
Marian;1;m;1
Mario;1;m;1
Markos;1;m;1
Markus;1;m;1
Maro;1;m;1
Marson;1;m;1
Mason;1;m;1
Matei;1;m;1
Mathew;1;m;1
Mathi;1;m;1
Mathias;1;m;1
Matia;1;m;1
Matin;1;m;1
Mattheo;1;m;1
Matthew;1;m;1
Matthia;1;m;1
Maurizio;1;m;1
Mav;1;m;1
Maximilan;1;m;1
Maxwell;1;m;1
Mazin;1;m;1
Mehran;1;m;1
Merlin;1;m;1
Merlind;1;m;1
Mervan;1;m;1
Mete;1;m;1
Mevlut;1;m;1
Micha;1;m;1
Michail;1;m;1
Michał;1;m;1
Mik;1;m;1
Mikan;1;m;1
Mike;1;m;1
Miko;1;m;1
Milan-Karam;1;m;1
Milas;1;m;1
Miles;1;m;1
Milkas;1;m;1
Milow;1;m;1
Miqayel;1;m;1
Mirac;1;m;1
Miracle;1;m;1
Miraç;1;m;1
Mirko;1;m;1
Miroslav;1;m;1
Mirzan;1;m;1
Miró;1;m;1
Miłosz;1;m;1
Moftah;1;m;1
Moheed;1;m;1
Moncef;1;m;1
Moussa;1;m;1
Muchammad;1;m;1
Muhktar;1;m;1
Mumier;1;m;1
Mumtaz;1;m;1
Musab;1;m;1
Mussa;1;m;1
Mykel;1;m;1
Mylan;1;m;1
Myles;1;m;1
Mylo;1;m;1
Márcio;1;m;1
Nadir;1;m;1
Najib;1;m;1
Narciso;1;m;1
Nasser;1;m;1
Nataniel;1;m;1
Nathanel;1;m;1
Natnael;1;m;1
Navid;1;m;1
Naél;1;m;1
Nevio;1;m;1
Nic;1;m;1
Nicholas;1;m;1
Nickita;1;m;1
Nikolay;1;m;1
Nil;1;m;1
Nilan;1;m;1
Noa;1;m;1
Noah-Hassan;1;m;1
Noé;1;m;1
Nuh;1;m;1
Numan;1;m;1
Nuno;1;m;1
Nurallah;1;m;1
Oguz;1;m;1
Okan;1;m;1
Omer;1;m;1
Onur;1;m;1
Oomays;1;m;1
Orhan;1;m;1
Otis;1;m;1
Ouais;1;m;1
Ovidiu;1;m;1
Owais;1;m;1
Pablo;1;m;1
Panagiotis;1;m;1
Patric;1;m;1
Patrizio;1;m;1
Paul-Leonard;1;m;1
Paul-Luke;1;m;1
Paule;1;m;1
Peer;1;m;1
Petar;1;m;1
Peter;1;m;1
Philias;1;m;1
Philos;1;m;1
Phineus;1;m;1
Pieter;1;m;1
Pietro;1;m;1
Piyus;1;m;1
Poyraz-Efe;1;m;1
Priel;1;m;1
Qasim;1;m;1
Qaswara;1;m;1
Quentin;1;m;1
Quin;1;m;1
Quinn;1;m;1
Racine;1;m;1
Radu;1;m;1
Ragnar;1;m;1
Rahman;1;m;1
Raik;1;m;1
Rajan;1;m;1
Rajjan;1;m;1
Raman;1;m;1
Ramiro;1;m;1
Ramón;1;m;1
Remi;1;m;1
Renas;1;m;1
Reo;1;m;1
Resul;1;m;1
Riccardo;1;m;1
Rick;1;m;1
Riko;1;m;1
Rio;1;m;1
Rios;1;m;1
Rithik;1;m;1
Riyan;1;m;1
Roald;1;m;1
Roan;1;m;1
Roberto;1;m;1
Roi-Halil;1;m;1
Roj;1;m;1
Romeo;1;m;1
Ronny;1;m;1
Rrezon;1;m;1
Rudi;1;m;1
Rufus;1;m;1
Rukan;1;m;1
Rune;1;m;1
Ryo;1;m;1
Saayer;1;m;1
Saba;1;m;1
Sabri;1;m;1
Safouan;1;m;1
Sahel;1;m;1
Saian;1;m;1
Saif;1;m;1
Sakaria;1;m;1
Salah;1;m;1
Salih;1;m;1
Samad;1;m;1
Sameer;1;m;1
Samin;1;m;1
Sammy;1;m;1
Samrat;1;m;1
Samuel-Ayaz;1;m;1
Samy;1;m;1
Sandro;1;m;1
Saphir;1;m;1
Saro;1;m;1
Satvik;1;m;1
Sead;1;m;1
Sean;1;m;1
Sebghatullah;1;m;1
Sejdi;1;m;1
Semih;1;m;1
Seoin;1;m;1
Sepehr;1;m;1
Serafim;1;m;1
Serhat;1;m;1
Seyed;1;m;1
Seyid;1;m;1
Shahin;1;m;1
Shamsedin;1;m;1
Shani;1;m;1
Shivansh;1;m;1
Shlok;1;m;1
Silab;1;m;1
Silvio;1;m;1
Silviu;1;m;1
Silèye;1;m;1
Simen;1;m;1
Sinan;1;m;1
Sinkoni;1;m;1
Sinoel;1;m;1
Skali;1;m;1
Sokratis;1;m;1
Sonny;1;m;1
Stefan;1;m;1
Stepan;1;m;1
Stephan;1;m;1
Sulaiman;1;m;1
Sulayman;1;m;1
Sven;1;m;1
Süleyman;1;m;1
Taim;1;m;1
Talha;1;m;1
Tamer;1;m;1
Tamim;1;m;1
Tamino;1;m;1
Tamo;1;m;1
Tarek;1;m;1
Tarik-Chaib;1;m;1
Taym;1;m;1
Teo;1;m;1
Teodor;1;m;1
Teoman;1;m;1
Tetelestai;1;m;1
Thibault;1;m;1
Thorben;1;m;1
Tibo;1;m;1
Tidiane;1;m;1
Ties;1;m;1
Tijs;1;m;1
Timeo;1;m;1
Timotheo;1;m;1
Timothy;1;m;1
Timothée;1;m;1
Timur;1;m;1
Tin;1;m;1
Tius;1;m;1
Tizian;1;m;1
Tommi;1;m;1
Torbjörn;1;m;1
Tore;1;m;1
Tota;1;m;1
Tymon;1;m;1
Ubaida;1;m;1
Ubejd;1;m;1
Uliks;1;m;1
Umeyr;1;m;1
Umran;1;m;1
Uraz;1;m;1
Urs;1;m;1
Vadim;1;m;1
Valerio;1;m;1
Vigo;1;m;1
Vijay;1;m;1
Vincenzo;1;m;1
Vinzent;1;m;1
Vitaly;1;m;1
Vito;1;m;1
Vlad;1;m;1
Wadih;1;m;1
Walker;1;m;1
Wasim;1;m;1
Wesley;1;m;1
Wihan;1;m;1
Wilke;1;m;1
Willem;1;m;1
Wisdom;1;m;1
Wissam;1;m;1
Wito;1;m;1
Wiyam;1;m;1
Wyatt;1;m;1
Xavi;1;m;1
Xhafer;1;m;1
Xhezmi;1;m;1
Yagiz;1;m;1
Yago;1;m;1
Yakob;1;m;1
Yakup;1;m;1
Yamaç;1;m;1
Yanel;1;m;1
Yanis;1;m;1
Yannick;1;m;1
Yaser;1;m;1
Yavuz-Selim;1;m;1
Yigit;1;m;1
Yisakor;1;m;1
Yixuan;1;m;1
Yiğit;1;m;1
Ylian;1;m;1
Yoel;1;m;1
Yossi;1;m;1
Younus;1;m;1
Yug;1;m;1
Yunas;1;m;1
Zacharias;1;m;1
Zaid;1;m;1
Zaker;1;m;1
Zarian;1;m;1
Zein;1;m;1
Zemikael;1;m;1
Zeyd;1;m;1
Zeyn;1;m;1
Zharo-Niyaz;1;m;1
Zhi;1;m;1
Zidan;1;m;1
Zion;1;m;1
Ziya;1;m;1
Ziyan;1;m;1
Zlatomir;1;m;1
Zubeyr;1;m;1
Zulfekar;1;m;1
Ábel;1;m;1
Ádám;1;m;1
Çinar;1;m;1
Çınar;1;m;1
Şerzan;1;m;1
Abdalla;1;w;2
Abeba;1;w;2
Abiya;1;w;2
Ada;1;w;2
Adana;1;w;2
Adeline;1;w;2
Adema;1;w;2
Adriana;1;w;2
Afia-Antwiaa;1;w;2
Agathe;1;w;2
Ahmad;1;w;2
Aiba;1;w;2
Aida;1;w;2
Aila;1;w;2
Aimen;1;w;2
Akua;1;w;2
Alaa;1;w;2
Alba;1;w;2
Alea;1;w;2
Alessandra;1;w;2
Alia;1;w;2
Alicja;1;w;2
Alina;1;w;2
Alix;1;w;2
Alma;1;w;2
Alvi;1;w;2
Alya;1;w;2
Amal;1;w;2
Amala;1;w;2
Amara;1;w;2
Amelie;1;w;2
Amely;1;w;2
Amilia;1;w;2
Amina;1;w;2
Amélie;1;w;2
An;1;w;2
Anatolya;1;w;2
Anaya;1;w;2
Andriivna;1;w;2
Angelina;1;w;2
Anita;1;w;2
Anja;1;w;2
Anke;1;w;2
Anna-Maria;1;w;2
Annabelle;1;w;2
Annaluz;1;w;2
Anne;1;w;2
Anneli;1;w;2
Anni;1;w;2
Annie;1;w;2
Anny;1;w;2
Anouk;1;w;2
Antonina;1;w;2
Antonovna;1;w;2
Aria;1;w;2
Arinelle;1;w;2
Arwen;1;w;2
Arya;1;w;2
Asanova;1;w;2
Ashanti;1;w;2
Ashish;1;w;2
Astrid;1;w;2
Ataievna;1;w;2
Aura;1;w;2
Auri;1;w;2
Aurora;1;w;2
Awa;1;w;2
Ayaba;1;w;2
Ayliz;1;w;2
Ayse;1;w;2
Ayşem;1;w;2
Azad;1;w;2
Babirye;1;w;2
Banou;1;w;2
Beatrice;1;w;2
Behati;1;w;2
Belle;1;w;2
Birgit;1;w;2
Brigitte;1;w;2
Buruj;1;w;2
Calla;1;w;2
Carlota;1;w;2
Carolina;1;w;2
Caroline;1;w;2
Cataleya;1;w;2
Catharina;1;w;2
Cathleen;1;w;2
Cattleya;1;w;2
Cecilia;1;w;2
Cecily;1;w;2
Celina;1;w;2
Celine;1;w;2
Chiara;1;w;2
Chimamanda;1;w;2
Chrisanthi;1;w;2
Christa;1;w;2
Christin;1;w;2
Cielle;1;w;2
Claudia;1;w;2
Cleo;1;w;2
Colonia;1;w;2
Coralie;1;w;2
Corazon;1;w;2
Corinna;1;w;2
Cäcilia;1;w;2
Célest;1;w;2
Céline;1;w;2
Daniyarkyzy;1;w;2
Darline;1;w;2
Delight;1;w;2
Denisa;1;w;2
Derin;1;w;2
Diana;1;w;2
Dianett;1;w;2
Donata;1;w;2
Dora;1;w;2
Dorthea;1;w;2
Dua;1;w;2
Ebube;1;w;2
Ece;1;w;2
Eda;1;w;2
Edda;1;w;2
Eden;1;w;2
Edwina;1;w;2
Efnan;1;w;2
Ela;1;w;2
Elaine;1;w;2
Elea;1;w;2
Eleanor;1;w;2
Eleni;1;w;2
Eleonora;1;w;2
Elham;1;w;2
Elia;1;w;2
Elisha;1;w;2
Eliza;1;w;2
Elizabeth;1;w;2
Ella;1;w;2
Ellen;1;w;2
Elli;1;w;2
Elly;1;w;2
Elyana;1;w;2
Emiliya;1;w;2
Emma;1;w;2
Estelle;1;w;2
Esther;1;w;2
Estrella;1;w;2
Eva-Maria;1;w;2
Evelyn;1;w;2
Ewa;1;w;2
Fabienne;1;w;2
Farin;1;w;2
Fatima;1;w;2
Feli;1;w;2
Felix;1;w;2
Felizia;1;w;2
Filipa;1;w;2
Fine;1;w;2
Finja;1;w;2
Fiona;1;w;2
Firdevs;1;w;2
Fjella;1;w;2
Flora;1;w;2
Florence;1;w;2
Florianne;1;w;2
Frances;1;w;2
Frederike;1;w;2
Friederike;1;w;2
Friedrike;1;w;2
Gabriele;1;w;2
Gabrielle;1;w;2
Georgia;1;w;2
Gerda;1;w;2
Gina;1;w;2
Gisou;1;w;2
Gwen;1;w;2
Gyamfua;1;w;2
Gül;1;w;2
Gülizar;1;w;2
Hadies;1;w;2
Hadiza;1;w;2
Hailey;1;w;2
Hanifa;1;w;2
Hannah;1;w;2
Hashim;1;w;2
Havva;1;w;2
Hayat;1;w;2
Hazel;1;w;2
Hela;1;w;2
Heli;1;w;2
Henrietta;1;w;2
Hermine;1;w;2
Hilal;1;w;2
Hilda;1;w;2
Igorivna;1;w;2
Ilana;1;w;2
Ilona;1;w;2
Ilvy;1;w;2
Imisheva;1;w;2
Ina;1;w;2
Inaya;1;w;2
Inessa;1;w;2
Ineza;1;w;2
Ingrid;1;w;2
Ingrida;1;w;2
Insaf;1;w;2
Irene;1;w;2
Iris;1;w;2
Isabell;1;w;2
Isabelle;1;w;2
Ismailovna;1;w;2
Isolde;1;w;2
Ivanivna;1;w;2
Iwinosa;1;w;2
İnci;1;w;2
Jaan;1;w;2
Jae;1;w;2
Jakoba;1;w;2
Jana;1;w;2
Jasmin;1;w;2
Jay;1;w;2
Jean;1;w;2
Jeelani;1;w;2
Jiaxuan;1;w;2
Jiyan;1;w;2
Joan;1;w;2
Jobita;1;w;2
Johanne;1;w;2
Joke;1;w;2
Joleen;1;w;2
Jona;1;w;2
Josef;1;w;2
Josefin;1;w;2
Josette;1;w;2
José;1;w;2
Jouline;1;w;2
Juli;1;w;2
Julia;1;w;2
Juliane;1;w;2
Julie;1;w;2
Juna;1;w;2
Jutta;1;w;2
Kaia;1;w;2
Kaja;1;w;2
Kalea;1;w;2
Karla;1;w;2
Karlotta;1;w;2
Karola;1;w;2
Katarzyna;1;w;2
Kate;1;w;2
Katja;1;w;2
Katrin;1;w;2
Kee;1;w;2
Khanom;1;w;2
Khánh;1;w;2
Kiana;1;w;2
Kiara;1;w;2
Kiki;1;w;2
Kinga;1;w;2
Kishore;1;w;2
Kjell;1;w;2
Laetitia;1;w;2
Laily;1;w;2
Lana;1;w;2
Lea;1;w;2
Leana;1;w;2
Lee;1;w;2
Leila;1;w;2
Leonie;1;w;2
Leonora;1;w;2
Leonore;1;w;2
Leora;1;w;2
Lesley;1;w;2
Levia;1;w;2
Leyana;1;w;2
Leyla;1;w;2
Lia;1;w;2
Liana;1;w;2
Lilia;1;w;2
Liliana;1;w;2
Lilijana;1;w;2
Lillith;1;w;2
Lin;1;w;2
Linn;1;w;2
Lisa;1;w;2
Liva;1;w;2
Liz;1;w;2
Lore;1;w;2
Loreen;1;w;2
Loreena;1;w;2
Loretta;1;w;2
Lotte;1;w;2
Luana;1;w;2
Lubinka;1;w;2
Luca;1;w;2
Lucy;1;w;2
Lucía;1;w;2
Lusijana;1;w;2
Lý;1;w;2
Madeleine;1;w;2
Mae;1;w;2
Maeve;1;w;2
Magdalene;1;w;2
Mahtab;1;w;2
Mai;1;w;2
Mailin;1;w;2
Maite;1;w;2
Makayla;1;w;2
Maksymivna;1;w;2
Malia;1;w;2
Malin;1;w;2
Maliyah;1;w;2
Mara;1;w;2
Maree;1;w;2
Margareta;1;w;2
Margarete;1;w;2
Margret;1;w;2
Marguerite;1;w;2
Mariann;1;w;2
Marie-Theres;1;w;2
Mariko;1;w;2
Marin;1;w;2
Marina;1;w;2
Mariola;1;w;2
Marisa;1;w;2
Marita;1;w;2
Maritta;1;w;2
Mariña;1;w;2
Marla;1;w;2
Marlen;1;w;2
Maryam;1;w;2
Matilda;1;w;2
Maya;1;w;2
Mayssam;1;w;2
Medine;1;w;2
Melena;1;w;2
Melissa;1;w;2
Mennana;1;w;2
Meryem;1;w;2
Mezgin;1;w;2
Mieke;1;w;2
Mihra;1;w;2
Miki;1;w;2
Minél;1;w;2
Mirabel;1;w;2
Mirya;1;w;2
Mohamed;1;w;2
Mohammed;1;w;2
Molly;1;w;2
Mondji;1;w;2
Monique;1;w;2
Moïra;1;w;2
Myhailivna;1;w;2
Myrtle;1;w;2
Méora;1;w;2
Najia;1;w;2
Nakato;1;w;2
Nandi;1;w;2
Naomi;1;w;2
Nayema;1;w;2
Nazariivna;1;w;2
Nele-Marie;1;w;2
Nele;1;w;2
Nergis;1;w;2
Neyla;1;w;2
Nguyen;1;w;2
Nhyira;1;w;2
Nicole;1;w;2
Nielle;1;w;2
Nil;1;w;2
Nilam;1;w;2
Ninoë;1;w;2
Niuscha;1;w;2
Noemie;1;w;2
Nora;1;w;2
Nurten;1;w;2
Núr;1;w;2
Océane;1;w;2
Odelia;1;w;2
Olegovna;1;w;2
Osamah;1;w;2
Osarugue;1;w;2
Osarumwen;1;w;2
Osatohanmwen;1;w;2
Pailine;1;w;2
Panthea;1;w;2
Paola;1;w;2
Pauli;1;w;2
Penelope;1;w;2
Petra;1;w;2
Petrivna;1;w;2
Philomena;1;w;2
Phoebe;1;w;2
Phoenix;1;w;2
Qi;1;w;2
Raffaela;1;w;2
Rahille;1;w;2
Raisa;1;w;2
Rana;1;w;2
Rashid;1;w;2
Ravenna;1;w;2
Rebeca;1;w;2
Reem;1;w;2
Renate;1;w;2
Renée;1;w;2
Resa;1;w;2
Rey;1;w;2
Ria;1;w;2
Rieke;1;w;2
Robin;1;w;2
Romanivna;1;w;2
Rosie;1;w;2
Ruby;1;w;2
Ruzhdi;1;w;2
Saadet;1;w;2
Safiya;1;w;2
Salam;1;w;2
Sama;1;w;2
Sara;1;w;2
Scarlett;1;w;2
Sefkija;1;w;2
Sergeevna;1;w;2
Serhiivna;1;w;2
Shi;1;w;2
Shine;1;w;2
Shirin;1;w;2
Shéhérazade;1;w;2
Sigrid;1;w;2
Silvia;1;w;2
Simeonova;1;w;2
Simona;1;w;2
Soandro;1;w;2
Sofi;1;w;2
Sofija;1;w;2
Sol;1;w;2
Solia;1;w;2
Sona;1;w;2
Sonja;1;w;2
Stefania;1;w;2
Stella;1;w;2
Stephanie;1;w;2
Suela;1;w;2
Sulaymanova;1;w;2
Sunaina;1;w;2
Susanne;1;w;2
Suyada;1;w;2
Suza;1;w;2
Tabea;1;w;2
Tahnee;1;w;2
Talia;1;w;2
Tami;1;w;2
Tanja;1;w;2
Taraji;1;w;2
Telva;1;w;2
Thashea;1;w;2
Theodora;1;w;2
Theresa;1;w;2
Tilda;1;w;2
Tonia;1;w;2
Torvi;1;w;2
Treasure;1;w;2
Una;1;w;2
Vadymovna;1;w;2
Valeria;1;w;2
Valerie;1;w;2
Vasireddy;1;w;2
Venezia;1;w;2
Verena;1;w;2
Vivienne;1;w;2
Viyan;1;w;2
Vladyslavivna;1;w;2
Volodymyrivna;1;w;2
Vydel;1;w;2
Walid;1;w;2
Wanjiku;1;w;2
Wilma;1;w;2
Xareni;1;w;2
Xela;1;w;2
Yade;1;w;2
Yaren;1;w;2
Yasmina;1;w;2
Yehdam;1;w;2
Yevhenevna;1;w;2
Yifei;1;w;2
Ylenia;1;w;2
Ylvie;1;w;2
Ysabelle;1;w;2
Yulieva;1;w;2
Yvonne;1;w;2
Yüsra;1;w;2
Zahide;1;w;2
Zakarya;1;w;2
Zara;1;w;2
Zehra;1;w;2
Zita;1;w;2
Zofia;1;w;2
Ái-Vy;1;w;2
Úrsula;1;w;2
Abdalaziz;1;m;2
Abdul-Raheem;1;m;2
Abdullah;1;m;2
Achuo;1;m;2
Adnan;1;m;2
Adriano;1;m;2
Advaith;1;m;2
Agah;1;m;2
Aghmal;1;m;2
Agit;1;m;2
Ahmet;1;m;2
Ahsan;1;m;2
Aiko;1;m;2
Ainu;1;m;2
Aji;1;m;2
Akin;1;m;2
Akın;1;m;2
Al;1;m;2
Albrecht;1;m;2
Alessandro;1;m;2
Alessio;1;m;2
Alfons;1;m;2
Alfred;1;m;2
Aliou;1;m;2
Alistair;1;m;2
Aljoscha;1;m;2
Almazovič;1;m;2
Alois;1;m;2
Aloys;1;m;2
Alpay;1;m;2
Alvaro;1;m;2
Aly;1;m;2
Amari;1;m;2
Amed;1;m;2
Amin;1;m;2
Ammar;1;m;2
Andreeias;1;m;2
Andrei;1;m;2
Anselm;1;m;2
Antoine;1;m;2
Aodhán;1;m;2
Aras;1;m;2
Arian;1;m;2
Aric;1;m;2
Ariel;1;m;2
Arif;1;m;2
Ariyan;1;m;2
Arniel;1;m;2
Aron;1;m;2
Asenov;1;m;2
Athanasios;1;m;2
Attila;1;m;2
Augustin;1;m;2
Aurélian;1;m;2
Avi;1;m;2
Aviel;1;m;2
Awoumlac;1;m;2
Axel;1;m;2
Aydin;1;m;2
Ayel;1;m;2
Ayomide;1;m;2
Baker;1;m;2
Bakr;1;m;2
Balu;1;m;2
Barker;1;m;2
Bendix;1;m;2
Benito;1;m;2
Benne;1;m;2
Bera;1;m;2
Berthold;1;m;2
Bilal;1;m;2
Birk;1;m;2
Bjarne;1;m;2
Bogdan;1;m;2
Brian;1;m;2
Bright;1;m;2
Bryan;1;m;2
Bálint;1;m;2
Caleo;1;m;2
Camilo;1;m;2
Carlo;1;m;2
Carsten;1;m;2
Castiel;1;m;2
Chester;1;m;2
Chidi;1;m;2
Chisom;1;m;2
Christiaan;1;m;2
Christoph;1;m;2
Christos;1;m;2
Conner;1;m;2
Connor;1;m;2
Cosmo;1;m;2
Cristian;1;m;2
Cruz;1;m;2
Damian;1;m;2
Dani;1;m;2
Dante;1;m;2
Davide;1;m;2
Davin;1;m;2
Davud;1;m;2
Dawid;1;m;2
Dayo;1;m;2
Delta;1;m;2
Denis;1;m;2
Denver;1;m;2
Denysovych;1;m;2
Dereje;1;m;2
Desiderio;1;m;2
Desislavov;1;m;2
Deveny;1;m;2
Devin;1;m;2
Dietrich;1;m;2
Dilsher;1;m;2
Dinh;1;m;2
Djafar;1;m;2
Dlo;1;m;2
Dmitrievich;1;m;2
Domenik;1;m;2
Dominique;1;m;2
Don;1;m;2
Duc-An;1;m;2
Dylan;1;m;2
Eddy;1;m;2
Edgar;1;m;2
Edis;1;m;2
Edmon;1;m;2
Eduard;1;m;2
Eduardo;1;m;2
Efe;1;m;2
Ekrem;1;m;2
Eldien;1;m;2
Eliah;1;m;2
Elio;1;m;2
Elouan;1;m;2
Elyon;1;m;2
Emiljan;1;m;2
Emin;1;m;2
Emir;1;m;2
Emrich;1;m;2
Endrias;1;m;2
Eneas;1;m;2
Engelbert;1;m;2
Enrico;1;m;2
Eric;1;m;2
Ericson;1;m;2
Eritheo;1;m;2
Erwin;1;m;2
Eugen;1;m;2
Eyvor;1;m;2
Fabian;1;m;2
Fatih;1;m;2
Fenrir;1;m;2
Feras;1;m;2
Ferit;1;m;2
Fiete;1;m;2
Filip;1;m;2
Fjodor;1;m;2
Florian;1;m;2
Flynn;1;m;2
Folkert;1;m;2
Frank;1;m;2
Franklin;1;m;2
Frederick;1;m;2
Frei;1;m;2
Fynn;1;m;2
Gerhard;1;m;2
Gero;1;m;2
Gerri;1;m;2
Ghazi;1;m;2
Gia;1;m;2
Gianluigi;1;m;2
Gianni;1;m;2
Gideon;1;m;2
Giuliano;1;m;2
Gregor-Wolfgang;1;m;2
Gregor;1;m;2
Günter;1;m;2
Hagen;1;m;2
Halil;1;m;2
Halit;1;m;2
Hamed;1;m;2
Han;1;m;2
Hanan;1;m;2
Hannibal;1;m;2
Haorui;1;m;2
Hasan;1;m;2
Hauke;1;m;2
Hawe;1;m;2
Haydara;1;m;2
Hechmi;1;m;2
Hector;1;m;2
Hektor;1;m;2
Hendrik;1;m;2
Henning;1;m;2
Herbert;1;m;2
Hewad;1;m;2
Hieu;1;m;2
Horacio;1;m;2
Horst;1;m;2
Hubert;1;m;2
Hugo;1;m;2
Hussein;1;m;2
Ianis;1;m;2
Ibrahim-Azim;1;m;2
Ibrahim;1;m;2
Igor;1;m;2
Igorovich;1;m;2
Ihabovych;1;m;2
Ihorvich;1;m;2
Ilyan;1;m;2
Imanuel;1;m;2
Imishov;1;m;2
Ionuț;1;m;2
Irfan;1;m;2
Irshal;1;m;2
Isaak;1;m;2
Ismael;1;m;2
Ivelinov;1;m;2
Jacob;1;m;2
Jaemin;1;m;2
Jamiro;1;m;2
Janis;1;m;2
Jano;1;m;2
Janosch;1;m;2
Jaro;1;m;2
Jason;1;m;2
Jay;1;m;2
Jayden;1;m;2
Jemil;1;m;2
Jens;1;m;2
Jevgenij;1;m;2
Jonah;1;m;2
Jori;1;m;2
Josia;1;m;2
Josué;1;m;2
José;1;m;2
Juan;1;m;2
Julien;1;m;2
Julio;1;m;2
Juma;1;m;2
Junis;1;m;2
Juri;1;m;2
Jurik;1;m;2
Juvenal;1;m;2
Juzef;1;m;2
Kadir;1;m;2
Kaijanante;1;m;2
Kalle;1;m;2
Karim;1;m;2
Kasimir;1;m;2
Kasper;1;m;2
Kean;1;m;2
Kenzo;1;m;2
Kerim;1;m;2
Kevin;1;m;2
Kgotso;1;m;2
Khalid;1;m;2
Khawar;1;m;2
Kian;1;m;2
Killian;1;m;2
Kirabo;1;m;2
Kiran;1;m;2
Kirillovič;1;m;2
Kito;1;m;2
Knut;1;m;2
Koa;1;m;2
Konstatin;1;m;2
Koray;1;m;2
Kosmas;1;m;2
Krishna;1;m;2
Kusuma;1;m;2
Kutay;1;m;2
Kémi;1;m;2
Lasse;1;m;2
Latif;1;m;2
Laurent;1;m;2
Le;1;m;2
Lean;1;m;2
Leith;1;m;2
Lennard;1;m;2
Lennox;1;m;2
Leonardo;1;m;2
Leonas;1;m;2
Leonti;1;m;2
Leonárd;1;m;2
Levin;1;m;2
Lewis;1;m;2
Leïto;1;m;2
Linus;1;m;2
Lio;1;m;2
Loan;1;m;2
Lou;1;m;2
Loucas;1;m;2
Lounes;1;m;2
Lovis;1;m;2
Lucien;1;m;2
Lucius;1;m;2
Luigi;1;m;2
Lukas;1;m;2
Lutz;1;m;2
Maddox;1;m;2
Mads;1;m;2
Mahmoud;1;m;2
Majid;1;m;2
Maksymovych;1;m;2
Malik;1;m;2
Malin;1;m;2
Mamed;1;m;2
Manu;1;m;2
Marcel;1;m;2
Marcus;1;m;2
Marino;1;m;2
Marius;1;m;2
Mariusz;1;m;2
Marlo;1;m;2
Marlon;1;m;2
Maru;1;m;2
Massimiliano;1;m;2
Mathias;1;m;2
Matiu;1;m;2
Mats;1;m;2
Matthieu;1;m;2
Mattis;1;m;2
Matéo;1;m;2
Maël;1;m;2
Mehmed;1;m;2
Men;1;m;2
Merin;1;m;2
Mesut;1;m;2
Michiel;1;m;2
Mihai;1;m;2
Mikail;1;m;2
Milano;1;m;2
Milian;1;m;2
Miro;1;m;2
Mohammad;1;m;2
Mohammed;1;m;2
Mohan;1;m;2
Morice;1;m;2
Moritz;1;m;2
Moses;1;m;2
Mouayad;1;m;2
Muhammed;1;m;2
Munachimso;1;m;2
Munir;1;m;2
Musa;1;m;2
Muslimovič;1;m;2
Mustafa;1;m;2
Mykhailovych;1;m;2
Nabil;1;m;2
Nael;1;m;2
Nali;1;m;2
Nasr;1;m;2
Natan;1;m;2
Nathan;1;m;2
Nathanael;1;m;2
Navid;1;m;2
Nebi;1;m;2
Necati;1;m;2
Nehemiah;1;m;2
Nelson;1;m;2
Neo;1;m;2
Nevis;1;m;2
Newell;1;m;2
Ngamou;1;m;2
Ngozi;1;m;2
Nicholas;1;m;2
Nick;1;m;2
Nicolae;1;m;2
Nicolas;1;m;2
Nicolás;1;m;2
Nihat;1;m;2
Nikolaev;1;m;2
Nikolaus;1;m;2
Norbert;1;m;2
Nuri;1;m;2
Nuvan;1;m;2
Odafin;1;m;2
Odin;1;m;2
Oleksandrovych;1;m;2
Olney;1;m;2
Omar;1;m;2
Osaretin;1;m;2
Osman;1;m;2
Otto;1;m;2
Owen;1;m;2
Pablo;1;m;2
Paolo;1;m;2
Parvis;1;m;2
Pavlovich;1;m;2
Pelle;1;m;2
Peniel;1;m;2
Petros;1;m;2
Petrovych;1;m;2
Philip;1;m;2
Piet;1;m;2
Piotr;1;m;2
Poyraz;1;m;2
Prasanth;1;m;2
Qamer;1;m;2
Quinn;1;m;2
Rabar;1;m;2
Rafael;1;m;2
Rahman;1;m;2
Rashid;1;m;2
Redzhepov;1;m;2
Reiner;1;m;2
Reinhard;1;m;2
Remus;1;m;2
Rey;1;m;2
Ricardo;1;m;2
Rino;1;m;2
Robert;1;m;2
Roberto;1;m;2
Romeo;1;m;2
Ruben;1;m;2
Rudi;1;m;2
Rufus;1;m;2
Rui;1;m;2
Ryszard;1;m;2
Rüdiger;1;m;2
Saddam;1;m;2
Sadik;1;m;2
Sadri;1;m;2
Salam;1;m;2
Saleh;1;m;2
Samba;1;m;2
Sami;1;m;2
Samir;1;m;2
Sanji;1;m;2
Schabi;1;m;2
Schemuël;1;m;2
Sebastien;1;m;2
Sedaf;1;m;2
Serhiiovych;1;m;2
Shalev;1;m;2
Siggi;1;m;2
Sile;1;m;2
Silvester;1;m;2
Silvestru;1;m;2
Sin;1;m;2
Sloan;1;m;2
Solly;1;m;2
Sora;1;m;2
Sosa;1;m;2
Spiro;1;m;2
Stavros;1;m;2
Svean;1;m;2
Sylas;1;m;2
Taha;1;m;2
Takura;1;m;2
Talha;1;m;2
Tay;1;m;2
Tayari;1;m;2
Thiago;1;m;2
Thijs;1;m;2
Thomás;1;m;2
Thorkild;1;m;2
Thorsten;1;m;2
Tiberius;1;m;2
Till;1;m;2
Timeo;1;m;2
Timo;1;m;2
Tobias;1;m;2
Toha;1;m;2
Tolgan;1;m;2
Tomke;1;m;2
Tony;1;m;2
Tuffour;1;m;2
Tyler;1;m;2
Tyson;1;m;2
Udoka;1;m;2
Vasilios;1;m;2
Viktor;1;m;2
Vince;1;m;2
Vincenzo;1;m;2
Vinh;1;m;2
Vinzent;1;m;2
Vitali;1;m;2
Vuk;1;m;2
Wafa;1;m;2
Walther;1;m;2
Waly;1;m;2
Wassilen;1;m;2
Weye;1;m;2
Wilfried;1;m;2
William;1;m;2
Willibald;1;m;2
Wladimir;1;m;2
Wolf;1;m;2
Wolfgang;1;m;2
Wotan;1;m;2
Xun;1;m;2
Yacob;1;m;2
Yaid;1;m;2
Yakup;1;m;2
Yann;1;m;2
Yasin;1;m;2
Yeboua;1;m;2
Yemelyan;1;m;2
Yoda;1;m;2
York;1;m;2
Younes;1;m;2
Yuri;1;m;2
Zacharias;1;m;2
Zalal;1;m;2
Zaïn;1;m;2
Zhenrui;1;m;2
Zhiyan;1;m;2
Zifeng;1;m;2
Zika;1;m;2
Zissis;1;m;2
Éden;1;m;2
Đang;1;m;2
Šerozovič;1;m;2
Abygail;1;w;3
Adera;1;w;3
Ahmed;1;w;3
Alegria;1;w;3
Aleyna;1;w;3
Ali;1;w;3
Alison;1;w;3
Ama;1;w;3
Amara;1;w;3
An;1;w;3
Anna;1;w;3
Anne;1;w;3
Annelie;1;w;3
Anneliese;1;w;3
Annette;1;w;3
Anni;1;w;3
Aria;1;w;3
Augustine;1;w;3
Ayumi;1;w;3
Barbara;1;w;3
Bessie;1;w;3
Bisong;1;w;3
Carolin;1;w;3
Catherine;1;w;3
Charlotte;1;w;3
Christa;1;w;3
Christiane;1;w;3
Coco;1;w;3
Dayanara;1;w;3
Dua;1;w;3
Dujali;1;w;3
Eddin;1;w;3
Edith;1;w;3
Elenor;1;w;3
Elisa;1;w;3
Elise;1;w;3
Elke;1;w;3
Ella;1;w;3
Else;1;w;3
Elvira;1;w;3
Emanuel;1;w;3
Eva;1;w;3
Federika;1;w;3
Felicia;1;w;3
Felicitas;1;w;3
Fey;1;w;3
Florentine;1;w;3
Freya;1;w;3
Gabrielle;1;w;3
Hamed;1;w;3
Hannah;1;w;3
Hannelore;1;w;3
Hashim;1;w;3
Hedwig;1;w;3
Helma;1;w;3
Hidalgo;1;w;3
Hilde;1;w;3
Hildegard;1;w;3
Hélène;1;w;3
Ibrahim;1;w;3
Ineza;1;w;3
Irmgard;1;w;3
Isabel;1;w;3
Isabelle;1;w;3
Joanna;1;w;3
Johanna;1;w;3
Josefine;1;w;3
Josephine;1;w;3
Jospehine;1;w;3
Joy;1;w;3
Jozefin;1;w;3
Kaisa;1;w;3
Kaélya;1;w;3
Khalid;1;w;3
Khudeeda;1;w;3
Lia;1;w;3
Lisa;1;w;3
Liv;1;w;3
Luana;1;w;3
Luzia;1;w;3
Madita;1;w;3
Maiu;1;w;3
Malika;1;w;3
Margarethe;1;w;3
Mechtild;1;w;3
Meta;1;w;3
Mia;1;w;3
Mohamed;1;w;3
Mohammed;1;w;3
Monika;1;w;3
Naemi;1;w;3
Nu;1;w;3
Nyakoa;1;w;3
Paulina;1;w;3
Philippa;1;w;3
Philomena;1;w;3
Rakete;1;w;3
Ramrati;1;w;3
Rasho;1;w;3
Romana;1;w;3
Rose;1;w;3
Salamat;1;w;3
Saleh;1;w;3
Salem;1;w;3
Sara;1;w;3
Shu-Qi;1;w;3
Sophia;1;w;3
Susanne;1;w;3
Therese;1;w;3
Theresia;1;w;3
Thomina;1;w;3
Una;1;w;3
Valentina;1;w;3
Veloso;1;w;3
Vân;1;w;3
Yael;1;w;3
Yusra;1;w;3
Zayna;1;w;3
Zuri;1;w;3
Adem;1;m;3
Alain;1;m;3
Alex;1;m;3
Alexander;1;m;3
Andreas;1;m;3
Armin;1;m;3
August;1;m;3
Aurelian;1;m;3
Avesta;1;m;3
Awdu;1;m;3
Bautista;1;m;3
Ben;1;m;3
Benjamin;1;m;3
Bodo;1;m;3
Brou;1;m;3
Carlo;1;m;3
Chanasit;1;m;3
Christian;1;m;3
Christophorus;1;m;3
Constantin;1;m;3
Culeca;1;m;3
Dennis;1;m;3
Diego;1;m;3
Donatus;1;m;3
Edward;1;m;3
Elliott;1;m;3
Enael;1;m;3
Ernst;1;m;3
Eugene;1;m;3
Fabian;1;m;3
Farzin;1;m;3
Fawzi;1;m;3
Ferdinand;1;m;3
Fiodor;1;m;3
Georg;1;m;3
Gonzales;1;m;3
Hadi;1;m;3
Haider;1;m;3
Harry;1;m;3
Hendrik;1;m;3
Herbert;1;m;3
Hussein;1;m;3
Hüseyin;1;m;3
Ibarra;1;m;3
Ijoma;1;m;3
Jaro;1;m;3
Johann;1;m;3
Jonathan;1;m;3
Josef;1;m;3
Julian;1;m;3
Kaourantin;1;m;3
Kareem;1;m;3
Kasimir;1;m;3
Khoa;1;m;3
Laurenz;1;m;3
Li;1;m;3
Lissy;1;m;3
Ludwig;1;m;3
Luke;1;m;3
Malik;1;m;3
Manuel;1;m;3
Marian;1;m;3
Marinus;1;m;3
Marquéz;1;m;3
Martin;1;m;3
Merlin;1;m;3
Michael;1;m;3
Miki;1;m;3
Mohammed;1;m;3
Moritz;1;m;3
Morten;1;m;3
Nikolaus;1;m;3
Olamuyiwa;1;m;3
Oskar;1;m;3
Otto;1;m;3
Oukpann;1;m;3
Peter;1;m;3
Philipp;1;m;3
Phoenix;1;m;3
Pietro;1;m;3
Quinn;1;m;3
Ragnar;1;m;3
Ronaldinho;1;m;3
Rudolf;1;m;3
Ruppert;1;m;3
Rüdiger;1;m;3
Sabri;1;m;3
Salomon;1;m;3
Sebastian;1;m;3
Shah;1;m;3
Talha;1;m;3
Theodor;1;m;3
Thomas;1;m;3
Tido;1;m;3
Tom;1;m;3
Toni;1;m;3
Udo;1;m;3
Ulrich;1;m;3
Uy;1;m;3
Valentino;1;m;3
Vanio;1;m;3
Vidar;1;m;3
Werner;1;m;3
Wilhelm;1;m;3
Yacob;1;m;3
Yali;1;m;3
Ömer;1;m;3
Abdulhak;1;w;4
Anne;1;w;4
Barbara;1;w;4
Eva;1;w;4
Frédériqué;1;w;4
Hamad;1;w;4
Hussien;1;w;4
Marie;1;w;4
Mauritia;1;w;4
Nshakira;1;w;4
Padriga;1;w;4
Saa;1;w;4
Ursula;1;w;4
Marcus;1;m;4
Norden;1;m;4
Willi;1;m;4
Khalefa;1;w;5
Maria;1;w;5
Mathilde;1;w;5
Thaddäa;1;w;5
Edward;1;m;5
Johannes;1;m;5
Thaddäus;1;m;5
